技能名,属性,分类,耗能,威力,技能描述,可学习精灵,技能图标,技能图标文件,属性图标,分类图标,技能组,Wiki地址
冰锋横扫,冰,魔攻,,,,,https://patchwiki.biligame.com/images/rocom/0/07/hyokjxgrcxum1ud8wash9n7uf8t0dgn.png,冰锋横扫.png,https://patchwiki.biligame.com/images/rocom/9/9b/oxnxxud1xhopw87c7mnawxijz8r1hns.png,,0,https://wiki.biligame.com/rocom/%E5%86%B0%E9%94%8B%E6%A8%AA%E6%89%AB
抓挠,普通,物攻,,,,,https://patchwiki.biligame.com/images/rocom/5/57/ee1ljglkso5orzsmhfzi9nh7hvz9icj.png,抓挠.png,https://patchwiki.biligame.com/images/rocom/6/69/nc77midbqeafn7i2snh5a5h16ctdi0o.png,,0,https://wiki.biligame.com/rocom/%E6%8A%93%E6%8C%A0
猛烈撞击,普通,物攻,,,,,https://patchwiki.biligame.com/images/rocom/e/eb/cfuyfb8bey4c7scjjg2v9amspxmdldo.png,猛烈撞击.png,https://patchwiki.biligame.com/images/rocom/6/69/nc77midbqeafn7i2snh5a5h16ctdi0o.png,,0,https://wiki.biligame.com/rocom/%E7%8C%9B%E7%83%88%E6%92%9E%E5%87%BB
飞踢,普通,物攻,,,,,https://patchwiki.biligame.com/images/rocom/5/5d/amf77hu8ppilm1gfdurryehb1iycik8.png,飞踢.png,https://patchwiki.biligame.com/images/rocom/6/69/nc77midbqeafn7i2snh5a5h16ctdi0o.png,,0,https://wiki.biligame.com/rocom/%E9%A3%9E%E8%B8%A2
扫尾,普通,物攻,,,,,https://patchwiki.biligame.com/images/rocom/3/38/h35exllecoex0p1mbyhmm9sjzfu0pe2.png,扫尾.png,https://patchwiki.biligame.com/images/rocom/6/69/nc77midbqeafn7i2snh5a5h16ctdi0o.png,,0,https://wiki.biligame.com/rocom/%E6%89%AB%E5%B0%BE
迫近攻击,普通,物攻,,,,,https://patchwiki.biligame.com/images/rocom/1/15/4u4vbx396wbck131jmaxj6vz70mekbz.png,迫近攻击.png,https://patchwiki.biligame.com/images/rocom/6/69/nc77midbqeafn7i2snh5a5h16ctdi0o.png,,0,https://wiki.biligame.com/rocom/%E8%BF%AB%E8%BF%91%E6%94%BB%E5%87%BB
音爆,普通,魔攻,,,,,https://patchwiki.biligame.com/images/rocom/6/62/6f7sfp0fh4ogqon6s5uk3plpktu3xcp.png,音爆.png,https://patchwiki.biligame.com/images/rocom/6/69/nc77midbqeafn7i2snh5a5h16ctdi0o.png,,0,https://wiki.biligame.com/rocom/%E9%9F%B3%E7%88%86
冲撞,普通,物攻,,,,,https://patchwiki.biligame.com/images/rocom/9/97/etq57g5gxlr8vh09f1oqjmmje66if5l.png,冲撞.png,https://patchwiki.biligame.com/images/rocom/6/69/nc77midbqeafn7i2snh5a5h16ctdi0o.png,,0,https://wiki.biligame.com/rocom/%E5%86%B2%E6%92%9E
见招拆招,普通,物攻,,,,,https://patchwiki.biligame.com/images/rocom/b/b3/iuyyreltlni06z2xyqycf0x4ggyy2dg.png,见招拆招.png,https://patchwiki.biligame.com/images/rocom/6/69/nc77midbqeafn7i2snh5a5h16ctdi0o.png,,0,https://wiki.biligame.com/rocom/%E8%A7%81%E6%8B%9B%E6%8B%86%E6%8B%9B
触底强击,普通,魔攻,,,,,https://patchwiki.biligame.com/images/rocom/6/65/026dvu7wzvwtppsn7tgez381pr9oc8a.png,触底强击.png,https://patchwiki.biligame.com/images/rocom/6/69/nc77midbqeafn7i2snh5a5h16ctdi0o.png,,0,https://wiki.biligame.com/rocom/%E8%A7%A6%E5%BA%95%E5%BC%BA%E5%87%BB
突袭,普通,魔攻,,,,,https://patchwiki.biligame.com/images/rocom/2/27/7f3o4janbtae1vbvr7aaigrkobbi56j.png,突袭.png,https://patchwiki.biligame.com/images/rocom/6/69/nc77midbqeafn7i2snh5a5h16ctdi0o.png,,0,https://wiki.biligame.com/rocom/%E7%AA%81%E8%A2%AD
连续爪击,普通,物攻,,,,,https://patchwiki.biligame.com/images/rocom/4/42/hludk3r4u00mjji4fvr25cwxq1wih8u.png,连续爪击.png,https://patchwiki.biligame.com/images/rocom/6/69/nc77midbqeafn7i2snh5a5h16ctdi0o.png,,0,https://wiki.biligame.com/rocom/%E8%BF%9E%E7%BB%AD%E7%88%AA%E5%87%BB
追打,普通,魔攻,,,,,https://patchwiki.biligame.com/images/rocom/c/c7/8hqd7xet1773chdmt1z9ebu85ym8zao.png,追打.png,https://patchwiki.biligame.com/images/rocom/6/69/nc77midbqeafn7i2snh5a5h16ctdi0o.png,,0,https://wiki.biligame.com/rocom/%E8%BF%BD%E6%89%93
旋转突击,普通,物攻,,,,,https://patchwiki.biligame.com/images/rocom/7/78/rvptw2pcdrwebq0hs3dslj1474iys8h.png,旋转突击.png,https://patchwiki.biligame.com/images/rocom/6/69/nc77midbqeafn7i2snh5a5h16ctdi0o.png,,0,https://wiki.biligame.com/rocom/%E6%97%8B%E8%BD%AC%E7%AA%81%E5%87%BB
偷袭,普通,物攻,,,,,https://patchwiki.biligame.com/images/rocom/3/31/rvptw2pcdrwebq0hs3dslj1474iys8h.png,偷袭.png,https://patchwiki.biligame.com/images/rocom/6/69/nc77midbqeafn7i2snh5a5h16ctdi0o.png,,0,https://wiki.biligame.com/rocom/%E5%81%B7%E8%A2%AD
乱打,普通,魔攻,,,,,https://patchwiki.biligame.com/images/rocom/6/67/7de7a80ftpuo55uhjmp2608kjcwr4ad.png,乱打.png,https://patchwiki.biligame.com/images/rocom/6/69/nc77midbqeafn7i2snh5a5h16ctdi0o.png,,0,https://wiki.biligame.com/rocom/%E4%B9%B1%E6%89%93
乘胜追击,普通,物攻,,,,,https://patchwiki.biligame.com/images/rocom/9/94/3fn8mi7s1ue8y2u09rlp87y72amdicv.png,乘胜追击.png,https://patchwiki.biligame.com/images/rocom/6/69/nc77midbqeafn7i2snh5a5h16ctdi0o.png,,0,https://wiki.biligame.com/rocom/%E4%B9%98%E8%83%9C%E8%BF%BD%E5%87%BB
阻断,普通,魔攻,,,,,https://patchwiki.biligame.com/images/rocom/5/52/sttubxwost2fg8wo5tfg9b9jr49hdpn.png,阻断.png,https://patchwiki.biligame.com/images/rocom/6/69/nc77midbqeafn7i2snh5a5h16ctdi0o.png,,0,https://wiki.biligame.com/rocom/%E9%98%BB%E6%96%AD
穿膛,普通,物攻,,,,,https://patchwiki.biligame.com/images/rocom/3/3b/osv75asggjobutbce6e8qmci3dhssb9.png,穿膛.png,https://patchwiki.biligame.com/images/rocom/6/69/nc77midbqeafn7i2snh5a5h16ctdi0o.png,,0,https://wiki.biligame.com/rocom/%E7%A9%BF%E8%86%9B
重击,普通,物攻,,,,,https://patchwiki.biligame.com/images/rocom/2/2d/r48g0te73oht8fy7wo5tdj1p12lnfqc.png,重击.png,https://patchwiki.biligame.com/images/rocom/6/69/nc77midbqeafn7i2snh5a5h16ctdi0o.png,,0,https://wiki.biligame.com/rocom/%E9%87%8D%E5%87%BB
魔能爆,普通,魔攻,,,,,https://patchwiki.biligame.com/images/rocom/a/a9/1a672982nbhah9xcxla6um13j4g1kgz.png,魔能爆.png,https://patchwiki.biligame.com/images/rocom/6/69/nc77midbqeafn7i2snh5a5h16ctdi0o.png,,0,https://wiki.biligame.com/rocom/%E9%AD%94%E8%83%BD%E7%88%86
垂死反击,普通,物攻,,,,,https://patchwiki.biligame.com/images/rocom/b/bf/7188q718rdxjwqtjcnj4ytsnecqa7ue.png,垂死反击.png,https://patchwiki.biligame.com/images/rocom/6/69/nc77midbqeafn7i2snh5a5h16ctdi0o.png,,0,https://wiki.biligame.com/rocom/%E5%9E%82%E6%AD%BB%E5%8F%8D%E5%87%BB
能量刃,普通,物攻,,,,,https://patchwiki.biligame.com/images/rocom/f/f7/4tu3v2mwcca743aserrwwsfu2ry2rde.png,能量刃.png,https://patchwiki.biligame.com/images/rocom/6/69/nc77midbqeafn7i2snh5a5h16ctdi0o.png,,0,https://wiki.biligame.com/rocom/%E8%83%BD%E9%87%8F%E5%88%83
气势一击,普通,物攻,,,,,https://patchwiki.biligame.com/images/rocom/d/d9/trxlait2icvwlii9lm1x3bf4wh0h7ms.png,气势一击.png,https://patchwiki.biligame.com/images/rocom/6/69/nc77midbqeafn7i2snh5a5h16ctdi0o.png,,0,https://wiki.biligame.com/rocom/%E6%B0%94%E5%8A%BF%E4%B8%80%E5%87%BB
吞噬,普通,物攻,,,,,https://patchwiki.biligame.com/images/rocom/b/b3/majigkf8rvwhsdljsy5tli2t1p2msgl.png,吞噬.png,https://patchwiki.biligame.com/images/rocom/6/69/nc77midbqeafn7i2snh5a5h16ctdi0o.png,,0,https://wiki.biligame.com/rocom/%E5%90%9E%E5%99%AC
蓄能轰击,普通,魔攻,,,,,https://patchwiki.biligame.com/images/rocom/b/be/llrw5jn7h1beckkbk96stxbtlsq2bba.png,蓄能轰击.png,https://patchwiki.biligame.com/images/rocom/6/69/nc77midbqeafn7i2snh5a5h16ctdi0o.png,,0,https://wiki.biligame.com/rocom/%E8%93%84%E8%83%BD%E8%BD%B0%E5%87%BB
力量增效,普通,状态,,,,,https://patchwiki.biligame.com/images/rocom/0/03/kqkpuxytz7mjs3n3o6zn8pklqd0stll.png,力量增效.png,https://patchwiki.biligame.com/images/rocom/6/69/nc77midbqeafn7i2snh5a5h16ctdi0o.png,,0,https://wiki.biligame.com/rocom/%E5%8A%9B%E9%87%8F%E5%A2%9E%E6%95%88
魔法增效,普通,状态,,,,,https://patchwiki.biligame.com/images/rocom/9/91/ccs5zv2xagec1cs05nqh09in7524vco.png,魔法增效.png,https://patchwiki.biligame.com/images/rocom/6/69/nc77midbqeafn7i2snh5a5h16ctdi0o.png,,0,https://wiki.biligame.com/rocom/%E9%AD%94%E6%B3%95%E5%A2%9E%E6%95%88
休息回复,普通,状态,,,,,https://patchwiki.biligame.com/images/rocom/c/c1/jano9wuttu2xsegfr835gmxxtxh54us.png,休息回复.png,https://patchwiki.biligame.com/images/rocom/6/69/nc77midbqeafn7i2snh5a5h16ctdi0o.png,,0,https://wiki.biligame.com/rocom/%E4%BC%91%E6%81%AF%E5%9B%9E%E5%A4%8D
聒噪,普通,状态,,,,,https://patchwiki.biligame.com/images/rocom/5/57/gstfh6wxby4ed5ggyvtveecbzszgmga.png,聒噪.png,https://patchwiki.biligame.com/images/rocom/6/69/nc77midbqeafn7i2snh5a5h16ctdi0o.png,,0,https://wiki.biligame.com/rocom/%E8%81%92%E5%99%AA
激怒,普通,状态,,,,,https://patchwiki.biligame.com/images/rocom/3/30/pp49lmegm9cmvv79oz7lvaw0h9r6q3m.png,激怒.png,https://patchwiki.biligame.com/images/rocom/6/69/nc77midbqeafn7i2snh5a5h16ctdi0o.png,,0,https://wiki.biligame.com/rocom/%E6%BF%80%E6%80%92
咆哮,普通,状态,,,,,https://patchwiki.biligame.com/images/rocom/c/c7/t1ly3hwtrko455661zykdxk08sn32kp.png,咆哮.png,https://patchwiki.biligame.com/images/rocom/6/69/nc77midbqeafn7i2snh5a5h16ctdi0o.png,,0,https://wiki.biligame.com/rocom/%E5%92%86%E5%93%AE
锐利眼神,普通,状态,,,,,https://patchwiki.biligame.com/images/rocom/4/4f/5oz1cqwgseng60hqqtrf95lno0abhgz.png,锐利眼神.png,https://patchwiki.biligame.com/images/rocom/6/69/nc77midbqeafn7i2snh5a5h16ctdi0o.png,,0,https://wiki.biligame.com/rocom/%E9%94%90%E5%88%A9%E7%9C%BC%E7%A5%9E
快速移动,普通,状态,,,,,https://patchwiki.biligame.com/images/rocom/e/e6/pvc3oiw47yx4rl5skzm8ag7knivbm5w.png,快速移动.png,https://patchwiki.biligame.com/images/rocom/6/69/nc77midbqeafn7i2snh5a5h16ctdi0o.png,,0,https://wiki.biligame.com/rocom/%E5%BF%AB%E9%80%9F%E7%A7%BB%E5%8A%A8
伺机而动,普通,状态,,,,,https://patchwiki.biligame.com/images/rocom/c/ce/o8pu85s36u0d8o1gofsjqoxdxsgvhoh.png,伺机而动.png,https://patchwiki.biligame.com/images/rocom/6/69/nc77midbqeafn7i2snh5a5h16ctdi0o.png,,0,https://wiki.biligame.com/rocom/%E4%BC%BA%E6%9C%BA%E8%80%8C%E5%8A%A8
主场优势,普通,状态,,,,,https://patchwiki.biligame.com/images/rocom/5/5e/5uaxsr42trhms21n5gptkhbdgntso52.png,主场优势.png,https://patchwiki.biligame.com/images/rocom/6/69/nc77midbqeafn7i2snh5a5h16ctdi0o.png,,0,https://wiki.biligame.com/rocom/%E4%B8%BB%E5%9C%BA%E4%BC%98%E5%8A%BF
操控,普通,状态,,,,,https://patchwiki.biligame.com/images/rocom/7/79/mjs772jnvrv9hn1b65lknl2tyzzma35.png,操控.png,https://patchwiki.biligame.com/images/rocom/6/69/nc77midbqeafn7i2snh5a5h16ctdi0o.png,,0,https://wiki.biligame.com/rocom/%E6%93%8D%E6%8E%A7
应激反应,普通,状态,,,,,https://patchwiki.biligame.com/images/rocom/f/fc/9p3lluctc0oqi335qby11vhzqdo3zki.png,应激反应.png,https://patchwiki.biligame.com/images/rocom/6/69/nc77midbqeafn7i2snh5a5h16ctdi0o.png,,0,https://wiki.biligame.com/rocom/%E5%BA%94%E6%BF%80%E5%8F%8D%E5%BA%94
棘刺,普通,状态,,,,,https://patchwiki.biligame.com/images/rocom/f/fb/bklgf0tt9kxbm7hhif3m2d43at3cbes.png,棘刺.png,https://patchwiki.biligame.com/images/rocom/6/69/nc77midbqeafn7i2snh5a5h16ctdi0o.png,,0,https://wiki.biligame.com/rocom/%E6%A3%98%E5%88%BA
精神扰乱,普通,状态,,,,,https://patchwiki.biligame.com/images/rocom/9/9c/9sp9n7fjbbkqprmhvny5tyfoia8uwto.png,精神扰乱.png,https://patchwiki.biligame.com/images/rocom/6/69/nc77midbqeafn7i2snh5a5h16ctdi0o.png,,0,https://wiki.biligame.com/rocom/%E7%B2%BE%E7%A5%9E%E6%89%B0%E4%B9%B1
退化,普通,状态,,,,,https://patchwiki.biligame.com/images/rocom/f/fb/aqzrftu1f03zi8yqtcjb1m6qo4h9lpv.png,退化.png,https://patchwiki.biligame.com/images/rocom/6/69/nc77midbqeafn7i2snh5a5h16ctdi0o.png,,0,https://wiki.biligame.com/rocom/%E9%80%80%E5%8C%96
防御,普通,防御,,,,,https://patchwiki.biligame.com/images/rocom/4/40/d5m527azmrkdmrdvfnayi157ossqe5a.png,防御.png,https://patchwiki.biligame.com/images/rocom/6/69/nc77midbqeafn7i2snh5a5h16ctdi0o.png,,0,https://wiki.biligame.com/rocom/%E9%98%B2%E5%BE%A1
防反,普通,防御,,,,,https://patchwiki.biligame.com/images/rocom/e/e0/c606sqa07y5tujdp1eumt76561qggo8.png,防反.png,https://patchwiki.biligame.com/images/rocom/6/69/nc77midbqeafn7i2snh5a5h16ctdi0o.png,,0,https://wiki.biligame.com/rocom/%E9%98%B2%E5%8F%8D
血气,普通,防御,,,,,https://patchwiki.biligame.com/images/rocom/e/e4/hr61yqhepb8fb3eqm6rdr12grfgwuh0.png,血气.png,https://patchwiki.biligame.com/images/rocom/6/69/nc77midbqeafn7i2snh5a5h16ctdi0o.png,,0,https://wiki.biligame.com/rocom/%E8%A1%80%E6%B0%94
无畏之心,普通,防御,,,,,https://patchwiki.biligame.com/images/rocom/6/67/mtsvwcsxgn96a0q51hp7mujdngp3jz2.png,无畏之心.png,https://patchwiki.biligame.com/images/rocom/6/69/nc77midbqeafn7i2snh5a5h16ctdi0o.png,,0,https://wiki.biligame.com/rocom/%E6%97%A0%E7%95%8F%E4%B9%8B%E5%BF%83
借用,普通,状态,,,,,https://patchwiki.biligame.com/images/rocom/0/0e/nh7e53mds21njmjq0qrf8mskxobmuhu.png,借用.png,https://patchwiki.biligame.com/images/rocom/6/69/nc77midbqeafn7i2snh5a5h16ctdi0o.png,,0,https://wiki.biligame.com/rocom/%E5%80%9F%E7%94%A8
取念,普通,状态,,,,,https://patchwiki.biligame.com/images/rocom/3/31/ag032vsj7ieb4jbt3sx3w9adisv97a0.png,取念.png,https://patchwiki.biligame.com/images/rocom/6/69/nc77midbqeafn7i2snh5a5h16ctdi0o.png,,0,https://wiki.biligame.com/rocom/%E5%8F%96%E5%BF%B5
复写,普通,状态,,,,,https://patchwiki.biligame.com/images/rocom/e/e0/g0nnz4o2vym9p1xc6p7l7crr6o4je0j.png,复写.png,https://patchwiki.biligame.com/images/rocom/6/69/nc77midbqeafn7i2snh5a5h16ctdi0o.png,,0,https://wiki.biligame.com/rocom/%E5%A4%8D%E5%86%99
落星,普通,物攻,,,,,https://patchwiki.biligame.com/images/rocom/0/0f/cfuyfb8bey4c7scjjg2v9amspxmdldo.png,落星.png,https://patchwiki.biligame.com/images/rocom/6/69/nc77midbqeafn7i2snh5a5h16ctdi0o.png,,0,https://wiki.biligame.com/rocom/%E8%90%BD%E6%98%9F
拍击,普通,魔攻,,,,,https://patchwiki.biligame.com/images/rocom/f/f6/0ap4byejiiv82fo5508bzur7spb6wz5.png,拍击.png,https://patchwiki.biligame.com/images/rocom/6/69/nc77midbqeafn7i2snh5a5h16ctdi0o.png,,0,https://wiki.biligame.com/rocom/%E6%8B%8D%E5%87%BB
音波弹,普通,魔攻,,,,,https://patchwiki.biligame.com/images/rocom/3/3e/3udgjr3a2nkr2354lrlch19te7u0q1b.png,音波弹.png,https://patchwiki.biligame.com/images/rocom/6/69/nc77midbqeafn7i2snh5a5h16ctdi0o.png,,0,https://wiki.biligame.com/rocom/%E9%9F%B3%E6%B3%A2%E5%BC%B9
许愿星,普通,魔攻,,,,,https://patchwiki.biligame.com/images/rocom/9/9f/tnom58ix8ltac2qdz2dh89owjhcsxty.png,许愿星.png,https://patchwiki.biligame.com/images/rocom/6/69/nc77midbqeafn7i2snh5a5h16ctdi0o.png,,0,https://wiki.biligame.com/rocom/%E8%AE%B8%E6%84%BF%E6%98%9F
星星撞击,普通,魔攻,,,,,https://patchwiki.biligame.com/images/rocom/5/56/2eocpd50qt7y6ogp1tongzbzostbzko.png,星星撞击.png,https://patchwiki.biligame.com/images/rocom/6/69/nc77midbqeafn7i2snh5a5h16ctdi0o.png,,0,https://wiki.biligame.com/rocom/%E6%98%9F%E6%98%9F%E6%92%9E%E5%87%BB
能量炮,普通,魔攻,,,,,https://patchwiki.biligame.com/images/rocom/8/8b/22aq46ftxggq5k3w3ybbr3f0al4zwj9.png,能量炮.png,https://patchwiki.biligame.com/images/rocom/6/69/nc77midbqeafn7i2snh5a5h16ctdi0o.png,,0,https://wiki.biligame.com/rocom/%E8%83%BD%E9%87%8F%E7%82%AE
压扁,普通,物攻,,,,,https://patchwiki.biligame.com/images/rocom/7/70/3f928v01mzvptx7li1s3izrvayahgel.png,压扁.png,https://patchwiki.biligame.com/images/rocom/6/69/nc77midbqeafn7i2snh5a5h16ctdi0o.png,,0,https://wiki.biligame.com/rocom/%E5%8E%8B%E6%89%81
践踏,普通,物攻,,,,,https://patchwiki.biligame.com/images/rocom/6/64/lneemwnlkpdxnwv7h4ltwkp3wh0hdmc.png,践踏.png,https://patchwiki.biligame.com/images/rocom/6/69/nc77midbqeafn7i2snh5a5h16ctdi0o.png,,0,https://wiki.biligame.com/rocom/%E8%B7%B5%E8%B8%8F
湮灭,普通,魔攻,,,,,https://patchwiki.biligame.com/images/rocom/6/60/5700mfcn0pp0e3i8k95c65bnsjuk7yg.png,湮灭.png,https://patchwiki.biligame.com/images/rocom/6/69/nc77midbqeafn7i2snh5a5h16ctdi0o.png,,0,https://wiki.biligame.com/rocom/%E6%B9%AE%E7%81%AD
打鼾,普通,魔攻,,,,,https://patchwiki.biligame.com/images/rocom/6/65/czune2a9soqivzso9fa9qtm32whsl8e.png,打鼾.png,https://patchwiki.biligame.com/images/rocom/6/69/nc77midbqeafn7i2snh5a5h16ctdi0o.png,,0,https://wiki.biligame.com/rocom/%E6%89%93%E9%BC%BE
先发制人,普通,物攻,,,,,https://patchwiki.biligame.com/images/rocom/2/2a/1l0nz4v960abucgq2d817ruvmax416s.png,先发制人.png,https://patchwiki.biligame.com/images/rocom/6/69/nc77midbqeafn7i2snh5a5h16ctdi0o.png,,0,https://wiki.biligame.com/rocom/%E5%85%88%E5%8F%91%E5%88%B6%E4%BA%BA
天旋地转,普通,物攻,,,,,https://patchwiki.biligame.com/images/rocom/0/0d/lgcu137kryl8dydtsas8f1g5jquenu2.png,天旋地转.png,https://patchwiki.biligame.com/images/rocom/6/69/nc77midbqeafn7i2snh5a5h16ctdi0o.png,,0,https://wiki.biligame.com/rocom/%E5%A4%A9%E6%97%8B%E5%9C%B0%E8%BD%AC
吨位压制,普通,物攻,,,,,https://patchwiki.biligame.com/images/rocom/d/d3/3f928v01mzvptx7li1s3izrvayahgel.png,吨位压制.png,https://patchwiki.biligame.com/images/rocom/6/69/nc77midbqeafn7i2snh5a5h16ctdi0o.png,,0,https://wiki.biligame.com/rocom/%E5%90%A8%E4%BD%8D%E5%8E%8B%E5%88%B6
以重制重,普通,物攻,,,,,https://patchwiki.biligame.com/images/rocom/4/42/8iqttew4b8hn16u8mml7692w3lg8hn5.png,以重制重.png,https://patchwiki.biligame.com/images/rocom/6/69/nc77midbqeafn7i2snh5a5h16ctdi0o.png,,0,https://wiki.biligame.com/rocom/%E4%BB%A5%E9%87%8D%E5%88%B6%E9%87%8D
当头棒喝,普通,物攻,,,,,https://patchwiki.biligame.com/images/rocom/c/ce/kyjoo76lh8309jwoy5c0zh10dcf2woa.png,当头棒喝.png,https://patchwiki.biligame.com/images/rocom/6/69/nc77midbqeafn7i2snh5a5h16ctdi0o.png,,0,https://wiki.biligame.com/rocom/%E5%BD%93%E5%A4%B4%E6%A3%92%E5%96%9D
后发制人,普通,物攻,,,,,https://patchwiki.biligame.com/images/rocom/4/4e/rqh3gnllc6fwdkwqn7nohui2en41xje.png,后发制人.png,https://patchwiki.biligame.com/images/rocom/6/69/nc77midbqeafn7i2snh5a5h16ctdi0o.png,,0,https://wiki.biligame.com/rocom/%E5%90%8E%E5%8F%91%E5%88%B6%E4%BA%BA
加固,普通,状态,,,,,https://patchwiki.biligame.com/images/rocom/0/0e/ps2q9cjnxcazv4p9j17w28l3txsp26x.png,加固.png,https://patchwiki.biligame.com/images/rocom/6/69/nc77midbqeafn7i2snh5a5h16ctdi0o.png,,0,https://wiki.biligame.com/rocom/%E5%8A%A0%E5%9B%BA
鼓劲,普通,状态,,,,,https://patchwiki.biligame.com/images/rocom/7/74/oajjbzwwe16x7396qomspd384066jyi.png,鼓劲.png,https://patchwiki.biligame.com/images/rocom/6/69/nc77midbqeafn7i2snh5a5h16ctdi0o.png,,0,https://wiki.biligame.com/rocom/%E9%BC%93%E5%8A%B2
耀眼,普通,状态,,,,,https://patchwiki.biligame.com/images/rocom/c/c9/mmzd0wn1f5ygpf5cshnl6x8l74mg9g9.png,耀眼.png,https://patchwiki.biligame.com/images/rocom/6/69/nc77midbqeafn7i2snh5a5h16ctdi0o.png,,0,https://wiki.biligame.com/rocom/%E8%80%80%E7%9C%BC
彗星,普通,魔攻,,,,,https://patchwiki.biligame.com/images/rocom/4/47/26v7jiaa6btiyo478u8xcycgytjf7jb.png,彗星.png,https://patchwiki.biligame.com/images/rocom/6/69/nc77midbqeafn7i2snh5a5h16ctdi0o.png,,0,https://wiki.biligame.com/rocom/%E5%BD%97%E6%98%9F
消毒法,普通,魔攻,,,,,https://patchwiki.biligame.com/images/rocom/f/f7/78eov6j3xevblrz7cj427mxplwni3yr.png,消毒法.png,https://patchwiki.biligame.com/images/rocom/6/69/nc77midbqeafn7i2snh5a5h16ctdi0o.png,,0,https://wiki.biligame.com/rocom/%E6%B6%88%E6%AF%92%E6%B3%95
三连破,普通,状态,,,,,https://patchwiki.biligame.com/images/rocom/6/6f/s2oh267qocytu6o3xyp7dig8qdm8xpu.png,三连破.png,https://patchwiki.biligame.com/images/rocom/6/69/nc77midbqeafn7i2snh5a5h16ctdi0o.png,,0,https://wiki.biligame.com/rocom/%E4%B8%89%E8%BF%9E%E7%A0%B4
热身运动,普通,状态,,,,,https://patchwiki.biligame.com/images/rocom/2/29/n794splvfobhv8u64zt2z4kmldf3v6e.png,热身运动.png,https://patchwiki.biligame.com/images/rocom/6/69/nc77midbqeafn7i2snh5a5h16ctdi0o.png,,0,https://wiki.biligame.com/rocom/%E7%83%AD%E8%BA%AB%E8%BF%90%E5%8A%A8
晒太阳,普通,状态,,,,,https://patchwiki.biligame.com/images/rocom/e/e5/c101i37mocd5yon1nlxkz86dp0vqu3i.png,晒太阳.png,https://patchwiki.biligame.com/images/rocom/6/69/nc77midbqeafn7i2snh5a5h16ctdi0o.png,,0,https://wiki.biligame.com/rocom/%E6%99%92%E5%A4%AA%E9%98%B3
有效预防,普通,防御,,,,,https://patchwiki.biligame.com/images/rocom/c/c5/53hf4qg6rwoyyhhptnt4saovpxkpyla.png,有效预防.png,https://patchwiki.biligame.com/images/rocom/6/69/nc77midbqeafn7i2snh5a5h16ctdi0o.png,,0,https://wiki.biligame.com/rocom/%E6%9C%89%E6%95%88%E9%A2%84%E9%98%B2
嗜痛,普通,防御,,,,,https://patchwiki.biligame.com/images/rocom/0/0b/pi39rxtn93473fmxturku9so5u4sr4o.png,嗜痛.png,https://patchwiki.biligame.com/images/rocom/6/69/nc77midbqeafn7i2snh5a5h16ctdi0o.png,,0,https://wiki.biligame.com/rocom/%E5%97%9C%E7%97%9B
吓退,普通,防御,,,,,https://patchwiki.biligame.com/images/rocom/b/b8/ezpwek4u1nf1i2ndbs2tbd41t94zbnb.png,吓退.png,https://patchwiki.biligame.com/images/rocom/6/69/nc77midbqeafn7i2snh5a5h16ctdi0o.png,,0,https://wiki.biligame.com/rocom/%E5%90%93%E9%80%80
埋伏,普通,魔攻,,,,,https://patchwiki.biligame.com/images/rocom/e/e0/12njkt382y80dmexw0bn3saetr957ms.png,埋伏.png,https://patchwiki.biligame.com/images/rocom/6/69/nc77midbqeafn7i2snh5a5h16ctdi0o.png,,0,https://wiki.biligame.com/rocom/%E5%9F%8B%E4%BC%8F
逆袭,普通,物攻,,,,,https://patchwiki.biligame.com/images/rocom/0/09/2xf759wjwkek1e9c4g7vhe2eytirrcy.png,逆袭.png,https://patchwiki.biligame.com/images/rocom/6/69/nc77midbqeafn7i2snh5a5h16ctdi0o.png,,0,https://wiki.biligame.com/rocom/%E9%80%86%E8%A2%AD
摇篮曲,普通,状态,,,,,https://patchwiki.biligame.com/images/rocom/2/24/saba0n0pos3pi1rz0os01wbq1vwwa9x.png,摇篮曲.png,https://patchwiki.biligame.com/images/rocom/6/69/nc77midbqeafn7i2snh5a5h16ctdi0o.png,,0,https://wiki.biligame.com/rocom/%E6%91%87%E7%AF%AE%E6%9B%B2
倾泻,普通,魔攻,,,,,https://patchwiki.biligame.com/images/rocom/2/2f/hzcp0597frht4g8e43m9hzwhjtshcmw.png,倾泻.png,https://patchwiki.biligame.com/images/rocom/6/69/nc77midbqeafn7i2snh5a5h16ctdi0o.png,,0,https://wiki.biligame.com/rocom/%E5%80%BE%E6%B3%BB
种子弹,草,物攻,,,,,https://patchwiki.biligame.com/images/rocom/c/c6/au6pow813lqe15lx8u7axt28ykpv2ns.png,种子弹.png,https://patchwiki.biligame.com/images/rocom/1/12/b8bsilucec9a98rsmqkmxt06c4mnnix.png,,0,https://wiki.biligame.com/rocom/%E7%A7%8D%E5%AD%90%E5%BC%B9
荆棘爪,草,物攻,,,,,https://patchwiki.biligame.com/images/rocom/5/5a/ltm06cprw7zeg7wlp45vo833s1v3m1s.png,荆棘爪.png,https://patchwiki.biligame.com/images/rocom/1/12/b8bsilucec9a98rsmqkmxt06c4mnnix.png,,0,https://wiki.biligame.com/rocom/%E8%8D%86%E6%A3%98%E7%88%AA
仙人掌刺击,草,物攻,,,,,https://patchwiki.biligame.com/images/rocom/e/e4/qmg39369noiygo9p4k4tiois4xjbtl0.png,仙人掌刺击.png,https://patchwiki.biligame.com/images/rocom/1/12/b8bsilucec9a98rsmqkmxt06c4mnnix.png,,0,https://wiki.biligame.com/rocom/%E4%BB%99%E4%BA%BA%E6%8E%8C%E5%88%BA%E5%87%BB
刺藤,草,物攻,,,,,https://patchwiki.biligame.com/images/rocom/8/81/0uuxasnpiqfh5mia6rz12bdwyyi7ok0.png,刺藤.png,https://patchwiki.biligame.com/images/rocom/1/12/b8bsilucec9a98rsmqkmxt06c4mnnix.png,,0,https://wiki.biligame.com/rocom/%E5%88%BA%E8%97%A4
藤绞,草,物攻,,,,,https://patchwiki.biligame.com/images/rocom/3/36/d4d20uwcxwj2q0gh149n5ezt8760mwt.png,藤绞.png,https://patchwiki.biligame.com/images/rocom/1/12/b8bsilucec9a98rsmqkmxt06c4mnnix.png,,0,https://wiki.biligame.com/rocom/%E8%97%A4%E7%BB%9E
光能聚集,草,魔攻,,,,,https://patchwiki.biligame.com/images/rocom/b/b0/k9zgp6w8yypvb8wy2bnde2y9jlu8slt.png,光能聚集.png,https://patchwiki.biligame.com/images/rocom/1/12/b8bsilucec9a98rsmqkmxt06c4mnnix.png,,0,https://wiki.biligame.com/rocom/%E5%85%89%E8%83%BD%E8%81%9A%E9%9B%86
徒长,草,状态,,,,,https://patchwiki.biligame.com/images/rocom/5/50/s5toniuyg91wv9obse5g19c0sd98orb.png,徒长.png,https://patchwiki.biligame.com/images/rocom/1/12/b8bsilucec9a98rsmqkmxt06c4mnnix.png,,0,https://wiki.biligame.com/rocom/%E5%BE%92%E9%95%BF
盛开,草,状态,,,,,https://patchwiki.biligame.com/images/rocom/8/81/k59zkgq1gg8f8o20t6cjngd94vmnz8l.png,盛开.png,https://patchwiki.biligame.com/images/rocom/1/12/b8bsilucec9a98rsmqkmxt06c4mnnix.png,,0,https://wiki.biligame.com/rocom/%E7%9B%9B%E5%BC%80
根吸收,草,状态,,,,,https://patchwiki.biligame.com/images/rocom/f/f6/i2upwtqg6sarzxitjmop6yuyz0wihvq.png,根吸收.png,https://patchwiki.biligame.com/images/rocom/1/12/b8bsilucec9a98rsmqkmxt06c4mnnix.png,,0,https://wiki.biligame.com/rocom/%E6%A0%B9%E5%90%B8%E6%94%B6
氧输送,草,状态,,,,,https://patchwiki.biligame.com/images/rocom/d/da/aji0ys3sj7zeux0s2kcuvlnk5pmzpbg.png,氧输送.png,https://patchwiki.biligame.com/images/rocom/1/12/b8bsilucec9a98rsmqkmxt06c4mnnix.png,,0,https://wiki.biligame.com/rocom/%E6%B0%A7%E8%BE%93%E9%80%81
孢子,草,状态,,,,,https://patchwiki.biligame.com/images/rocom/d/d2/1gqansjgpb1l1ytn00ue29vev6606jn.png,孢子.png,https://patchwiki.biligame.com/images/rocom/1/12/b8bsilucec9a98rsmqkmxt06c4mnnix.png,,0,https://wiki.biligame.com/rocom/%E5%AD%A2%E5%AD%90
芳香诱引,草,状态,,,,,https://patchwiki.biligame.com/images/rocom/3/3c/p9af7nrtobhgdqaecezx2y23xbwkayt.png,芳香诱引.png,https://patchwiki.biligame.com/images/rocom/1/12/b8bsilucec9a98rsmqkmxt06c4mnnix.png,,0,https://wiki.biligame.com/rocom/%E8%8A%B3%E9%A6%99%E8%AF%B1%E5%BC%95
丰饶,草,状态,,,,,https://patchwiki.biligame.com/images/rocom/c/c3/p2xzep31dovre9rih2fi2g4q8xd3wnx.png,丰饶.png,https://patchwiki.biligame.com/images/rocom/1/12/b8bsilucec9a98rsmqkmxt06c4mnnix.png,,0,https://wiki.biligame.com/rocom/%E4%B8%B0%E9%A5%B6
移花接木,草,状态,,,,,https://patchwiki.biligame.com/images/rocom/a/a8/sh94sx6ve623kdgtlv801ogypguh2ar.png,移花接木.png,https://patchwiki.biligame.com/images/rocom/1/12/b8bsilucec9a98rsmqkmxt06c4mnnix.png,,0,https://wiki.biligame.com/rocom/%E7%A7%BB%E8%8A%B1%E6%8E%A5%E6%9C%A8
光合作用,草,状态,,,,,https://patchwiki.biligame.com/images/rocom/5/5b/ttwiv8486eok096c9hinyola718ap28.png,光合作用.png,https://patchwiki.biligame.com/images/rocom/1/12/b8bsilucec9a98rsmqkmxt06c4mnnix.png,,0,https://wiki.biligame.com/rocom/%E5%85%89%E5%90%88%E4%BD%9C%E7%94%A8
酶浓度调整,草,防御,,,,,https://patchwiki.biligame.com/images/rocom/7/71/ooplinuutylkjfzw17d02p3gal3ydf5.png,酶浓度调整.png,https://patchwiki.biligame.com/images/rocom/1/12/b8bsilucec9a98rsmqkmxt06c4mnnix.png,,0,https://wiki.biligame.com/rocom/%E9%85%B6%E6%B5%93%E5%BA%A6%E8%B0%83%E6%95%B4
蜡质膜,草,防御,,,,,https://patchwiki.biligame.com/images/rocom/b/b6/hzfjcm4r5ip3s00mp5b4at6el7332b6.png,蜡质膜.png,https://patchwiki.biligame.com/images/rocom/1/12/b8bsilucec9a98rsmqkmxt06c4mnnix.png,,0,https://wiki.biligame.com/rocom/%E8%9C%A1%E8%B4%A8%E8%86%9C
汲取,草,魔攻,,,,,https://patchwiki.biligame.com/images/rocom/e/e4/ixieggz0o76p5usoa7i0iq4o0x1vfdq.png,汲取.png,https://patchwiki.biligame.com/images/rocom/1/12/b8bsilucec9a98rsmqkmxt06c4mnnix.png,,0,https://wiki.biligame.com/rocom/%E6%B1%B2%E5%8F%96
飞叶,草,物攻,,,,,https://patchwiki.biligame.com/images/rocom/1/19/artt3a4so8otjpqgk6guqtwwo0e7zzy.png,飞叶.png,https://patchwiki.biligame.com/images/rocom/1/12/b8bsilucec9a98rsmqkmxt06c4mnnix.png,,0,https://wiki.biligame.com/rocom/%E9%A3%9E%E5%8F%B6
种皮爆裂,草,物攻,,,,,https://patchwiki.biligame.com/images/rocom/a/a4/f9lxvvvdl6vbtqnsfjq944lk89rybmu.png,种皮爆裂.png,https://patchwiki.biligame.com/images/rocom/1/12/b8bsilucec9a98rsmqkmxt06c4mnnix.png,,0,https://wiki.biligame.com/rocom/%E7%A7%8D%E7%9A%AE%E7%88%86%E8%A3%82
花香,草,魔攻,,,,,https://patchwiki.biligame.com/images/rocom/9/9e/2dh334svolw734deug73jy4nzmc93vv.png,花香.png,https://patchwiki.biligame.com/images/rocom/1/12/b8bsilucec9a98rsmqkmxt06c4mnnix.png,,0,https://wiki.biligame.com/rocom/%E8%8A%B1%E9%A6%99
棘突,草,魔攻,,,,,https://patchwiki.biligame.com/images/rocom/e/ee/hwwbr2zgt2k56medvh2cimahmzxc6zi.png,棘突.png,https://patchwiki.biligame.com/images/rocom/1/12/b8bsilucec9a98rsmqkmxt06c4mnnix.png,,0,https://wiki.biligame.com/rocom/%E6%A3%98%E7%AA%81
孢子爆散,草,物攻,,,,,https://patchwiki.biligame.com/images/rocom/c/c7/lmnypyucvzpi0dugm4yl614ijpqd715.png,孢子爆散.png,https://patchwiki.biligame.com/images/rocom/1/12/b8bsilucec9a98rsmqkmxt06c4mnnix.png,,0,https://wiki.biligame.com/rocom/%E5%AD%A2%E5%AD%90%E7%88%86%E6%95%A3
叶绿光束,草,魔攻,,,,,https://patchwiki.biligame.com/images/rocom/6/6e/0fkridaaj9lcb2ncchw04lqe92o4q72.png,叶绿光束.png,https://patchwiki.biligame.com/images/rocom/1/12/b8bsilucec9a98rsmqkmxt06c4mnnix.png,,0,https://wiki.biligame.com/rocom/%E5%8F%B6%E7%BB%BF%E5%85%89%E6%9D%9F
顶端优势,草,物攻,,,,,https://patchwiki.biligame.com/images/rocom/3/3b/ttgsc4x3i2trb6hll3dn8d3emn5bhet.png,顶端优势.png,https://patchwiki.biligame.com/images/rocom/1/12/b8bsilucec9a98rsmqkmxt06c4mnnix.png,,0,https://wiki.biligame.com/rocom/%E9%A1%B6%E7%AB%AF%E4%BC%98%E5%8A%BF
筛管奔流,草,物攻,,,,,https://patchwiki.biligame.com/images/rocom/5/5e/3vqmz5rrwvsdodockb7cvklr631d6mw.png,筛管奔流.png,https://patchwiki.biligame.com/images/rocom/1/12/b8bsilucec9a98rsmqkmxt06c4mnnix.png,,0,https://wiki.biligame.com/rocom/%E7%AD%9B%E7%AE%A1%E5%A5%94%E6%B5%81
花炮,草,状态,,,,,https://patchwiki.biligame.com/images/rocom/6/6c/3vo85scex7ciw23ri93ma67r0rizsci.png,花炮.png,https://patchwiki.biligame.com/images/rocom/1/12/b8bsilucec9a98rsmqkmxt06c4mnnix.png,,0,https://wiki.biligame.com/rocom/%E8%8A%B1%E7%82%AE
聚盐,草,状态,,,,,https://patchwiki.biligame.com/images/rocom/b/b6/iwac3lxrk1xz1b5333r9ewcull1gmaw.png,聚盐.png,https://patchwiki.biligame.com/images/rocom/1/12/b8bsilucec9a98rsmqkmxt06c4mnnix.png,,0,https://wiki.biligame.com/rocom/%E8%81%9A%E7%9B%90
富养化,草,状态,,,,,https://patchwiki.biligame.com/images/rocom/3/3a/mkistt9nxn34ilpc2efpivm5855cp3j.png,富养化.png,https://patchwiki.biligame.com/images/rocom/1/12/b8bsilucec9a98rsmqkmxt06c4mnnix.png,,0,https://wiki.biligame.com/rocom/%E5%AF%8C%E5%85%BB%E5%8C%96
纤维化,草,防御,,,,,https://patchwiki.biligame.com/images/rocom/1/19/6iod9dgkg50xr7f2c3sxc9dflf7fdbe.png,纤维化.png,https://patchwiki.biligame.com/images/rocom/1/12/b8bsilucec9a98rsmqkmxt06c4mnnix.png,,0,https://wiki.biligame.com/rocom/%E7%BA%A4%E7%BB%B4%E5%8C%96
抽枝,草,物攻,,,,,https://patchwiki.biligame.com/images/rocom/d/de/a0k2ymjo84mlw7w9rldubthf44hlwym.png,抽枝.png,https://patchwiki.biligame.com/images/rocom/1/12/b8bsilucec9a98rsmqkmxt06c4mnnix.png,,0,https://wiki.biligame.com/rocom/%E6%8A%BD%E6%9E%9D
针刺射击,草,物攻,,,,,https://patchwiki.biligame.com/images/rocom/5/5c/170n98bp3ynwb456bsxzg2qvfcy67rd.png,针刺射击.png,https://patchwiki.biligame.com/images/rocom/1/12/b8bsilucec9a98rsmqkmxt06c4mnnix.png,,0,https://wiki.biligame.com/rocom/%E9%92%88%E5%88%BA%E5%B0%84%E5%87%BB
火焰冲锋,火,物攻,,,,,https://patchwiki.biligame.com/images/rocom/d/d8/f87xhh5fw4we7q3iwvoxoz89yzb954t.png,火焰冲锋.png,https://patchwiki.biligame.com/images/rocom/a/ab/8wvxz3p479e2b702afdqyzhx9340qgx.png,,0,https://wiki.biligame.com/rocom/%E7%81%AB%E7%84%B0%E5%86%B2%E9%94%8B
炎枪,火,魔攻,,,,,https://patchwiki.biligame.com/images/rocom/0/01/6jt794onuj9apx8hweu2210uwrpo3rn.png,炎枪.png,https://patchwiki.biligame.com/images/rocom/a/ab/8wvxz3p479e2b702afdqyzhx9340qgx.png,,0,https://wiki.biligame.com/rocom/%E7%82%8E%E6%9E%AA
火苗,火,物攻,,,,,https://patchwiki.biligame.com/images/rocom/e/e7/rey61hqkq5vbxqrrunm9uu87ckbpkvh.png,火苗.png,https://patchwiki.biligame.com/images/rocom/a/ab/8wvxz3p479e2b702afdqyzhx9340qgx.png,,0,https://wiki.biligame.com/rocom/%E7%81%AB%E8%8B%97
闪燃,火,物攻,,,,,https://patchwiki.biligame.com/images/rocom/4/4a/bm938msx2tq93djzjcbbgkinmloc187.png,闪燃.png,https://patchwiki.biligame.com/images/rocom/a/ab/8wvxz3p479e2b702afdqyzhx9340qgx.png,,0,https://wiki.biligame.com/rocom/%E9%97%AA%E7%87%83
双响炮,火,物攻,,,,,https://patchwiki.biligame.com/images/rocom/3/34/n0ab53qf9e234366jlp0b7314oafppt.png,双响炮.png,https://patchwiki.biligame.com/images/rocom/a/ab/8wvxz3p479e2b702afdqyzhx9340qgx.png,,0,https://wiki.biligame.com/rocom/%E5%8F%8C%E5%93%8D%E7%82%AE
吹火,火,物攻,,,,,https://patchwiki.biligame.com/images/rocom/c/cd/hkyjcx46k2mtsxgrwbzas9vweb1pdsw.png,吹火.png,https://patchwiki.biligame.com/images/rocom/a/ab/8wvxz3p479e2b702afdqyzhx9340qgx.png,,0,https://wiki.biligame.com/rocom/%E5%90%B9%E7%81%AB
流星火雨,火,物攻,,,,,https://patchwiki.biligame.com/images/rocom/7/7a/e4zwpthp8q1cvkdve3u2urx8kwn0wu4.png,流星火雨.png,https://patchwiki.biligame.com/images/rocom/a/ab/8wvxz3p479e2b702afdqyzhx9340qgx.png,,0,https://wiki.biligame.com/rocom/%E6%B5%81%E6%98%9F%E7%81%AB%E9%9B%A8
持续高温,火,魔攻,,,,,https://patchwiki.biligame.com/images/rocom/0/03/0ao21sm7cc5097moqmrqqoakdlduioe.png,持续高温.png,https://patchwiki.biligame.com/images/rocom/a/ab/8wvxz3p479e2b702afdqyzhx9340qgx.png,,0,https://wiki.biligame.com/rocom/%E6%8C%81%E7%BB%AD%E9%AB%98%E6%B8%A9
易燃物质,火,魔攻,,,,,https://patchwiki.biligame.com/images/rocom/f/ff/39cii5y8mfnuxhiqc4xdjmpntd9t0ml.png,易燃物质.png,https://patchwiki.biligame.com/images/rocom/a/ab/8wvxz3p479e2b702afdqyzhx9340qgx.png,,0,https://wiki.biligame.com/rocom/%E6%98%93%E7%87%83%E7%89%A9%E8%B4%A8
高温回火,火,魔攻,,,,,https://patchwiki.biligame.com/images/rocom/f/fc/qj5snhujfmtz2pj30g1mgkrc8zxjby2.png,高温回火.png,https://patchwiki.biligame.com/images/rocom/a/ab/8wvxz3p479e2b702afdqyzhx9340qgx.png,,0,https://wiki.biligame.com/rocom/%E9%AB%98%E6%B8%A9%E5%9B%9E%E7%81%AB
山火,火,物攻,,,,,https://patchwiki.biligame.com/images/rocom/c/c7/bc7tmlxd8ig3zvq5beq7jtgiztjlghb.png,山火.png,https://patchwiki.biligame.com/images/rocom/a/ab/8wvxz3p479e2b702afdqyzhx9340qgx.png,,0,https://wiki.biligame.com/rocom/%E5%B1%B1%E7%81%AB
引燃,火,状态,,,,,https://patchwiki.biligame.com/images/rocom/d/d9/ptoxi3sd725e4asif3ee5ak5h76r3ng.png,引燃.png,https://patchwiki.biligame.com/images/rocom/a/ab/8wvxz3p479e2b702afdqyzhx9340qgx.png,,0,https://wiki.biligame.com/rocom/%E5%BC%95%E7%87%83
热身,火,状态,,,,,https://patchwiki.biligame.com/images/rocom/5/5a/9x9hsqlgc6iw60fg6gncuqpn8bge2q5.png,热身.png,https://patchwiki.biligame.com/images/rocom/a/ab/8wvxz3p479e2b702afdqyzhx9340qgx.png,,0,https://wiki.biligame.com/rocom/%E7%83%AD%E8%BA%AB
充分燃烧,火,状态,,,,,https://patchwiki.biligame.com/images/rocom/4/48/rvc744jwmjht5fwte8fzurgikq9wmn2.png,充分燃烧.png,https://patchwiki.biligame.com/images/rocom/a/ab/8wvxz3p479e2b702afdqyzhx9340qgx.png,,0,https://wiki.biligame.com/rocom/%E5%85%85%E5%88%86%E7%87%83%E7%83%A7
天火,火,状态,,,,,https://patchwiki.biligame.com/images/rocom/f/fd/s9801cyjo4pabk8mlu1tp3nlv3k9t4p.png,天火.png,https://patchwiki.biligame.com/images/rocom/a/ab/8wvxz3p479e2b702afdqyzhx9340qgx.png,,0,https://wiki.biligame.com/rocom/%E5%A4%A9%E7%81%AB
火焰护盾,火,防御,,,,,https://patchwiki.biligame.com/images/rocom/7/7b/1kjcyximafzqdu8d6xly4qoojewmogf.png,火焰护盾.png,https://patchwiki.biligame.com/images/rocom/a/ab/8wvxz3p479e2b702afdqyzhx9340qgx.png,,0,https://wiki.biligame.com/rocom/%E7%81%AB%E7%84%B0%E6%8A%A4%E7%9B%BE
火云车,火,物攻,,,,,https://patchwiki.biligame.com/images/rocom/a/a6/ju732f0l7jrh9lwwij1r6ncysxd24zt.png,火云车.png,https://patchwiki.biligame.com/images/rocom/a/ab/8wvxz3p479e2b702afdqyzhx9340qgx.png,,0,https://wiki.biligame.com/rocom/%E7%81%AB%E4%BA%91%E8%BD%A6
爆裂飞弹,火,魔攻,,,,,https://patchwiki.biligame.com/images/rocom/4/43/3g542noxjiia10gzk41lkxjh7ysrpnd.png,爆裂飞弹.png,https://patchwiki.biligame.com/images/rocom/a/ab/8wvxz3p479e2b702afdqyzhx9340qgx.png,,0,https://wiki.biligame.com/rocom/%E7%88%86%E8%A3%82%E9%A3%9E%E5%BC%B9
热气,火,魔攻,,,,,https://patchwiki.biligame.com/images/rocom/8/8d/d7buz984ycgvsb4cgs0xutt55sx431g.png,热气.png,https://patchwiki.biligame.com/images/rocom/a/ab/8wvxz3p479e2b702afdqyzhx9340qgx.png,,0,https://wiki.biligame.com/rocom/%E7%83%AD%E6%B0%94
流火,火,魔攻,,,,,https://patchwiki.biligame.com/images/rocom/6/62/g4gi6r19uq4j62ej1jvnve25r74xl1v.png,流火.png,https://patchwiki.biligame.com/images/rocom/a/ab/8wvxz3p479e2b702afdqyzhx9340qgx.png,,0,https://wiki.biligame.com/rocom/%E6%B5%81%E7%81%AB
火爪,火,魔攻,,,,,https://patchwiki.biligame.com/images/rocom/6/65/teimwjfxkcfyfjyzz6w076nru8py8g0.png,火爪.png,https://patchwiki.biligame.com/images/rocom/a/ab/8wvxz3p479e2b702afdqyzhx9340qgx.png,,0,https://wiki.biligame.com/rocom/%E7%81%AB%E7%88%AA
火焰箭,火,物攻,,,,,https://patchwiki.biligame.com/images/rocom/e/e3/8f9oosw2gealxroc1mh1gp2n6tn9g63.png,火焰箭.png,https://patchwiki.biligame.com/images/rocom/a/ab/8wvxz3p479e2b702afdqyzhx9340qgx.png,,0,https://wiki.biligame.com/rocom/%E7%81%AB%E7%84%B0%E7%AE%AD
炙热波动,火,魔攻,,,,,https://patchwiki.biligame.com/images/rocom/3/30/8x26v7so3l5ejy2130cuewjkhr4tj26.png,炙热波动.png,https://patchwiki.biligame.com/images/rocom/a/ab/8wvxz3p479e2b702afdqyzhx9340qgx.png,,0,https://wiki.biligame.com/rocom/%E7%82%99%E7%83%AD%E6%B3%A2%E5%8A%A8
火焰切割,火,物攻,,,,,https://patchwiki.biligame.com/images/rocom/e/ee/2g146u9zqiogesc8j2s26xp7y2cp8mr.png,火焰切割.png,https://patchwiki.biligame.com/images/rocom/a/ab/8wvxz3p479e2b702afdqyzhx9340qgx.png,,0,https://wiki.biligame.com/rocom/%E7%81%AB%E7%84%B0%E5%88%87%E5%89%B2
烈焰风暴,火,魔攻,,,,,https://patchwiki.biligame.com/images/rocom/2/2a/38a12at3ytabiddjs8did4vwq2c7tqm.png,烈焰风暴.png,https://patchwiki.biligame.com/images/rocom/a/ab/8wvxz3p479e2b702afdqyzhx9340qgx.png,,0,https://wiki.biligame.com/rocom/%E7%83%88%E7%84%B0%E9%A3%8E%E6%9A%B4
炎息,火,物攻,,,,,https://patchwiki.biligame.com/images/rocom/a/a9/6jt794onuj9apx8hweu2210uwrpo3rn.png,炎息.png,https://patchwiki.biligame.com/images/rocom/a/ab/8wvxz3p479e2b702afdqyzhx9340qgx.png,,0,https://wiki.biligame.com/rocom/%E7%82%8E%E6%81%AF
灼伤,火,物攻,,,,,https://patchwiki.biligame.com/images/rocom/1/11/6jt794onuj9apx8hweu2210uwrpo3rn.png,灼伤.png,https://patchwiki.biligame.com/images/rocom/a/ab/8wvxz3p479e2b702afdqyzhx9340qgx.png,,0,https://wiki.biligame.com/rocom/%E7%81%BC%E4%BC%A4
炎打,火,魔攻,,,,,https://patchwiki.biligame.com/images/rocom/5/59/str1iecq7f3fxti8yw4xxkarq6fb9pg.png,炎打.png,https://patchwiki.biligame.com/images/rocom/a/ab/8wvxz3p479e2b702afdqyzhx9340qgx.png,,0,https://wiki.biligame.com/rocom/%E7%82%8E%E6%89%93
怒火,火,状态,,,,,https://patchwiki.biligame.com/images/rocom/8/81/6ubm9mclcmutfs350bpy65mo2l07tmo.png,怒火.png,https://patchwiki.biligame.com/images/rocom/a/ab/8wvxz3p479e2b702afdqyzhx9340qgx.png,,0,https://wiki.biligame.com/rocom/%E6%80%92%E7%81%AB
淬火,火,防御,,,,,https://patchwiki.biligame.com/images/rocom/3/32/1bhwbztco1uskbuyropdc0vmkv9aamk.png,淬火.png,https://patchwiki.biligame.com/images/rocom/a/ab/8wvxz3p479e2b702afdqyzhx9340qgx.png,,0,https://wiki.biligame.com/rocom/%E6%B7%AC%E7%81%AB
燃尽,火,魔攻,,,,,https://patchwiki.biligame.com/images/rocom/4/48/hn03u1jxt8jzddhe0z0j6flhg4n32fh.png,燃尽.png,https://patchwiki.biligame.com/images/rocom/a/ab/8wvxz3p479e2b702afdqyzhx9340qgx.png,,0,https://wiki.biligame.com/rocom/%E7%87%83%E5%B0%BD
焚毁,火,魔攻,,,,,https://patchwiki.biligame.com/images/rocom/4/41/6jt794onuj9apx8hweu2210uwrpo3rn.png,焚毁.png,https://patchwiki.biligame.com/images/rocom/a/ab/8wvxz3p479e2b702afdqyzhx9340qgx.png,,0,https://wiki.biligame.com/rocom/%E7%84%9A%E6%AF%81
焚烧烙印,火,状态,,,,,https://patchwiki.biligame.com/images/rocom/b/bc/bl6ghwfolqyihbsh9hbfsv8tqdvn7n8.png,焚烧烙印.png,https://patchwiki.biligame.com/images/rocom/a/ab/8wvxz3p479e2b702afdqyzhx9340qgx.png,,0,https://wiki.biligame.com/rocom/%E7%84%9A%E7%83%A7%E7%83%99%E5%8D%B0
除厄,火,魔攻,,,,,https://patchwiki.biligame.com/images/rocom/f/f6/q41d5o4tdhvc497s6buhvglw0fpvkdl.png,除厄.png,https://patchwiki.biligame.com/images/rocom/a/ab/8wvxz3p479e2b702afdqyzhx9340qgx.png,,0,https://wiki.biligame.com/rocom/%E9%99%A4%E5%8E%84
阳火增辉,火,魔攻,,,,,https://patchwiki.biligame.com/images/rocom/7/7e/decegajxheasarvbemlmuf6lnnbg3g0.png,阳火增辉.png,https://patchwiki.biligame.com/images/rocom/a/ab/8wvxz3p479e2b702afdqyzhx9340qgx.png,,0,https://wiki.biligame.com/rocom/%E9%98%B3%E7%81%AB%E5%A2%9E%E8%BE%89
甩水,水,魔攻,,,,,https://patchwiki.biligame.com/images/rocom/1/1b/bcpw1ec5qsevcgb1ob8ot842hgghy3e.png,甩水.png,https://patchwiki.biligame.com/images/rocom/d/d1/csqsyhq1k488329455xdlzdcybv6zjh.png,,0,https://wiki.biligame.com/rocom/%E7%94%A9%E6%B0%B4
水弹枪,水,魔攻,,,,,https://patchwiki.biligame.com/images/rocom/8/8c/k5sx0uik6bto4jk16zcenez14b2dslu.png,水弹枪.png,https://patchwiki.biligame.com/images/rocom/d/d1/csqsyhq1k488329455xdlzdcybv6zjh.png,,0,https://wiki.biligame.com/rocom/%E6%B0%B4%E5%BC%B9%E6%9E%AA
气泡,水,魔攻,,,,,https://patchwiki.biligame.com/images/rocom/0/04/jqw511721rt5xpln15co9uvj8jym77l.png,气泡.png,https://patchwiki.biligame.com/images/rocom/d/d1/csqsyhq1k488329455xdlzdcybv6zjh.png,,0,https://wiki.biligame.com/rocom/%E6%B0%94%E6%B3%A1
水炮,水,魔攻,,,,,https://patchwiki.biligame.com/images/rocom/0/00/n0g484008mywyuvfjzlepm1r54wjxhn.png,水炮.png,https://patchwiki.biligame.com/images/rocom/d/d1/csqsyhq1k488329455xdlzdcybv6zjh.png,,0,https://wiki.biligame.com/rocom/%E6%B0%B4%E7%82%AE
水刃,水,物攻,,,,,https://patchwiki.biligame.com/images/rocom/7/71/fyaynqsb7130zlrvt0oczqgxn1p90m2.png,水刃.png,https://patchwiki.biligame.com/images/rocom/d/d1/csqsyhq1k488329455xdlzdcybv6zjh.png,,0,https://wiki.biligame.com/rocom/%E6%B0%B4%E5%88%83
天洪,水,魔攻,,,,,https://patchwiki.biligame.com/images/rocom/0/01/8gc9duetu9s6ns293motwfyciob89kb.png,天洪.png,https://patchwiki.biligame.com/images/rocom/d/d1/csqsyhq1k488329455xdlzdcybv6zjh.png,,0,https://wiki.biligame.com/rocom/%E5%A4%A9%E6%B4%AA
润泽,水,状态,,,,,https://patchwiki.biligame.com/images/rocom/c/cc/q0hvhfunr3knp5nt4xr5shgqifi94ps.png,润泽.png,https://patchwiki.biligame.com/images/rocom/d/d1/csqsyhq1k488329455xdlzdcybv6zjh.png,,0,https://wiki.biligame.com/rocom/%E6%B6%A6%E6%B3%BD
蓄水,水,状态,,,,,https://patchwiki.biligame.com/images/rocom/e/eb/osktsv4rm7s8y5afxh0nh7uzzuqcqsr.png,蓄水.png,https://patchwiki.biligame.com/images/rocom/d/d1/csqsyhq1k488329455xdlzdcybv6zjh.png,,0,https://wiki.biligame.com/rocom/%E8%93%84%E6%B0%B4
打湿,水,状态,,,,,https://patchwiki.biligame.com/images/rocom/3/36/33qryzuif3xjgl549gok9ojyl7giy3t.png,打湿.png,https://patchwiki.biligame.com/images/rocom/d/d1/csqsyhq1k488329455xdlzdcybv6zjh.png,,0,https://wiki.biligame.com/rocom/%E6%89%93%E6%B9%BF
落雨,水,状态,,,,,https://patchwiki.biligame.com/images/rocom/3/36/cqjtpcdcm1ozdhnyh3kgo4mtx0gxadb.png,落雨.png,https://patchwiki.biligame.com/images/rocom/d/d1/csqsyhq1k488329455xdlzdcybv6zjh.png,,0,https://wiki.biligame.com/rocom/%E8%90%BD%E9%9B%A8
泡沫幻影,水,防御,,,,,https://patchwiki.biligame.com/images/rocom/9/97/pseovvl9sj5fusmbole306xda69bdcr.png,泡沫幻影.png,https://patchwiki.biligame.com/images/rocom/d/d1/csqsyhq1k488329455xdlzdcybv6zjh.png,,0,https://wiki.biligame.com/rocom/%E6%B3%A1%E6%B2%AB%E5%B9%BB%E5%BD%B1
水泡盾,水,防御,,,,,https://patchwiki.biligame.com/images/rocom/1/12/3pbf86nnvzykqxqarqjgn4d802vgap0.png,水泡盾.png,https://patchwiki.biligame.com/images/rocom/d/d1/csqsyhq1k488329455xdlzdcybv6zjh.png,,0,https://wiki.biligame.com/rocom/%E6%B0%B4%E6%B3%A1%E7%9B%BE
水环,水,防御,,,,,https://patchwiki.biligame.com/images/rocom/7/70/8z2rtkshqohzl50mmz10ge4vvfa99l7.png,水环.png,https://patchwiki.biligame.com/images/rocom/d/d1/csqsyhq1k488329455xdlzdcybv6zjh.png,,0,https://wiki.biligame.com/rocom/%E6%B0%B4%E7%8E%AF
水光冲击,水,魔攻,,,,,https://patchwiki.biligame.com/images/rocom/2/23/lqzey53tg58p70sb7xp2dc7blsimsxx.png,水光冲击.png,https://patchwiki.biligame.com/images/rocom/d/d1/csqsyhq1k488329455xdlzdcybv6zjh.png,,0,https://wiki.biligame.com/rocom/%E6%B0%B4%E5%85%89%E5%86%B2%E5%87%BB
水波术,水,魔攻,,,,,https://patchwiki.biligame.com/images/rocom/7/7a/dfp3k12qyb4d7k18wehwok5q73b1ru1.png,水波术.png,https://patchwiki.biligame.com/images/rocom/d/d1/csqsyhq1k488329455xdlzdcybv6zjh.png,,0,https://wiki.biligame.com/rocom/%E6%B0%B4%E6%B3%A2%E6%9C%AF
水弹,水,魔攻,,,,,https://patchwiki.biligame.com/images/rocom/2/2b/q5w4ee9bzsnz7rw0nya010p2x50by4b.png,水弹.png,https://patchwiki.biligame.com/images/rocom/d/d1/csqsyhq1k488329455xdlzdcybv6zjh.png,,0,https://wiki.biligame.com/rocom/%E6%B0%B4%E5%BC%B9
泡沫,水,物攻,,,,,https://patchwiki.biligame.com/images/rocom/b/b2/65b9x3dc1zspr8pu8ulr9j7rsla6s2m.png,泡沫.png,https://patchwiki.biligame.com/images/rocom/d/d1/csqsyhq1k488329455xdlzdcybv6zjh.png,,0,https://wiki.biligame.com/rocom/%E6%B3%A1%E6%B2%AB
肥皂泡,水,魔攻,,,,,https://patchwiki.biligame.com/images/rocom/8/8b/dunqswg1h0fyc2hzgnsu00xvx8tl80l.png,肥皂泡.png,https://patchwiki.biligame.com/images/rocom/d/d1/csqsyhq1k488329455xdlzdcybv6zjh.png,,0,https://wiki.biligame.com/rocom/%E8%82%A5%E7%9A%82%E6%B3%A1
水花四溅,水,魔攻,,,,,https://patchwiki.biligame.com/images/rocom/c/c4/19g4tylk3yo2ehmvdr4q0cpw429yw3e.png,水花四溅.png,https://patchwiki.biligame.com/images/rocom/d/d1/csqsyhq1k488329455xdlzdcybv6zjh.png,,0,https://wiki.biligame.com/rocom/%E6%B0%B4%E8%8A%B1%E5%9B%9B%E6%BA%85
潮涌,水,物攻,,,,,https://patchwiki.biligame.com/images/rocom/c/cc/coz4l71zr6qrzhwnuvgl3zbez0suyug.png,潮涌.png,https://patchwiki.biligame.com/images/rocom/d/d1/csqsyhq1k488329455xdlzdcybv6zjh.png,,0,https://wiki.biligame.com/rocom/%E6%BD%AE%E6%B6%8C
水幕冲击,水,物攻,,,,,https://patchwiki.biligame.com/images/rocom/3/38/nfalf6bak6q1jli1kps6gsya7br5p76.png,水幕冲击.png,https://patchwiki.biligame.com/images/rocom/d/d1/csqsyhq1k488329455xdlzdcybv6zjh.png,,0,https://wiki.biligame.com/rocom/%E6%B0%B4%E5%B9%95%E5%86%B2%E5%87%BB
激流,水,魔攻,,,,,https://patchwiki.biligame.com/images/rocom/4/4b/l8qwcieigs9ny4gdtj8gskmg10eraxi.png,激流.png,https://patchwiki.biligame.com/images/rocom/d/d1/csqsyhq1k488329455xdlzdcybv6zjh.png,,0,https://wiki.biligame.com/rocom/%E6%BF%80%E6%B5%81
涌泉,水,魔攻,,,,,https://patchwiki.biligame.com/images/rocom/e/e7/cl4n15i3da71hfeo3tleig2mw0vlxpv.png,涌泉.png,https://patchwiki.biligame.com/images/rocom/d/d1/csqsyhq1k488329455xdlzdcybv6zjh.png,,0,https://wiki.biligame.com/rocom/%E6%B6%8C%E6%B3%89
洗礼,水,状态,,,,,https://patchwiki.biligame.com/images/rocom/a/a7/1x7ennxbgrbn8mg4zainrur50yn9vwn.png,洗礼.png,https://patchwiki.biligame.com/images/rocom/d/d1/csqsyhq1k488329455xdlzdcybv6zjh.png,,0,https://wiki.biligame.com/rocom/%E6%B4%97%E7%A4%BC
盐水浴,水,状态,,,,,https://patchwiki.biligame.com/images/rocom/4/4e/4mzbfpaie7z3pbqdirzgx835mderbsh.png,盐水浴.png,https://patchwiki.biligame.com/images/rocom/d/d1/csqsyhq1k488329455xdlzdcybv6zjh.png,,0,https://wiki.biligame.com/rocom/%E7%9B%90%E6%B0%B4%E6%B5%B4
潮汐,水,防御,,,,,https://patchwiki.biligame.com/images/rocom/3/36/g8s29svns4rs2erdv1u7os685k8bv3z.png,潮汐.png,https://patchwiki.biligame.com/images/rocom/d/d1/csqsyhq1k488329455xdlzdcybv6zjh.png,,0,https://wiki.biligame.com/rocom/%E6%BD%AE%E6%B1%90
闪光,光,魔攻,,,,,https://patchwiki.biligame.com/images/rocom/4/4d/l3c7n7ginftxk5hlbhlhn7m7zih35kt.png,闪光.png,https://patchwiki.biligame.com/images/rocom/d/de/pxfi7cg0j94c45uxf4itigu90wis7jr.png,,0,https://wiki.biligame.com/rocom/%E9%97%AA%E5%85%89
闪光冲击,光,物攻,,,,,https://patchwiki.biligame.com/images/rocom/d/d3/c1mvga7gceng0ug8ur8j7bdwuo51e6m.png,闪光冲击.png,https://patchwiki.biligame.com/images/rocom/d/de/pxfi7cg0j94c45uxf4itigu90wis7jr.png,,0,https://wiki.biligame.com/rocom/%E9%97%AA%E5%85%89%E5%86%B2%E5%87%BB
过曝,光,魔攻,,,,,https://patchwiki.biligame.com/images/rocom/4/4a/gdpuh77anculkdjzvh42jda8l0j1rwv.png,过曝.png,https://patchwiki.biligame.com/images/rocom/d/de/pxfi7cg0j94c45uxf4itigu90wis7jr.png,,0,https://wiki.biligame.com/rocom/%E8%BF%87%E6%9B%9D
折射,光,魔攻,,,,,https://patchwiki.biligame.com/images/rocom/2/24/ev65w5134wc1or7b6i79d52fy6p2ej3.png,折射.png,https://patchwiki.biligame.com/images/rocom/d/de/pxfi7cg0j94c45uxf4itigu90wis7jr.png,,0,https://wiki.biligame.com/rocom/%E6%8A%98%E5%B0%84
漫反射,光,状态,,,,,https://patchwiki.biligame.com/images/rocom/1/15/4jt3pi7o3uhlk3pqhu0jmxm9l3c4tpa.png,漫反射.png,https://patchwiki.biligame.com/images/rocom/d/de/pxfi7cg0j94c45uxf4itigu90wis7jr.png,,0,https://wiki.biligame.com/rocom/%E6%BC%AB%E5%8F%8D%E5%B0%84
镜像反射,光,防御,,,,,https://patchwiki.biligame.com/images/rocom/0/05/f2mbr7s8c3crrlcrhmrhl0zs1auybry.png,镜像反射.png,https://patchwiki.biligame.com/images/rocom/d/de/pxfi7cg0j94c45uxf4itigu90wis7jr.png,,0,https://wiki.biligame.com/rocom/%E9%95%9C%E5%83%8F%E5%8F%8D%E5%B0%84
光球,光,魔攻,,,,,https://patchwiki.biligame.com/images/rocom/8/86/4dx4e22eg43q8fujisq3xoewyfy47w3.png,光球.png,https://patchwiki.biligame.com/images/rocom/d/de/pxfi7cg0j94c45uxf4itigu90wis7jr.png,,0,https://wiki.biligame.com/rocom/%E5%85%89%E7%90%83
光之矛,光,物攻,,,,,https://patchwiki.biligame.com/images/rocom/8/88/kpn9ekbgqkfkpx6rzmusyu2k5rsvgl4.png,光之矛.png,https://patchwiki.biligame.com/images/rocom/d/de/pxfi7cg0j94c45uxf4itigu90wis7jr.png,,0,https://wiki.biligame.com/rocom/%E5%85%89%E4%B9%8B%E7%9F%9B
光刃,光,物攻,,,,,https://patchwiki.biligame.com/images/rocom/7/7b/hd8j741efb6aemd4rk3yg5av98iofm4.png,光刃.png,https://patchwiki.biligame.com/images/rocom/d/de/pxfi7cg0j94c45uxf4itigu90wis7jr.png,,0,https://wiki.biligame.com/rocom/%E5%85%89%E5%88%83
脉冲光线,光,魔攻,,,,,https://patchwiki.biligame.com/images/rocom/1/14/r6c40im9s65mfij5kwighmb7g1t388w.png,脉冲光线.png,https://patchwiki.biligame.com/images/rocom/d/de/pxfi7cg0j94c45uxf4itigu90wis7jr.png,,0,https://wiki.biligame.com/rocom/%E8%84%89%E5%86%B2%E5%85%89%E7%BA%BF
虹光冲击,光,魔攻,,,,,https://patchwiki.biligame.com/images/rocom/0/07/0gkbj8jwj0s8ayldj3rw48b6hefaa8n.png,虹光冲击.png,https://patchwiki.biligame.com/images/rocom/d/de/pxfi7cg0j94c45uxf4itigu90wis7jr.png,,0,https://wiki.biligame.com/rocom/%E8%99%B9%E5%85%89%E5%86%B2%E5%87%BB
折线冲击,光,物攻,,,,,https://patchwiki.biligame.com/images/rocom/5/5c/nuf4bfwchfis1bfzseswiqr69y8wgcm.png,折线冲击.png,https://patchwiki.biligame.com/images/rocom/d/de/pxfi7cg0j94c45uxf4itigu90wis7jr.png,,0,https://wiki.biligame.com/rocom/%E6%8A%98%E7%BA%BF%E5%86%B2%E5%87%BB
天光,光,魔攻,,,,,https://patchwiki.biligame.com/images/rocom/4/43/feckaf6d3elq3ue2jgtcbw25uf2nw2f.png,天光.png,https://patchwiki.biligame.com/images/rocom/d/de/pxfi7cg0j94c45uxf4itigu90wis7jr.png,,0,https://wiki.biligame.com/rocom/%E5%A4%A9%E5%85%89
透射,光,物攻,,,,,https://patchwiki.biligame.com/images/rocom/c/cf/jvrlcrxh6w6jdxa9eyut1yc9vr3h8u3.png,透射.png,https://patchwiki.biligame.com/images/rocom/d/de/pxfi7cg0j94c45uxf4itigu90wis7jr.png,,0,https://wiki.biligame.com/rocom/%E9%80%8F%E5%B0%84
放晴,光,状态,,,,,https://patchwiki.biligame.com/images/rocom/2/2b/f6zcx4loynihs6wzegsp992aia5v0cq.png,放晴.png,https://patchwiki.biligame.com/images/rocom/d/de/pxfi7cg0j94c45uxf4itigu90wis7jr.png,,0,https://wiki.biligame.com/rocom/%E6%94%BE%E6%99%B4
械斗,机械,物攻,,,,,https://patchwiki.biligame.com/images/rocom/3/33/den5z7tkhzg3n2n92lgfp79uuyotqjc.png,械斗.png,https://patchwiki.biligame.com/images/rocom/a/ad/fw81a2pvdickbcnq5rt17m6066cchcf.png,,0,https://wiki.biligame.com/rocom/%E6%A2%B0%E6%96%97
齿轮扭矩,机械,物攻,,,,,https://patchwiki.biligame.com/images/rocom/e/e2/56dgbhe15o1bax4g5s2jiprv1wfkjhi.png,齿轮扭矩.png,https://patchwiki.biligame.com/images/rocom/a/ad/fw81a2pvdickbcnq5rt17m6066cchcf.png,,0,https://wiki.biligame.com/rocom/%E9%BD%BF%E8%BD%AE%E6%89%AD%E7%9F%A9
钢钻,机械,物攻,,,,,https://patchwiki.biligame.com/images/rocom/1/1b/7piztbuvxqjsok3b23l5ehse80rwwyl.png,钢钻.png,https://patchwiki.biligame.com/images/rocom/a/ad/fw81a2pvdickbcnq5rt17m6066cchcf.png,,0,https://wiki.biligame.com/rocom/%E9%92%A2%E9%92%BB
钢铁洪流,机械,物攻,,,,,https://patchwiki.biligame.com/images/rocom/3/3a/il3jwvwuij4wj3j9smpfiqe96rj7hc5.png,钢铁洪流.png,https://patchwiki.biligame.com/images/rocom/a/ad/fw81a2pvdickbcnq5rt17m6066cchcf.png,,0,https://wiki.biligame.com/rocom/%E9%92%A2%E9%93%81%E6%B4%AA%E6%B5%81
杠杆置换,机械,状态,,,,,https://patchwiki.biligame.com/images/rocom/3/32/5hy17v1ba9zyiat78433unhkaoh698q.png,杠杆置换.png,https://patchwiki.biligame.com/images/rocom/a/ad/fw81a2pvdickbcnq5rt17m6066cchcf.png,,0,https://wiki.biligame.com/rocom/%E6%9D%A0%E6%9D%86%E7%BD%AE%E6%8D%A2
轴承支撑,机械,状态,,,,,https://patchwiki.biligame.com/images/rocom/6/68/objzemkrnt5v8ebe3ikmaan9tj29v4v.png,轴承支撑.png,https://patchwiki.biligame.com/images/rocom/a/ad/fw81a2pvdickbcnq5rt17m6066cchcf.png,,0,https://wiki.biligame.com/rocom/%E8%BD%B4%E6%89%BF%E6%94%AF%E6%92%91
联动装置,机械,状态,,,,,https://patchwiki.biligame.com/images/rocom/8/83/il3jwvwuij4wj3j9smpfiqe96rj7hc5.png,联动装置.png,https://patchwiki.biligame.com/images/rocom/a/ad/fw81a2pvdickbcnq5rt17m6066cchcf.png,,0,https://wiki.biligame.com/rocom/%E8%81%94%E5%8A%A8%E8%A3%85%E7%BD%AE
能量守恒,机械,防御,,,,,https://patchwiki.biligame.com/images/rocom/3/37/6auaafc79ya0cd65kpmrpqkcs8e8viq.png,能量守恒.png,https://patchwiki.biligame.com/images/rocom/a/ad/fw81a2pvdickbcnq5rt17m6066cchcf.png,,0,https://wiki.biligame.com/rocom/%E8%83%BD%E9%87%8F%E5%AE%88%E6%81%92
拆卸,机械,物攻,,,,,https://patchwiki.biligame.com/images/rocom/3/38/den5z7tkhzg3n2n92lgfp79uuyotqjc.png,拆卸.png,https://patchwiki.biligame.com/images/rocom/a/ad/fw81a2pvdickbcnq5rt17m6066cchcf.png,,0,https://wiki.biligame.com/rocom/%E6%8B%86%E5%8D%B8
离子震荡,机械,魔攻,,,,,https://patchwiki.biligame.com/images/rocom/d/dc/3c4l1zj598p0rb88vlj3nj5etl1r3o4.png,离子震荡.png,https://patchwiki.biligame.com/images/rocom/a/ad/fw81a2pvdickbcnq5rt17m6066cchcf.png,,0,https://wiki.biligame.com/rocom/%E7%A6%BB%E5%AD%90%E9%9C%87%E8%8D%A1
传感器,机械,物攻,,,,,https://patchwiki.biligame.com/images/rocom/3/39/k62i5lcckoza06rzgo86334u7gu0j5v.png,传感器.png,https://patchwiki.biligame.com/images/rocom/a/ad/fw81a2pvdickbcnq5rt17m6066cchcf.png,,0,https://wiki.biligame.com/rocom/%E4%BC%A0%E6%84%9F%E5%99%A8
金属噪音,机械,魔攻,,,,,https://patchwiki.biligame.com/images/rocom/1/1c/17k7ebhxzujvu27l257nur3b7e3ller.png,金属噪音.png,https://patchwiki.biligame.com/images/rocom/a/ad/fw81a2pvdickbcnq5rt17m6066cchcf.png,,0,https://wiki.biligame.com/rocom/%E9%87%91%E5%B1%9E%E5%99%AA%E9%9F%B3
磁暴,机械,魔攻,,,,,https://patchwiki.biligame.com/images/rocom/2/2a/qrv2hngecjqi0fsi93926sd99l2kjr1.png,磁暴.png,https://patchwiki.biligame.com/images/rocom/a/ad/fw81a2pvdickbcnq5rt17m6066cchcf.png,,0,https://wiki.biligame.com/rocom/%E7%A3%81%E6%9A%B4
齿轮切开,机械,物攻,,,,,https://patchwiki.biligame.com/images/rocom/2/2d/ldb6er0e3ifqs2yo6aodu2c0rgi1p8d.png,齿轮切开.png,https://patchwiki.biligame.com/images/rocom/a/ad/fw81a2pvdickbcnq5rt17m6066cchcf.png,,0,https://wiki.biligame.com/rocom/%E9%BD%BF%E8%BD%AE%E5%88%87%E5%BC%80
主轴,机械,物攻,,,,,https://patchwiki.biligame.com/images/rocom/8/8b/sam3gg2ms20vh8ksnvqppgnaed2eitx.png,主轴.png,https://patchwiki.biligame.com/images/rocom/a/ad/fw81a2pvdickbcnq5rt17m6066cchcf.png,,0,https://wiki.biligame.com/rocom/%E4%B8%BB%E8%BD%B4
啮合传递,机械,状态,,,,,https://patchwiki.biligame.com/images/rocom/7/74/togldrxfbzydbe48p7e9w8zidd7c8f0.png,啮合传递.png,https://patchwiki.biligame.com/images/rocom/a/ad/fw81a2pvdickbcnq5rt17m6066cchcf.png,,0,https://wiki.biligame.com/rocom/%E5%95%AE%E5%90%88%E4%BC%A0%E9%80%92
扬沙,地,物攻,,,,,https://patchwiki.biligame.com/images/rocom/6/67/ryxt7sj80zp654ryxlytzqbxn32t1hi.png,扬沙.png,https://patchwiki.biligame.com/images/rocom/3/32/0w5pybmkd8qm306doqx8kh5onl1o8cq.png,,0,https://wiki.biligame.com/rocom/%E6%89%AC%E6%B2%99
跺地,地,物攻,,,,,https://patchwiki.biligame.com/images/rocom/2/2d/42b9kq3e1kro7qtogzcslrgug4rkw5h.png,跺地.png,https://patchwiki.biligame.com/images/rocom/3/32/0w5pybmkd8qm306doqx8kh5onl1o8cq.png,,0,https://wiki.biligame.com/rocom/%E8%B7%BA%E5%9C%B0
地刺,地,物攻,,,,,https://patchwiki.biligame.com/images/rocom/f/ff/0kq2w4hjjofnysswsrbgm4mqlzpfhaz.png,地刺.png,https://patchwiki.biligame.com/images/rocom/3/32/0w5pybmkd8qm306doqx8kh5onl1o8cq.png,,0,https://wiki.biligame.com/rocom/%E5%9C%B0%E5%88%BA
岩土暴击,地,物攻,,,,,https://patchwiki.biligame.com/images/rocom/8/81/faqp6qtr6jufoggnu14f56omym96nfq.png,岩土暴击.png,https://patchwiki.biligame.com/images/rocom/3/32/0w5pybmkd8qm306doqx8kh5onl1o8cq.png,,0,https://wiki.biligame.com/rocom/%E5%B2%A9%E5%9C%9F%E6%9A%B4%E5%87%BB
石锁,地,物攻,,,,,https://patchwiki.biligame.com/images/rocom/9/9f/fungn98nzofc4f1ncpetfiy2gj051r3.png,石锁.png,https://patchwiki.biligame.com/images/rocom/3/32/0w5pybmkd8qm306doqx8kh5onl1o8cq.png,,0,https://wiki.biligame.com/rocom/%E7%9F%B3%E9%94%81
裂石,地,物攻,,,,,https://patchwiki.biligame.com/images/rocom/9/96/4j5uwci37fe0z9t8o38hsml8alpioot.png,裂石.png,https://patchwiki.biligame.com/images/rocom/3/32/0w5pybmkd8qm306doqx8kh5onl1o8cq.png,,0,https://wiki.biligame.com/rocom/%E8%A3%82%E7%9F%B3
抛石,地,物攻,,,,,https://patchwiki.biligame.com/images/rocom/b/b1/p0mi5157qey5qgfynbfukbkaqbmp6ay.png,抛石.png,https://patchwiki.biligame.com/images/rocom/3/32/0w5pybmkd8qm306doqx8kh5onl1o8cq.png,,0,https://wiki.biligame.com/rocom/%E6%8A%9B%E7%9F%B3
地震,地,物攻,,,,,https://patchwiki.biligame.com/images/rocom/9/97/avagq3uprnq17dgq0tz9qjfgh27k4gt.png,地震.png,https://patchwiki.biligame.com/images/rocom/3/32/0w5pybmkd8qm306doqx8kh5onl1o8cq.png,,0,https://wiki.biligame.com/rocom/%E5%9C%B0%E9%9C%87
流沙,地,状态,,,,,https://patchwiki.biligame.com/images/rocom/a/ab/8b7nvpehqrgtq2va3l1g9uv0sd0k1qw.png,流沙.png,https://patchwiki.biligame.com/images/rocom/3/32/0w5pybmkd8qm306doqx8kh5onl1o8cq.png,,0,https://wiki.biligame.com/rocom/%E6%B5%81%E6%B2%99
泥浆铠甲,地,状态,,,,,https://patchwiki.biligame.com/images/rocom/c/c8/gm1n80gvc7gdtjx0voifrpki1susxc2.png,泥浆铠甲.png,https://patchwiki.biligame.com/images/rocom/3/32/0w5pybmkd8qm306doqx8kh5onl1o8cq.png,,0,https://wiki.biligame.com/rocom/%E6%B3%A5%E6%B5%86%E9%93%A0%E7%94%B2
沙涌,地,状态,,,,,https://patchwiki.biligame.com/images/rocom/e/ef/4sryt5ogv2hnwqq34qd8j6h7kc4lyd0.png,沙涌.png,https://patchwiki.biligame.com/images/rocom/3/32/0w5pybmkd8qm306doqx8kh5onl1o8cq.png,,0,https://wiki.biligame.com/rocom/%E6%B2%99%E6%B6%8C
刺盾,地,防御,,,,,https://patchwiki.biligame.com/images/rocom/7/7b/2hsayokwivc29seg3x3q07tcdp5w233.png,刺盾.png,https://patchwiki.biligame.com/images/rocom/3/32/0w5pybmkd8qm306doqx8kh5onl1o8cq.png,,0,https://wiki.biligame.com/rocom/%E5%88%BA%E7%9B%BE
硬化,地,防御,,,,,https://patchwiki.biligame.com/images/rocom/e/ee/nyg0ayllg5hbbmkxcr7nr2hp7tzoebj.png,硬化.png,https://patchwiki.biligame.com/images/rocom/3/32/0w5pybmkd8qm306doqx8kh5onl1o8cq.png,,0,https://wiki.biligame.com/rocom/%E7%A1%AC%E5%8C%96
壁垒,地,防御,,,,,https://patchwiki.biligame.com/images/rocom/8/86/cgqi7sv82yk3aktjpzgtuc82t1bgz7r.png,壁垒.png,https://patchwiki.biligame.com/images/rocom/3/32/0w5pybmkd8qm306doqx8kh5onl1o8cq.png,,0,https://wiki.biligame.com/rocom/%E5%A3%81%E5%9E%92
遁地,地,防御,,,,,https://patchwiki.biligame.com/images/rocom/8/85/jjpyh76nzgigjrtiy8egbvfvivmombf.png,遁地.png,https://patchwiki.biligame.com/images/rocom/3/32/0w5pybmkd8qm306doqx8kh5onl1o8cq.png,,0,https://wiki.biligame.com/rocom/%E9%81%81%E5%9C%B0
泥浆,地,魔攻,,,,,https://patchwiki.biligame.com/images/rocom/7/76/ryxt7sj80zp654ryxlytzqbxn32t1hi.png,泥浆.png,https://patchwiki.biligame.com/images/rocom/3/32/0w5pybmkd8qm306doqx8kh5onl1o8cq.png,,0,https://wiki.biligame.com/rocom/%E6%B3%A5%E6%B5%86
泥巴喷射,地,魔攻,,,,,https://patchwiki.biligame.com/images/rocom/f/f3/5snc9qgisd2m34aspdjsxwvobr9fl2p.png,泥巴喷射.png,https://patchwiki.biligame.com/images/rocom/3/32/0w5pybmkd8qm306doqx8kh5onl1o8cq.png,,0,https://wiki.biligame.com/rocom/%E6%B3%A5%E5%B7%B4%E5%96%B7%E5%B0%84
落石,地,物攻,,,,,https://patchwiki.biligame.com/images/rocom/e/ec/tl2g6og786w08o824enkrb6mkdjyaco.png,落石.png,https://patchwiki.biligame.com/images/rocom/3/32/0w5pybmkd8qm306doqx8kh5onl1o8cq.png,,0,https://wiki.biligame.com/rocom/%E8%90%BD%E7%9F%B3
热砂,地,魔攻,,,,,https://patchwiki.biligame.com/images/rocom/5/5a/ixqirm3agby1babrxya70b1c2puxxhz.png,热砂.png,https://patchwiki.biligame.com/images/rocom/3/32/0w5pybmkd8qm306doqx8kh5onl1o8cq.png,,0,https://wiki.biligame.com/rocom/%E7%83%AD%E7%A0%82
陨石,地,魔攻,,,,,https://patchwiki.biligame.com/images/rocom/9/92/es3l25fxygtp62169ab635cz4v3t5ao.png,陨石.png,https://patchwiki.biligame.com/images/rocom/3/32/0w5pybmkd8qm306doqx8kh5onl1o8cq.png,,0,https://wiki.biligame.com/rocom/%E9%99%A8%E7%9F%B3
鸣沙陷阱,地,物攻,,,,,https://patchwiki.biligame.com/images/rocom/0/01/ln6fsmuu3v0l2t5oad5rhobf5ys4ysr.png,鸣沙陷阱.png,https://patchwiki.biligame.com/images/rocom/3/32/0w5pybmkd8qm306doqx8kh5onl1o8cq.png,,0,https://wiki.biligame.com/rocom/%E9%B8%A3%E6%B2%99%E9%99%B7%E9%98%B1
地陷,地,物攻,,,,,https://patchwiki.biligame.com/images/rocom/e/ee/szx8ky9l8ls0s4zve27gcpxi988zaef.png,地陷.png,https://patchwiki.biligame.com/images/rocom/3/32/0w5pybmkd8qm306doqx8kh5onl1o8cq.png,,0,https://wiki.biligame.com/rocom/%E5%9C%B0%E9%99%B7
岩脉崩毁,地,物攻,,,,,https://patchwiki.biligame.com/images/rocom/4/47/mn0s7ckpzhjx8sy58q0r47zrbetna6f.png,岩脉崩毁.png,https://patchwiki.biligame.com/images/rocom/3/32/0w5pybmkd8qm306doqx8kh5onl1o8cq.png,,0,https://wiki.biligame.com/rocom/%E5%B2%A9%E8%84%89%E5%B4%A9%E6%AF%81
震击,地,物攻,,,,,https://patchwiki.biligame.com/images/rocom/9/9f/85zmqjztxzq6day97jm2mxxbh2kajge.png,震击.png,https://patchwiki.biligame.com/images/rocom/3/32/0w5pybmkd8qm306doqx8kh5onl1o8cq.png,,0,https://wiki.biligame.com/rocom/%E9%9C%87%E5%87%BB
石肤术,地,状态,,,,,https://patchwiki.biligame.com/images/rocom/d/d8/m9dxgy70qkhfsgtm4x6ovw0tt2vz25w.png,石肤术.png,https://patchwiki.biligame.com/images/rocom/3/32/0w5pybmkd8qm306doqx8kh5onl1o8cq.png,,0,https://wiki.biligame.com/rocom/%E7%9F%B3%E8%82%A4%E6%9C%AF
钧势,地,状态,,,,,https://patchwiki.biligame.com/images/rocom/c/c8/mgoq878ndkxffn6btnv82q7f3rw5om8.png,钧势.png,https://patchwiki.biligame.com/images/rocom/3/32/0w5pybmkd8qm306doqx8kh5onl1o8cq.png,,0,https://wiki.biligame.com/rocom/%E9%92%A7%E5%8A%BF
蓄势待发,地,状态,,,,,https://patchwiki.biligame.com/images/rocom/2/23/dojfxx6rm2j5o9megbih4dbt4tmk6gh.png,蓄势待发.png,https://patchwiki.biligame.com/images/rocom/3/32/0w5pybmkd8qm306doqx8kh5onl1o8cq.png,,0,https://wiki.biligame.com/rocom/%E8%93%84%E5%8A%BF%E5%BE%85%E5%8F%91
淤泥表皮,地,防御,,,,,https://patchwiki.biligame.com/images/rocom/5/54/3l6legwmhf2h8n97wrgth1qg85rfusg.png,淤泥表皮.png,https://patchwiki.biligame.com/images/rocom/3/32/0w5pybmkd8qm306doqx8kh5onl1o8cq.png,,0,https://wiki.biligame.com/rocom/%E6%B7%A4%E6%B3%A5%E8%A1%A8%E7%9A%AE
不动如山,地,防御,,,,,https://patchwiki.biligame.com/images/rocom/d/d4/kg9apqyb2a32y8562ud802w8kiazmzl.png,不动如山.png,https://patchwiki.biligame.com/images/rocom/3/32/0w5pybmkd8qm306doqx8kh5onl1o8cq.png,,0,https://wiki.biligame.com/rocom/%E4%B8%8D%E5%8A%A8%E5%A6%82%E5%B1%B1
砂石冲撞,地,物攻,,,,,https://patchwiki.biligame.com/images/rocom/b/b8/mn0s7ckpzhjx8sy58q0r47zrbetna6f.png,砂石冲撞.png,https://patchwiki.biligame.com/images/rocom/3/32/0w5pybmkd8qm306doqx8kh5onl1o8cq.png,,0,https://wiki.biligame.com/rocom/%E7%A0%82%E7%9F%B3%E5%86%B2%E6%92%9E
风吹雪,冰,魔攻,,,,,https://patchwiki.biligame.com/images/rocom/d/d4/hyokjxgrcxum1ud8wash9n7uf8t0dgn.png,风吹雪.png,https://patchwiki.biligame.com/images/rocom/9/9b/oxnxxud1xhopw87c7mnawxijz8r1hns.png,,0,https://wiki.biligame.com/rocom/%E9%A3%8E%E5%90%B9%E9%9B%AA
暴风雪,冰,物攻,,,,,https://patchwiki.biligame.com/images/rocom/1/12/m96x8bcclrmqz2lza8dq92p76ku6hhw.png,暴风雪.png,https://patchwiki.biligame.com/images/rocom/9/9b/oxnxxud1xhopw87c7mnawxijz8r1hns.png,,0,https://wiki.biligame.com/rocom/%E6%9A%B4%E9%A3%8E%E9%9B%AA
冰晶坠,冰,物攻,,,,,https://patchwiki.biligame.com/images/rocom/b/bb/4g9hvytmie80mn075gjurvisa9reoc4.png,冰晶坠.png,https://patchwiki.biligame.com/images/rocom/9/9b/oxnxxud1xhopw87c7mnawxijz8r1hns.png,,0,https://wiki.biligame.com/rocom/%E5%86%B0%E6%99%B6%E5%9D%A0
冰雹,冰,物攻,,,,,https://patchwiki.biligame.com/images/rocom/a/a0/kmqfxttleq92yoh98iljna4u4wgfnaa.png,冰雹.png,https://patchwiki.biligame.com/images/rocom/9/9b/oxnxxud1xhopw87c7mnawxijz8r1hns.png,,0,https://wiki.biligame.com/rocom/%E5%86%B0%E9%9B%B9
极寒领域,冰,魔攻,,,,,https://patchwiki.biligame.com/images/rocom/2/26/ewegk0aleguiwk7o4sw740m92tev5ty.png,极寒领域.png,https://patchwiki.biligame.com/images/rocom/9/9b/oxnxxud1xhopw87c7mnawxijz8r1hns.png,,0,https://wiki.biligame.com/rocom/%E6%9E%81%E5%AF%92%E9%A2%86%E5%9F%9F
冰冻光线,冰,魔攻,,,,,https://patchwiki.biligame.com/images/rocom/a/a8/rczq85whu3axkyav8esl6twzxgqg1s0.png,冰冻光线.png,https://patchwiki.biligame.com/images/rocom/9/9b/oxnxxud1xhopw87c7mnawxijz8r1hns.png,,0,https://wiki.biligame.com/rocom/%E5%86%B0%E5%86%BB%E5%85%89%E7%BA%BF
霜降,冰,状态,,,,,https://patchwiki.biligame.com/images/rocom/b/bd/lfplex8gjbax37wl13uk3p83yzbuy8a.png,霜降.png,https://patchwiki.biligame.com/images/rocom/9/9b/oxnxxud1xhopw87c7mnawxijz8r1hns.png,,0,https://wiki.biligame.com/rocom/%E9%9C%9C%E9%99%8D
瞬间零度,冰,状态,,,,,https://patchwiki.biligame.com/images/rocom/3/39/7209llxey6slw92qaw57e7w2p5vltxd.png,瞬间零度.png,https://patchwiki.biligame.com/images/rocom/9/9b/oxnxxud1xhopw87c7mnawxijz8r1hns.png,,0,https://wiki.biligame.com/rocom/%E7%9E%AC%E9%97%B4%E9%9B%B6%E5%BA%A6
雾气环绕,冰,状态,,,,,https://patchwiki.biligame.com/images/rocom/c/ca/t7tp6zheis16fkag44yp7blo2y48153.png,雾气环绕.png,https://patchwiki.biligame.com/images/rocom/9/9b/oxnxxud1xhopw87c7mnawxijz8r1hns.png,,0,https://wiki.biligame.com/rocom/%E9%9B%BE%E6%B0%94%E7%8E%AF%E7%BB%95
霜天,冰,状态,,,,,https://patchwiki.biligame.com/images/rocom/d/d4/cl0rnprrfkoclkfjmmam9ejoj14a3e3.png,霜天.png,https://patchwiki.biligame.com/images/rocom/9/9b/oxnxxud1xhopw87c7mnawxijz8r1hns.png,,0,https://wiki.biligame.com/rocom/%E9%9C%9C%E5%A4%A9
冰天雪地,冰,防御,,,,,https://patchwiki.biligame.com/images/rocom/c/cc/ggrokgdoshk6pnwmjmdm1nl7qtpcbg8.png,冰天雪地.png,https://patchwiki.biligame.com/images/rocom/9/9b/oxnxxud1xhopw87c7mnawxijz8r1hns.png,,0,https://wiki.biligame.com/rocom/%E5%86%B0%E5%A4%A9%E9%9B%AA%E5%9C%B0
冰墙,冰,防御,,,,,https://patchwiki.biligame.com/images/rocom/5/52/outbjhewtffpotx4fm7z3lwzbgsqvxj.png,冰墙.png,https://patchwiki.biligame.com/images/rocom/9/9b/oxnxxud1xhopw87c7mnawxijz8r1hns.png,,0,https://wiki.biligame.com/rocom/%E5%86%B0%E5%A2%99
冰锥,冰,物攻,,,,,https://patchwiki.biligame.com/images/rocom/4/49/hyokjxgrcxum1ud8wash9n7uf8t0dgn.png,冰锥.png,https://patchwiki.biligame.com/images/rocom/9/9b/oxnxxud1xhopw87c7mnawxijz8r1hns.png,,0,https://wiki.biligame.com/rocom/%E5%86%B0%E9%94%A5
冷风,冰,魔攻,,,,,https://patchwiki.biligame.com/images/rocom/b/bd/2dd206ad9midguyh626gvba96h9fqgv.png,冷风.png,https://patchwiki.biligame.com/images/rocom/9/9b/oxnxxud1xhopw87c7mnawxijz8r1hns.png,,0,https://wiki.biligame.com/rocom/%E5%86%B7%E9%A3%8E
冰爪,冰,物攻,,,,,https://patchwiki.biligame.com/images/rocom/b/bd/dshfsy17e0nthmbe8on2zgx9qm7i1dm.png,冰爪.png,https://patchwiki.biligame.com/images/rocom/9/9b/oxnxxud1xhopw87c7mnawxijz8r1hns.png,,0,https://wiki.biligame.com/rocom/%E5%86%B0%E7%88%AA
打雪仗,冰,魔攻,,,,,https://patchwiki.biligame.com/images/rocom/a/ac/ez5eb53e6tzyuxrvkpitrxwa1lp42ql.png,打雪仗.png,https://patchwiki.biligame.com/images/rocom/9/9b/oxnxxud1xhopw87c7mnawxijz8r1hns.png,,0,https://wiki.biligame.com/rocom/%E6%89%93%E9%9B%AA%E4%BB%97
滚雪球,冰,物攻,,,,,https://patchwiki.biligame.com/images/rocom/2/2c/63shyy6a6z5y6qm7u2ffy2az1wblzvh.png,滚雪球.png,https://patchwiki.biligame.com/images/rocom/9/9b/oxnxxud1xhopw87c7mnawxijz8r1hns.png,,0,https://wiki.biligame.com/rocom/%E6%BB%9A%E9%9B%AA%E7%90%83
丢冰块,冰,物攻,,,,,https://patchwiki.biligame.com/images/rocom/d/d1/o2uych2f7to2st6k1k9nsf0o47pyby0.png,丢冰块.png,https://patchwiki.biligame.com/images/rocom/9/9b/oxnxxud1xhopw87c7mnawxijz8r1hns.png,,0,https://wiki.biligame.com/rocom/%E4%B8%A2%E5%86%B0%E5%9D%97
寒风吹,冰,魔攻,,,,,https://patchwiki.biligame.com/images/rocom/8/8d/9u5o2amh4f45p3ei9yqca2gw87ujkdz.png,寒风吹.png,https://patchwiki.biligame.com/images/rocom/9/9b/oxnxxud1xhopw87c7mnawxijz8r1hns.png,,0,https://wiki.biligame.com/rocom/%E5%AF%92%E9%A3%8E%E5%90%B9
雪球,冰,状态,,,,,https://patchwiki.biligame.com/images/rocom/f/f2/b835rr4w3vmdd19pdtvhvfeatkj0tpw.png,雪球.png,https://patchwiki.biligame.com/images/rocom/9/9b/oxnxxud1xhopw87c7mnawxijz8r1hns.png,,0,https://wiki.biligame.com/rocom/%E9%9B%AA%E7%90%83
碎冰冰,冰,魔攻,,,,,https://patchwiki.biligame.com/images/rocom/8/80/hyokjxgrcxum1ud8wash9n7uf8t0dgn.png,碎冰冰.png,https://patchwiki.biligame.com/images/rocom/9/9b/oxnxxud1xhopw87c7mnawxijz8r1hns.png,,0,https://wiki.biligame.com/rocom/%E7%A2%8E%E5%86%B0%E5%86%B0
冰捆缚,冰,状态,,,,,https://patchwiki.biligame.com/images/rocom/a/a1/7uip3b5qv5th86mg2kh9styok57o9s9.png,冰捆缚.png,https://patchwiki.biligame.com/images/rocom/9/9b/oxnxxud1xhopw87c7mnawxijz8r1hns.png,,0,https://wiki.biligame.com/rocom/%E5%86%B0%E6%8D%86%E7%BC%9A
速冻,冰,状态,,,,,https://patchwiki.biligame.com/images/rocom/0/06/7vtyg8ffhsbk1giv71aha31yalyy2cz.png,速冻.png,https://patchwiki.biligame.com/images/rocom/9/9b/oxnxxud1xhopw87c7mnawxijz8r1hns.png,,0,https://wiki.biligame.com/rocom/%E9%80%9F%E5%86%BB
冰蛋壳,冰,防御,,,,,https://patchwiki.biligame.com/images/rocom/5/5e/m4kbexhj8pa8ityoq4sdgy4wy01p5in.png,冰蛋壳.png,https://patchwiki.biligame.com/images/rocom/9/9b/oxnxxud1xhopw87c7mnawxijz8r1hns.png,,0,https://wiki.biligame.com/rocom/%E5%86%B0%E8%9B%8B%E5%A3%B3
雪替身,冰,防御,,,,,https://patchwiki.biligame.com/images/rocom/3/3c/jlzhrih3ngp2bkhdj85sa1tl5jsf5qa.png,雪替身.png,https://patchwiki.biligame.com/images/rocom/9/9b/oxnxxud1xhopw87c7mnawxijz8r1hns.png,,0,https://wiki.biligame.com/rocom/%E9%9B%AA%E6%9B%BF%E8%BA%AB
冬至,冰,状态,,,,,https://patchwiki.biligame.com/images/rocom/a/af/hyokjxgrcxum1ud8wash9n7uf8t0dgn.png,冬至.png,https://patchwiki.biligame.com/images/rocom/9/9b/oxnxxud1xhopw87c7mnawxijz8r1hns.png,,0,https://wiki.biligame.com/rocom/%E5%86%AC%E8%87%B3
霜冻,冰,状态,,,,,https://patchwiki.biligame.com/images/rocom/1/15/hyokjxgrcxum1ud8wash9n7uf8t0dgn.png,霜冻.png,https://patchwiki.biligame.com/images/rocom/9/9b/oxnxxud1xhopw87c7mnawxijz8r1hns.png,,0,https://wiki.biligame.com/rocom/%E9%9C%9C%E5%86%BB
冰点,冰,状态,,,,,https://patchwiki.biligame.com/images/rocom/1/14/8o9xjh6vtasltba2lbla85xi7ut2fzv.png,冰点.png,https://patchwiki.biligame.com/images/rocom/9/9b/oxnxxud1xhopw87c7mnawxijz8r1hns.png,,0,https://wiki.biligame.com/rocom/%E5%86%B0%E7%82%B9
龙吼,龙,物攻,,,,,https://patchwiki.biligame.com/images/rocom/4/42/rg146gyx4xcvwp3795u3qd1udpm1pmu.png,龙吼.png,https://patchwiki.biligame.com/images/rocom/6/65/kgcg0hvl19o7up0ug8f42bbvhi71dke.png,,0,https://wiki.biligame.com/rocom/%E9%BE%99%E5%90%BC
吹炎,龙,物攻,,,,,https://patchwiki.biligame.com/images/rocom/e/ee/jjr3y20ar9ul6o31tgwdmy5pzjyan0c.png,吹炎.png,https://patchwiki.biligame.com/images/rocom/6/65/kgcg0hvl19o7up0ug8f42bbvhi71dke.png,,0,https://wiki.biligame.com/rocom/%E5%90%B9%E7%82%8E
怨力打击,龙,魔攻,,,,,https://patchwiki.biligame.com/images/rocom/4/4c/eiy877x2gsgrw746j37lxzwc95032ji.png,怨力打击.png,https://patchwiki.biligame.com/images/rocom/6/65/kgcg0hvl19o7up0ug8f42bbvhi71dke.png,,0,https://wiki.biligame.com/rocom/%E6%80%A8%E5%8A%9B%E6%89%93%E5%87%BB
升龙咆哮,龙,魔攻,,,,,https://patchwiki.biligame.com/images/rocom/e/e9/h5mznzxstkiuigtrwdnrsahmio6oqcb.png,升龙咆哮.png,https://patchwiki.biligame.com/images/rocom/6/65/kgcg0hvl19o7up0ug8f42bbvhi71dke.png,,0,https://wiki.biligame.com/rocom/%E5%8D%87%E9%BE%99%E5%92%86%E5%93%AE
龙之利爪,龙,物攻,,,,,https://patchwiki.biligame.com/images/rocom/a/ae/aka5nex2sn781pcst74c8r98jwni2ek.png,龙之利爪.png,https://patchwiki.biligame.com/images/rocom/6/65/kgcg0hvl19o7up0ug8f42bbvhi71dke.png,,0,https://wiki.biligame.com/rocom/%E9%BE%99%E4%B9%8B%E5%88%A9%E7%88%AA
龙吟,龙,状态,,,,,https://patchwiki.biligame.com/images/rocom/c/ca/havprnws18esgbkwd4ijpddrall694f.png,龙吟.png,https://patchwiki.biligame.com/images/rocom/6/65/kgcg0hvl19o7up0ug8f42bbvhi71dke.png,,0,https://wiki.biligame.com/rocom/%E9%BE%99%E5%90%9F
架势,龙,状态,,,,,https://patchwiki.biligame.com/images/rocom/c/c8/bmsupk070zqszjcve47h7sc6yvxiht3.png,架势.png,https://patchwiki.biligame.com/images/rocom/6/65/kgcg0hvl19o7up0ug8f42bbvhi71dke.png,,0,https://wiki.biligame.com/rocom/%E6%9E%B6%E5%8A%BF
龙爪,龙,物攻,,,,,https://patchwiki.biligame.com/images/rocom/8/87/eiy877x2gsgrw746j37lxzwc95032ji.png,龙爪.png,https://patchwiki.biligame.com/images/rocom/6/65/kgcg0hvl19o7up0ug8f42bbvhi71dke.png,,0,https://wiki.biligame.com/rocom/%E9%BE%99%E7%88%AA
龙息环爆,龙,魔攻,,,,,https://patchwiki.biligame.com/images/rocom/2/21/rg146gyx4xcvwp3795u3qd1udpm1pmu.png,龙息环爆.png,https://patchwiki.biligame.com/images/rocom/6/65/kgcg0hvl19o7up0ug8f42bbvhi71dke.png,,0,https://wiki.biligame.com/rocom/%E9%BE%99%E6%81%AF%E7%8E%AF%E7%88%86
角击,龙,魔攻,,,,,https://patchwiki.biligame.com/images/rocom/6/6b/rg146gyx4xcvwp3795u3qd1udpm1pmu.png,角击.png,https://patchwiki.biligame.com/images/rocom/6/65/kgcg0hvl19o7up0ug8f42bbvhi71dke.png,,0,https://wiki.biligame.com/rocom/%E8%A7%92%E5%87%BB
龙炮,龙,物攻,,,,,https://patchwiki.biligame.com/images/rocom/3/35/hyefnypzc7xbdu539mxxsak5ay0sduu.png,龙炮.png,https://patchwiki.biligame.com/images/rocom/6/65/kgcg0hvl19o7up0ug8f42bbvhi71dke.png,,0,https://wiki.biligame.com/rocom/%E9%BE%99%E7%82%AE
隼鳞,龙,物攻,,,,,https://patchwiki.biligame.com/images/rocom/b/b3/pbea2ur973gfcga57hnl3istvt0ng6r.png,隼鳞.png,https://patchwiki.biligame.com/images/rocom/6/65/kgcg0hvl19o7up0ug8f42bbvhi71dke.png,,0,https://wiki.biligame.com/rocom/%E9%9A%BC%E9%B3%9E
龙威,龙,状态,,,,,https://patchwiki.biligame.com/images/rocom/5/50/rg146gyx4xcvwp3795u3qd1udpm1pmu.png,龙威.png,https://patchwiki.biligame.com/images/rocom/6/65/kgcg0hvl19o7up0ug8f42bbvhi71dke.png,,0,https://wiki.biligame.com/rocom/%E9%BE%99%E5%A8%81
龙血,龙,防御,,,,,https://patchwiki.biligame.com/images/rocom/6/62/rg146gyx4xcvwp3795u3qd1udpm1pmu.png,龙血.png,https://patchwiki.biligame.com/images/rocom/6/65/kgcg0hvl19o7up0ug8f42bbvhi71dke.png,,0,https://wiki.biligame.com/rocom/%E9%BE%99%E8%A1%80
绵里藏针,龙,魔攻,,,,,https://patchwiki.biligame.com/images/rocom/a/a0/e568of38aok4b9h3mbbco9qf6pw1lrt.png,绵里藏针.png,https://patchwiki.biligame.com/images/rocom/6/65/kgcg0hvl19o7up0ug8f42bbvhi71dke.png,,0,https://wiki.biligame.com/rocom/%E7%BB%B5%E9%87%8C%E8%97%8F%E9%92%88
导电撞击,电,物攻,,,,,https://patchwiki.biligame.com/images/rocom/7/72/7k1chqqykpmtloiw6fhq62mfxximdqz.png,导电撞击.png,https://patchwiki.biligame.com/images/rocom/0/02/iqzkamzcra945jsw5z6o8h9p30fv7db.png,,0,https://wiki.biligame.com/rocom/%E5%AF%BC%E7%94%B5%E6%92%9E%E5%87%BB
电弧,电,物攻,,,,,https://patchwiki.biligame.com/images/rocom/2/25/b69akjg816w6nxjfvrod3ha9ao5gqvy.png,电弧.png,https://patchwiki.biligame.com/images/rocom/0/02/iqzkamzcra945jsw5z6o8h9p30fv7db.png,,0,https://wiki.biligame.com/rocom/%E7%94%B5%E5%BC%A7
触电,电,魔攻,,,,,https://patchwiki.biligame.com/images/rocom/c/c2/0gmd35pypu7webhf151k4e44cxgtp0q.png,触电.png,https://patchwiki.biligame.com/images/rocom/0/02/iqzkamzcra945jsw5z6o8h9p30fv7db.png,,0,https://wiki.biligame.com/rocom/%E8%A7%A6%E7%94%B5
超导,电,魔攻,,,,,https://patchwiki.biligame.com/images/rocom/8/81/5g3numw6tzro7hnckz51ew5i1dbkgnp.png,超导.png,https://patchwiki.biligame.com/images/rocom/0/02/iqzkamzcra945jsw5z6o8h9p30fv7db.png,,0,https://wiki.biligame.com/rocom/%E8%B6%85%E5%AF%BC
引雷,电,魔攻,,,,,https://patchwiki.biligame.com/images/rocom/5/5e/3vwra9o4951oy3bc1a3bi0odozgsicl.png,引雷.png,https://patchwiki.biligame.com/images/rocom/0/02/iqzkamzcra945jsw5z6o8h9p30fv7db.png,,0,https://wiki.biligame.com/rocom/%E5%BC%95%E9%9B%B7
闪击折返,电,物攻,,,,,https://patchwiki.biligame.com/images/rocom/3/32/l0hz5e5574letobfyhyr5493nxhtkfe.png,闪击折返.png,https://patchwiki.biligame.com/images/rocom/0/02/iqzkamzcra945jsw5z6o8h9p30fv7db.png,,0,https://wiki.biligame.com/rocom/%E9%97%AA%E5%87%BB%E6%8A%98%E8%BF%94
落雷,电,魔攻,,,,,https://patchwiki.biligame.com/images/rocom/c/c2/0x1bkfnldho634i45w0uakw9hdqhuod.png,落雷.png,https://patchwiki.biligame.com/images/rocom/0/02/iqzkamzcra945jsw5z6o8h9p30fv7db.png,,0,https://wiki.biligame.com/rocom/%E8%90%BD%E9%9B%B7
雷暴,电,魔攻,,,,,https://patchwiki.biligame.com/images/rocom/b/ba/po3os3uqfdov4n6qaoqrl734hhparyk.png,雷暴.png,https://patchwiki.biligame.com/images/rocom/0/02/iqzkamzcra945jsw5z6o8h9p30fv7db.png,,0,https://wiki.biligame.com/rocom/%E9%9B%B7%E6%9A%B4
麻痹,电,状态,,,,,https://patchwiki.biligame.com/images/rocom/d/d4/p0e89icdz5hoaaikyhi3vwpkusnldlj.png,麻痹.png,https://patchwiki.biligame.com/images/rocom/0/02/iqzkamzcra945jsw5z6o8h9p30fv7db.png,,0,https://wiki.biligame.com/rocom/%E9%BA%BB%E7%97%B9
增程电池,电,状态,,,,,https://patchwiki.biligame.com/images/rocom/f/fa/161l6v1c0yy8vn9mx6dpbtvc2yfe844.png,增程电池.png,https://patchwiki.biligame.com/images/rocom/0/02/iqzkamzcra945jsw5z6o8h9p30fv7db.png,,0,https://wiki.biligame.com/rocom/%E5%A2%9E%E7%A8%8B%E7%94%B5%E6%B1%A0
加大功率,电,状态,,,,,https://patchwiki.biligame.com/images/rocom/3/3c/65a5atbzalyqt9d9wz9cpo9y22w1na0.png,加大功率.png,https://patchwiki.biligame.com/images/rocom/0/02/iqzkamzcra945jsw5z6o8h9p30fv7db.png,,0,https://wiki.biligame.com/rocom/%E5%8A%A0%E5%A4%A7%E5%8A%9F%E7%8E%87
集中,电,防御,,,,,https://patchwiki.biligame.com/images/rocom/5/51/j0r3fyeme8ibytepaq1qgu6jwbgn7sj.png,集中.png,https://patchwiki.biligame.com/images/rocom/0/02/iqzkamzcra945jsw5z6o8h9p30fv7db.png,,0,https://wiki.biligame.com/rocom/%E9%9B%86%E4%B8%AD
电流,电,魔攻,,,,,https://patchwiki.biligame.com/images/rocom/a/a3/jn4py2wyehcqpfkwbwzm4v2yae4dnrl.png,电流.png,https://patchwiki.biligame.com/images/rocom/0/02/iqzkamzcra945jsw5z6o8h9p30fv7db.png,,0,https://wiki.biligame.com/rocom/%E7%94%B5%E6%B5%81
球状闪电,电,物攻,,,,,https://patchwiki.biligame.com/images/rocom/e/e5/4zk7plooi0580fjzshoh7f0ph6cwkhr.png,球状闪电.png,https://patchwiki.biligame.com/images/rocom/0/02/iqzkamzcra945jsw5z6o8h9p30fv7db.png,,0,https://wiki.biligame.com/rocom/%E7%90%83%E7%8A%B6%E9%97%AA%E7%94%B5
磁干扰,电,魔攻,,,,,https://patchwiki.biligame.com/images/rocom/e/ee/4xco72v4orp5bkj9el7nq15opixsl33.png,磁干扰.png,https://patchwiki.biligame.com/images/rocom/0/02/iqzkamzcra945jsw5z6o8h9p30fv7db.png,,0,https://wiki.biligame.com/rocom/%E7%A3%81%E5%B9%B2%E6%89%B0
离子火花,电,物攻,,,,,https://patchwiki.biligame.com/images/rocom/f/f0/lcvu16fktj9xsw26xkxnds1s7kpe2pd.png,离子火花.png,https://patchwiki.biligame.com/images/rocom/0/02/iqzkamzcra945jsw5z6o8h9p30fv7db.png,,0,https://wiki.biligame.com/rocom/%E7%A6%BB%E5%AD%90%E7%81%AB%E8%8A%B1
交叉闪电,电,物攻,,,,,https://patchwiki.biligame.com/images/rocom/5/57/bqktezkurbhfmyj0spc796aj8vsh7u9.png,交叉闪电.png,https://patchwiki.biligame.com/images/rocom/0/02/iqzkamzcra945jsw5z6o8h9p30fv7db.png,,0,https://wiki.biligame.com/rocom/%E4%BA%A4%E5%8F%89%E9%97%AA%E7%94%B5
超导加速,电,魔攻,,,,,https://patchwiki.biligame.com/images/rocom/f/f5/kl51lv1vt5xt8vbali4l73nswahxfd1.png,超导加速.png,https://patchwiki.biligame.com/images/rocom/0/02/iqzkamzcra945jsw5z6o8h9p30fv7db.png,,0,https://wiki.biligame.com/rocom/%E8%B6%85%E5%AF%BC%E5%8A%A0%E9%80%9F
双联脉冲,电,魔攻,,,,,https://patchwiki.biligame.com/images/rocom/1/15/7ngy3lbc0lefpn66xmd3yj8ezcu0ej5.png,双联脉冲.png,https://patchwiki.biligame.com/images/rocom/0/02/iqzkamzcra945jsw5z6o8h9p30fv7db.png,,0,https://wiki.biligame.com/rocom/%E5%8F%8C%E8%81%94%E8%84%89%E5%86%B2
过载回路,电,状态,,,,,https://patchwiki.biligame.com/images/rocom/1/15/srriixrhzxqzt1wodr33910szv6yf11.png,过载回路.png,https://patchwiki.biligame.com/images/rocom/0/02/iqzkamzcra945jsw5z6o8h9p30fv7db.png,,0,https://wiki.biligame.com/rocom/%E8%BF%87%E8%BD%BD%E5%9B%9E%E8%B7%AF
远程访问,电,状态,,,,,https://patchwiki.biligame.com/images/rocom/1/1b/6jd04ojfbtilzpzvh211geez68sa6wi.png,远程访问.png,https://patchwiki.biligame.com/images/rocom/0/02/iqzkamzcra945jsw5z6o8h9p30fv7db.png,,0,https://wiki.biligame.com/rocom/%E8%BF%9C%E7%A8%8B%E8%AE%BF%E9%97%AE
感电,电,魔攻,,,,,https://patchwiki.biligame.com/images/rocom/8/8b/5mzd6fuv30eb6bazzmk8u7yadye7k97.png,感电.png,https://patchwiki.biligame.com/images/rocom/0/02/iqzkamzcra945jsw5z6o8h9p30fv7db.png,,0,https://wiki.biligame.com/rocom/%E6%84%9F%E7%94%B5
强制重启,电,魔攻,,,,,https://patchwiki.biligame.com/images/rocom/2/2d/d972dlwxj7ffdelqdybyxc72v8cuq0t.png,强制重启.png,https://patchwiki.biligame.com/images/rocom/0/02/iqzkamzcra945jsw5z6o8h9p30fv7db.png,,0,https://wiki.biligame.com/rocom/%E5%BC%BA%E5%88%B6%E9%87%8D%E5%90%AF
电离爆破,电,状态,,,,,https://patchwiki.biligame.com/images/rocom/a/a4/9fzl7k9vpdqvihhrvgyi6xtxufd8vza.png,电离爆破.png,https://patchwiki.biligame.com/images/rocom/0/02/iqzkamzcra945jsw5z6o8h9p30fv7db.png,,0,https://wiki.biligame.com/rocom/%E7%94%B5%E7%A6%BB%E7%88%86%E7%A0%B4
电磁偏转,电,防御,,,,,https://patchwiki.biligame.com/images/rocom/3/36/n94xtdht2fww0gzadh36v6zrlmtbl7p.png,电磁偏转.png,https://patchwiki.biligame.com/images/rocom/0/02/iqzkamzcra945jsw5z6o8h9p30fv7db.png,,0,https://wiki.biligame.com/rocom/%E7%94%B5%E7%A3%81%E5%81%8F%E8%BD%AC
毒针,毒,物攻,,,,,https://patchwiki.biligame.com/images/rocom/0/0f/el31afswhn8b25lfk1qt4nknpqs59c9.png,毒针.png,https://patchwiki.biligame.com/images/rocom/5/53/jnd3vijasgthdz2ukggyfpisd464r2v.png,,0,https://wiki.biligame.com/rocom/%E6%AF%92%E9%92%88
腐蚀酸液,毒,魔攻,,,,,https://patchwiki.biligame.com/images/rocom/0/0a/56684c5aqv2rl7j0i0aeyvdlv1mrr09.png,腐蚀酸液.png,https://patchwiki.biligame.com/images/rocom/5/53/jnd3vijasgthdz2ukggyfpisd464r2v.png,,0,https://wiki.biligame.com/rocom/%E8%85%90%E8%9A%80%E9%85%B8%E6%B6%B2
连续毒针,毒,物攻,,,,,https://patchwiki.biligame.com/images/rocom/1/16/jtnhnw78hdh1sbw4xn6rdg1wajt02hv.png,连续毒针.png,https://patchwiki.biligame.com/images/rocom/5/53/jnd3vijasgthdz2ukggyfpisd464r2v.png,,0,https://wiki.biligame.com/rocom/%E8%BF%9E%E7%BB%AD%E6%AF%92%E9%92%88
毒囊,毒,物攻,,,,,https://patchwiki.biligame.com/images/rocom/f/ff/pi136ogwbvl9y155fcmqwp5jflr7r6u.png,毒囊.png,https://patchwiki.biligame.com/images/rocom/5/53/jnd3vijasgthdz2ukggyfpisd464r2v.png,,0,https://wiki.biligame.com/rocom/%E6%AF%92%E5%9B%8A
毒液渗透,毒,魔攻,,,,,https://patchwiki.biligame.com/images/rocom/0/0b/dkpwubnyefitw7vuqw3uhy582f1uo9u.png,毒液渗透.png,https://patchwiki.biligame.com/images/rocom/5/53/jnd3vijasgthdz2ukggyfpisd464r2v.png,,0,https://wiki.biligame.com/rocom/%E6%AF%92%E6%B6%B2%E6%B8%97%E9%80%8F
感染病,毒,魔攻,,,,,https://patchwiki.biligame.com/images/rocom/c/ce/auk6r6tgj6p09ru4b1skckwcl4ytd6b.png,感染病.png,https://patchwiki.biligame.com/images/rocom/5/53/jnd3vijasgthdz2ukggyfpisd464r2v.png,,0,https://wiki.biligame.com/rocom/%E6%84%9F%E6%9F%93%E7%97%85
毒孢子,毒,状态,,,,,https://patchwiki.biligame.com/images/rocom/8/8f/dkpwubnyefitw7vuqw3uhy582f1uo9u.png,毒孢子.png,https://patchwiki.biligame.com/images/rocom/5/53/jnd3vijasgthdz2ukggyfpisd464r2v.png,,0,https://wiki.biligame.com/rocom/%E6%AF%92%E5%AD%A2%E5%AD%90
毒雾,毒,状态,,,,,https://patchwiki.biligame.com/images/rocom/4/4c/g0pabxs6lyeit4gp23ngsxc9k5l4x08.png,毒雾.png,https://patchwiki.biligame.com/images/rocom/5/53/jnd3vijasgthdz2ukggyfpisd464r2v.png,,0,https://wiki.biligame.com/rocom/%E6%AF%92%E9%9B%BE
剧毒,毒,状态,,,,,https://patchwiki.biligame.com/images/rocom/f/f0/qfb4lc1kn10dr1y5vrg2c0p9bn2mzej.png,剧毒.png,https://patchwiki.biligame.com/images/rocom/5/53/jnd3vijasgthdz2ukggyfpisd464r2v.png,,0,https://wiki.biligame.com/rocom/%E5%89%A7%E6%AF%92
以毒攻毒,毒,状态,,,,,https://patchwiki.biligame.com/images/rocom/c/cc/ffxewgo3l4q8okwskg6w61v90t3nf54.png,以毒攻毒.png,https://patchwiki.biligame.com/images/rocom/5/53/jnd3vijasgthdz2ukggyfpisd464r2v.png,,0,https://wiki.biligame.com/rocom/%E4%BB%A5%E6%AF%92%E6%94%BB%E6%AF%92
落井下毒,毒,状态,,,,,https://patchwiki.biligame.com/images/rocom/1/16/auk6r6tgj6p09ru4b1skckwcl4ytd6b.png,落井下毒.png,https://patchwiki.biligame.com/images/rocom/5/53/jnd3vijasgthdz2ukggyfpisd464r2v.png,,0,https://wiki.biligame.com/rocom/%E8%90%BD%E4%BA%95%E4%B8%8B%E6%AF%92
毒泡泡,毒,魔攻,,,,,https://patchwiki.biligame.com/images/rocom/1/11/7clvl1gylh0arb770x39k1yje7x2p53.png,毒泡泡.png,https://patchwiki.biligame.com/images/rocom/5/53/jnd3vijasgthdz2ukggyfpisd464r2v.png,,0,https://wiki.biligame.com/rocom/%E6%AF%92%E6%B3%A1%E6%B3%A1
溃烂触碰,毒,物攻,,,,,https://patchwiki.biligame.com/images/rocom/6/6e/exs3sq1o8p2575vo4xj85pylzvmd6uw.png,溃烂触碰.png,https://patchwiki.biligame.com/images/rocom/5/53/jnd3vijasgthdz2ukggyfpisd464r2v.png,,0,https://wiki.biligame.com/rocom/%E6%BA%83%E7%83%82%E8%A7%A6%E7%A2%B0
毒沼,毒,物攻,,,,,https://patchwiki.biligame.com/images/rocom/9/9b/0lq0a5e10y7eqvw9l3s6jrx9menzm6d.png,毒沼.png,https://patchwiki.biligame.com/images/rocom/5/53/jnd3vijasgthdz2ukggyfpisd464r2v.png,,0,https://wiki.biligame.com/rocom/%E6%AF%92%E6%B2%BC
瘴气喷射,毒,魔攻,,,,,https://patchwiki.biligame.com/images/rocom/9/9b/2gq1tuvwhtyynjw8rloqlfa3bw177ad.png,瘴气喷射.png,https://patchwiki.biligame.com/images/rocom/5/53/jnd3vijasgthdz2ukggyfpisd464r2v.png,,0,https://wiki.biligame.com/rocom/%E7%98%B4%E6%B0%94%E5%96%B7%E5%B0%84
鸩毒,毒,魔攻,,,,,https://patchwiki.biligame.com/images/rocom/a/a1/ayig5e85cupux5hrlfsarkpgodenbld.png,鸩毒.png,https://patchwiki.biligame.com/images/rocom/5/53/jnd3vijasgthdz2ukggyfpisd464r2v.png,,0,https://wiki.biligame.com/rocom/%E9%B8%A9%E6%AF%92
腐化,毒,状态,,,,,https://patchwiki.biligame.com/images/rocom/6/6a/l17k3ey1wk0x9qs0yvs4goxrdbrtmxm.png,腐化.png,https://patchwiki.biligame.com/images/rocom/5/53/jnd3vijasgthdz2ukggyfpisd464r2v.png,,0,https://wiki.biligame.com/rocom/%E8%85%90%E5%8C%96
疫病吐息,毒,状态,,,,,https://patchwiki.biligame.com/images/rocom/c/c0/el31afswhn8b25lfk1qt4nknpqs59c9.png,疫病吐息.png,https://patchwiki.biligame.com/images/rocom/5/53/jnd3vijasgthdz2ukggyfpisd464r2v.png,,0,https://wiki.biligame.com/rocom/%E7%96%AB%E7%97%85%E5%90%90%E6%81%AF
不可接触,毒,防御,,,,,https://patchwiki.biligame.com/images/rocom/c/cf/jgex2m6o673fj35ammwxwu8v8hjgn3x.png,不可接触.png,https://patchwiki.biligame.com/images/rocom/5/53/jnd3vijasgthdz2ukggyfpisd464r2v.png,,0,https://wiki.biligame.com/rocom/%E4%B8%8D%E5%8F%AF%E6%8E%A5%E8%A7%A6
啃咬,虫,物攻,,,,,https://patchwiki.biligame.com/images/rocom/6/63/h73ij4u1006774fua5jl0uw9yv1riem.png,啃咬.png,https://patchwiki.biligame.com/images/rocom/c/cb/q3mlwj270f67spwr934hpqx7hj62bm3.png,,0,https://wiki.biligame.com/rocom/%E5%95%83%E5%92%AC
飞断,虫,物攻,,,,,https://patchwiki.biligame.com/images/rocom/9/99/iwg3klexqcmynvnoc1m4yormtt2jxul.png,飞断.png,https://patchwiki.biligame.com/images/rocom/c/cb/q3mlwj270f67spwr934hpqx7hj62bm3.png,,0,https://wiki.biligame.com/rocom/%E9%A3%9E%E6%96%AD
虫群过境,虫,物攻,,,,,https://patchwiki.biligame.com/images/rocom/2/2a/1tg4mcbudgoo3in2zdjufva7ppxpgb2.png,虫群过境.png,https://patchwiki.biligame.com/images/rocom/c/cb/q3mlwj270f67spwr934hpqx7hj62bm3.png,,0,https://wiki.biligame.com/rocom/%E8%99%AB%E7%BE%A4%E8%BF%87%E5%A2%83
虫群,虫,物攻,,,,,https://patchwiki.biligame.com/images/rocom/7/74/ftnwa6tm2vahgql2yshzflxy6z5pv3r.png,虫群.png,https://patchwiki.biligame.com/images/rocom/c/cb/q3mlwj270f67spwr934hpqx7hj62bm3.png,,0,https://wiki.biligame.com/rocom/%E8%99%AB%E7%BE%A4
虫网,虫,魔攻,,,,,https://patchwiki.biligame.com/images/rocom/1/1a/m9aundeeyagfd7hk6pl7g9uqnqy4yy6.png,虫网.png,https://patchwiki.biligame.com/images/rocom/c/cb/q3mlwj270f67spwr934hpqx7hj62bm3.png,,0,https://wiki.biligame.com/rocom/%E8%99%AB%E7%BD%91
虫击,虫,物攻,,,,,https://patchwiki.biligame.com/images/rocom/9/9b/c3b1dctx3u8u9nh7kjgbtea0cfsgv0a.png,虫击.png,https://patchwiki.biligame.com/images/rocom/c/cb/q3mlwj270f67spwr934hpqx7hj62bm3.png,,0,https://wiki.biligame.com/rocom/%E8%99%AB%E5%87%BB
虫鸣,虫,魔攻,,,,,https://patchwiki.biligame.com/images/rocom/b/b8/msu8v39vl5vtyloulhetjoz8zvysuym.png,虫鸣.png,https://patchwiki.biligame.com/images/rocom/c/cb/q3mlwj270f67spwr934hpqx7hj62bm3.png,,0,https://wiki.biligame.com/rocom/%E8%99%AB%E9%B8%A3
捆缚,虫,状态,,,,,https://patchwiki.biligame.com/images/rocom/b/ba/6p894avuvxjienuwp2jcllxhxteyv8k.png,捆缚.png,https://patchwiki.biligame.com/images/rocom/c/cb/q3mlwj270f67spwr934hpqx7hj62bm3.png,,0,https://wiki.biligame.com/rocom/%E6%8D%86%E7%BC%9A
假寐,虫,状态,,,,,https://patchwiki.biligame.com/images/rocom/c/c2/aaueqqyqeqi5o1jqm5zrm5tp7dtv6y2.png,假寐.png,https://patchwiki.biligame.com/images/rocom/c/cb/q3mlwj270f67spwr934hpqx7hj62bm3.png,,0,https://wiki.biligame.com/rocom/%E5%81%87%E5%AF%90
虫茧,虫,状态,,,,,https://patchwiki.biligame.com/images/rocom/4/4e/r2yxqsqyjp8ct2962k3aqftfvz3mm39.png,虫茧.png,https://patchwiki.biligame.com/images/rocom/c/cb/q3mlwj270f67spwr934hpqx7hj62bm3.png,,0,https://wiki.biligame.com/rocom/%E8%99%AB%E8%8C%A7
虫群智慧,虫,状态,,,,,https://patchwiki.biligame.com/images/rocom/8/8c/k5hrek27lyno7agiddwaq74f4bt07v0.png,虫群智慧.png,https://patchwiki.biligame.com/images/rocom/c/cb/q3mlwj270f67spwr934hpqx7hj62bm3.png,,0,https://wiki.biligame.com/rocom/%E8%99%AB%E7%BE%A4%E6%99%BA%E6%85%A7
贮藏,虫,状态,,,,,https://patchwiki.biligame.com/images/rocom/e/e0/fqb30hrj30qz8g7awozsjhvvbhr7n34.png,贮藏.png,https://patchwiki.biligame.com/images/rocom/c/cb/q3mlwj270f67spwr934hpqx7hj62bm3.png,,0,https://wiki.biligame.com/rocom/%E8%B4%AE%E8%97%8F
掩护,虫,防御,,,,,https://patchwiki.biligame.com/images/rocom/1/15/465bw4vh73oybmrgeevpsssnx9r5tq9.png,掩护.png,https://patchwiki.biligame.com/images/rocom/c/cb/q3mlwj270f67spwr934hpqx7hj62bm3.png,,0,https://wiki.biligame.com/rocom/%E6%8E%A9%E6%8A%A4
蛰针,虫,物攻,,,,,https://patchwiki.biligame.com/images/rocom/5/53/8sebg1sj44ugigo9nc5m8c5iwomzqbb.png,蛰针.png,https://patchwiki.biligame.com/images/rocom/c/cb/q3mlwj270f67spwr934hpqx7hj62bm3.png,,0,https://wiki.biligame.com/rocom/%E8%9B%B0%E9%92%88
虫刺,虫,魔攻,,,,,https://patchwiki.biligame.com/images/rocom/f/f7/bmakp2zxj3ofpvnmnz6ggp03n9e8s1q.png,虫刺.png,https://patchwiki.biligame.com/images/rocom/c/cb/q3mlwj270f67spwr934hpqx7hj62bm3.png,,0,https://wiki.biligame.com/rocom/%E8%99%AB%E5%88%BA
噬心,虫,物攻,,,,,https://patchwiki.biligame.com/images/rocom/a/af/o21t2e34i1312p2po4eyvp62prtuzka.png,噬心.png,https://patchwiki.biligame.com/images/rocom/c/cb/q3mlwj270f67spwr934hpqx7hj62bm3.png,,0,https://wiki.biligame.com/rocom/%E5%99%AC%E5%BF%83
尾后针,虫,物攻,,,,,https://patchwiki.biligame.com/images/rocom/b/be/m9aundeeyagfd7hk6pl7g9uqnqy4yy6.png,尾后针.png,https://patchwiki.biligame.com/images/rocom/c/cb/q3mlwj270f67spwr934hpqx7hj62bm3.png,,0,https://wiki.biligame.com/rocom/%E5%B0%BE%E5%90%8E%E9%92%88
虫蛊,虫,魔攻,,,,,https://patchwiki.biligame.com/images/rocom/0/03/tri55w7vag9ooualjmmjn8lruqyjni3.png,虫蛊.png,https://patchwiki.biligame.com/images/rocom/c/cb/q3mlwj270f67spwr934hpqx7hj62bm3.png,,0,https://wiki.biligame.com/rocom/%E8%99%AB%E8%9B%8A
翅刃,虫,物攻,,,,,https://patchwiki.biligame.com/images/rocom/4/41/8iwmgabpncglsif7ps8gs03ajff2hdu.png,翅刃.png,https://patchwiki.biligame.com/images/rocom/c/cb/q3mlwj270f67spwr934hpqx7hj62bm3.png,,0,https://wiki.biligame.com/rocom/%E7%BF%85%E5%88%83
网缚,虫,物攻,,,,,https://patchwiki.biligame.com/images/rocom/f/f1/t4dnb8cfkmk3n2du208w8t07b3kbo80.png,网缚.png,https://patchwiki.biligame.com/images/rocom/c/cb/q3mlwj270f67spwr934hpqx7hj62bm3.png,,0,https://wiki.biligame.com/rocom/%E7%BD%91%E7%BC%9A
食腐,虫,状态,,,,,https://patchwiki.biligame.com/images/rocom/1/17/nsej08n2s0hbzmpiyzz7iwfupm1j2nz.png,食腐.png,https://patchwiki.biligame.com/images/rocom/c/cb/q3mlwj270f67spwr934hpqx7hj62bm3.png,,0,https://wiki.biligame.com/rocom/%E9%A3%9F%E8%85%90
虫结阵,虫,防御,,,,,https://patchwiki.biligame.com/images/rocom/c/cf/mxjqa2hlzn3mtm43kwgrvs2w95256r4.png,虫结阵.png,https://patchwiki.biligame.com/images/rocom/c/cb/q3mlwj270f67spwr934hpqx7hj62bm3.png,,0,https://wiki.biligame.com/rocom/%E8%99%AB%E7%BB%93%E9%98%B5
草虫冲击,虫,物攻,,,,,https://patchwiki.biligame.com/images/rocom/d/df/3q6wcqxt8lejhfmauq4bpe1fdvwdm7x.png,草虫冲击.png,https://patchwiki.biligame.com/images/rocom/c/cb/q3mlwj270f67spwr934hpqx7hj62bm3.png,,0,https://wiki.biligame.com/rocom/%E8%8D%89%E8%99%AB%E5%86%B2%E5%87%BB
寸拳,武,物攻,,,,,https://patchwiki.biligame.com/images/rocom/4/44/5ne8fs5m7cidf29a45v44ev77ybckz3.png,寸拳.png,https://patchwiki.biligame.com/images/rocom/5/52/q9hbq9nrnhjt7t86hy7sftv3e2e5fvx.png,,0,https://wiki.biligame.com/rocom/%E5%AF%B8%E6%8B%B3
崩拳,武,物攻,,,,,https://patchwiki.biligame.com/images/rocom/f/f9/9h6nufagpgchn3ztz1ztx3ghms1j6v8.png,崩拳.png,https://patchwiki.biligame.com/images/rocom/5/52/q9hbq9nrnhjt7t86hy7sftv3e2e5fvx.png,,0,https://wiki.biligame.com/rocom/%E5%B4%A9%E6%8B%B3
散手,武,物攻,,,,,https://patchwiki.biligame.com/images/rocom/f/f0/130npi7pb0aynpaijjzq81d3dryo6dz.png,散手.png,https://patchwiki.biligame.com/images/rocom/5/52/q9hbq9nrnhjt7t86hy7sftv3e2e5fvx.png,,0,https://wiki.biligame.com/rocom/%E6%95%A3%E6%89%8B
无影脚,武,物攻,,,,,https://patchwiki.biligame.com/images/rocom/7/72/2vi6la72guicsinks2nlt4ppgvyn959.png,无影脚.png,https://patchwiki.biligame.com/images/rocom/5/52/q9hbq9nrnhjt7t86hy7sftv3e2e5fvx.png,,0,https://wiki.biligame.com/rocom/%E6%97%A0%E5%BD%B1%E8%84%9A
斩断,武,物攻,,,,,https://patchwiki.biligame.com/images/rocom/2/26/dyfiwbdbkovczrj359ot0lq9ssxty3p.png,斩断.png,https://patchwiki.biligame.com/images/rocom/5/52/q9hbq9nrnhjt7t86hy7sftv3e2e5fvx.png,,0,https://wiki.biligame.com/rocom/%E6%96%A9%E6%96%AD
反击拳,武,物攻,,,,,https://patchwiki.biligame.com/images/rocom/3/39/b1ehyr5b2nojwrxfwbk5qrdt2yeaek4.png,反击拳.png,https://patchwiki.biligame.com/images/rocom/5/52/q9hbq9nrnhjt7t86hy7sftv3e2e5fvx.png,,0,https://wiki.biligame.com/rocom/%E5%8F%8D%E5%87%BB%E6%8B%B3
技巧打击,武,物攻,,,,,https://patchwiki.biligame.com/images/rocom/1/14/bjm71oic8jtwesx7ah2mbboshc70x2x.png,技巧打击.png,https://patchwiki.biligame.com/images/rocom/5/52/q9hbq9nrnhjt7t86hy7sftv3e2e5fvx.png,,0,https://wiki.biligame.com/rocom/%E6%8A%80%E5%B7%A7%E6%89%93%E5%87%BB
截拳,武,物攻,,,,,https://patchwiki.biligame.com/images/rocom/5/51/0rgcbi6eh0kbz4zw98euw495m61829d.png,截拳.png,https://patchwiki.biligame.com/images/rocom/5/52/q9hbq9nrnhjt7t86hy7sftv3e2e5fvx.png,,0,https://wiki.biligame.com/rocom/%E6%88%AA%E6%8B%B3
化劲,武,状态,,,,,https://patchwiki.biligame.com/images/rocom/9/92/7f0v32friezvc0qxvuqqdihamnbtdxg.png,化劲.png,https://patchwiki.biligame.com/images/rocom/5/52/q9hbq9nrnhjt7t86hy7sftv3e2e5fvx.png,,0,https://wiki.biligame.com/rocom/%E5%8C%96%E5%8A%B2
破绽,武,状态,,,,,https://patchwiki.biligame.com/images/rocom/5/59/237q81ff2v6xk0etqwi6o8yjwvz2s4y.png,破绽.png,https://patchwiki.biligame.com/images/rocom/5/52/q9hbq9nrnhjt7t86hy7sftv3e2e5fvx.png,,0,https://wiki.biligame.com/rocom/%E7%A0%B4%E7%BB%BD
破防,武,状态,,,,,https://patchwiki.biligame.com/images/rocom/1/11/7f0v32friezvc0qxvuqqdihamnbtdxg.png,破防.png,https://patchwiki.biligame.com/images/rocom/5/52/q9hbq9nrnhjt7t86hy7sftv3e2e5fvx.png,,0,https://wiki.biligame.com/rocom/%E7%A0%B4%E9%98%B2
气沉丹田,武,状态,,,,,https://patchwiki.biligame.com/images/rocom/a/a2/1qf1yicvmz35123ixcmkijhr5gic2ip.png,气沉丹田.png,https://patchwiki.biligame.com/images/rocom/5/52/q9hbq9nrnhjt7t86hy7sftv3e2e5fvx.png,,0,https://wiki.biligame.com/rocom/%E6%B0%94%E6%B2%89%E4%B8%B9%E7%94%B0
硬门,武,防御,,,,,https://patchwiki.biligame.com/images/rocom/8/85/5dy7l8jqkrthtfuoj1hz29fiuq0gjih.png,硬门.png,https://patchwiki.biligame.com/images/rocom/5/52/q9hbq9nrnhjt7t86hy7sftv3e2e5fvx.png,,0,https://wiki.biligame.com/rocom/%E7%A1%AC%E9%97%A8
听桥,武,防御,,,,,https://patchwiki.biligame.com/images/rocom/8/8f/29x3zxj3mis9qpqx0r2zkso4d6gs07h.png,听桥.png,https://patchwiki.biligame.com/images/rocom/5/52/q9hbq9nrnhjt7t86hy7sftv3e2e5fvx.png,,0,https://wiki.biligame.com/rocom/%E5%90%AC%E6%A1%A5
气波,武,魔攻,,,,,https://patchwiki.biligame.com/images/rocom/6/6f/lom0reu9dc0sfyoo1aglp64st0gehab.png,气波.png,https://patchwiki.biligame.com/images/rocom/5/52/q9hbq9nrnhjt7t86hy7sftv3e2e5fvx.png,,0,https://wiki.biligame.com/rocom/%E6%B0%94%E6%B3%A2
爆冲,武,物攻,,,,,https://patchwiki.biligame.com/images/rocom/c/c6/dkx5mleh914amu0v1lmd897db16krkm.png,爆冲.png,https://patchwiki.biligame.com/images/rocom/5/52/q9hbq9nrnhjt7t86hy7sftv3e2e5fvx.png,,0,https://wiki.biligame.com/rocom/%E7%88%86%E5%86%B2
缠丝劲,武,物攻,,,,,https://patchwiki.biligame.com/images/rocom/c/c3/b1ehyr5b2nojwrxfwbk5qrdt2yeaek4.png,缠丝劲.png,https://patchwiki.biligame.com/images/rocom/5/52/q9hbq9nrnhjt7t86hy7sftv3e2e5fvx.png,,0,https://wiki.biligame.com/rocom/%E7%BC%A0%E4%B8%9D%E5%8A%B2
贯手,武,魔攻,,,,,https://patchwiki.biligame.com/images/rocom/8/8a/51vzfzpdz7305y0omse6lq92nqrxi0g.png,贯手.png,https://patchwiki.biligame.com/images/rocom/5/52/q9hbq9nrnhjt7t86hy7sftv3e2e5fvx.png,,0,https://wiki.biligame.com/rocom/%E8%B4%AF%E6%89%8B
影袭,武,物攻,,,,,https://patchwiki.biligame.com/images/rocom/9/9f/a0zf07x04zih1ca4as397luco2lymov.png,影袭.png,https://patchwiki.biligame.com/images/rocom/5/52/q9hbq9nrnhjt7t86hy7sftv3e2e5fvx.png,,0,https://wiki.biligame.com/rocom/%E5%BD%B1%E8%A2%AD
一拳,武,物攻,,,,,https://patchwiki.biligame.com/images/rocom/c/ce/sufqrmilcvb0t7n20x4khud89hxqmx6.png,一拳.png,https://patchwiki.biligame.com/images/rocom/5/52/q9hbq9nrnhjt7t86hy7sftv3e2e5fvx.png,,0,https://wiki.biligame.com/rocom/%E4%B8%80%E6%8B%B3
叠势,武,魔攻,,,,,https://patchwiki.biligame.com/images/rocom/a/a4/gysywj8my5rukt0j0u631ucj6lzvqu7.png,叠势.png,https://patchwiki.biligame.com/images/rocom/5/52/q9hbq9nrnhjt7t86hy7sftv3e2e5fvx.png,,0,https://wiki.biligame.com/rocom/%E5%8F%A0%E5%8A%BF
提气,武,状态,,,,,https://patchwiki.biligame.com/images/rocom/8/80/rlkozon5iwgvpzuyk8bq9dpf2odu05k.png,提气.png,https://patchwiki.biligame.com/images/rocom/5/52/q9hbq9nrnhjt7t86hy7sftv3e2e5fvx.png,,0,https://wiki.biligame.com/rocom/%E6%8F%90%E6%B0%94
预备势,武,状态,,,,,https://patchwiki.biligame.com/images/rocom/0/0f/goryva3q1ucgtp7fllc65x1ynlntab4.png,预备势.png,https://patchwiki.biligame.com/images/rocom/5/52/q9hbq9nrnhjt7t86hy7sftv3e2e5fvx.png,,0,https://wiki.biligame.com/rocom/%E9%A2%84%E5%A4%87%E5%8A%BF
防御反击,武,防御,,,,,https://patchwiki.biligame.com/images/rocom/f/f5/6pfifhowdh1jivtm46u8es64gea7f55.png,防御反击.png,https://patchwiki.biligame.com/images/rocom/5/52/q9hbq9nrnhjt7t86hy7sftv3e2e5fvx.png,,0,https://wiki.biligame.com/rocom/%E9%98%B2%E5%BE%A1%E5%8F%8D%E5%87%BB
回旋踢,武,物攻,,,,,https://patchwiki.biligame.com/images/rocom/1/10/a0zf07x04zih1ca4as397luco2lymov.png,回旋踢.png,https://patchwiki.biligame.com/images/rocom/5/52/q9hbq9nrnhjt7t86hy7sftv3e2e5fvx.png,,0,https://wiki.biligame.com/rocom/%E5%9B%9E%E6%97%8B%E8%B8%A2
啄击,翼,物攻,,,,,https://patchwiki.biligame.com/images/rocom/b/bd/g0fcad3wb5mxtj0vt2doubjj6v3135b.png,啄击.png,https://patchwiki.biligame.com/images/rocom/2/2b/p7wdw88ziupp84s1mr8t9t602psswzz.png,,0,https://wiki.biligame.com/rocom/%E5%95%84%E5%87%BB
扇风,翼,物攻,,,,,https://patchwiki.biligame.com/images/rocom/8/80/0m6ofmcrer95uhmrczv0nskn9nthgnf.png,扇风.png,https://patchwiki.biligame.com/images/rocom/2/2b/p7wdw88ziupp84s1mr8t9t602psswzz.png,,0,https://wiki.biligame.com/rocom/%E6%89%87%E9%A3%8E
翼击,翼,魔攻,,,,,https://patchwiki.biligame.com/images/rocom/1/1d/okd5xec8mva1d3lbupew2n9gicodbpw.png,翼击.png,https://patchwiki.biligame.com/images/rocom/2/2b/p7wdw88ziupp84s1mr8t9t602psswzz.png,,0,https://wiki.biligame.com/rocom/%E7%BF%BC%E5%87%BB
疾风刺,翼,物攻,,,,,https://patchwiki.biligame.com/images/rocom/1/19/0actn5yz7snjn9e2fb835079o4lq6zr.png,疾风刺.png,https://patchwiki.biligame.com/images/rocom/2/2b/p7wdw88ziupp84s1mr8t9t602psswzz.png,,0,https://wiki.biligame.com/rocom/%E7%96%BE%E9%A3%8E%E5%88%BA
龙卷风,翼,物攻,,,,,https://patchwiki.biligame.com/images/rocom/6/6c/q781msy31va5jzztv61tewawymgdkjk.png,龙卷风.png,https://patchwiki.biligame.com/images/rocom/2/2b/p7wdw88ziupp84s1mr8t9t602psswzz.png,,0,https://wiki.biligame.com/rocom/%E9%BE%99%E5%8D%B7%E9%A3%8E
乘风,翼,状态,,,,,https://patchwiki.biligame.com/images/rocom/e/ef/lo33zb04angjh2f56zlmf69jdd9zjiq.png,乘风.png,https://patchwiki.biligame.com/images/rocom/2/2b/p7wdw88ziupp84s1mr8t9t602psswzz.png,,0,https://wiki.biligame.com/rocom/%E4%B9%98%E9%A3%8E
风起,翼,状态,,,,,https://patchwiki.biligame.com/images/rocom/7/71/5vfcehb6gqs9q2b1u6ek86m25nt6dbg.png,风起.png,https://patchwiki.biligame.com/images/rocom/2/2b/p7wdw88ziupp84s1mr8t9t602psswzz.png,,0,https://wiki.biligame.com/rocom/%E9%A3%8E%E8%B5%B7
暴风眼,翼,状态,,,,,https://patchwiki.biligame.com/images/rocom/6/63/oojz6b4ebxevw7hnagrsfo8siuheo1w.png,暴风眼.png,https://patchwiki.biligame.com/images/rocom/2/2b/p7wdw88ziupp84s1mr8t9t602psswzz.png,,0,https://wiki.biligame.com/rocom/%E6%9A%B4%E9%A3%8E%E7%9C%BC
风墙,翼,防御,,,,,https://patchwiki.biligame.com/images/rocom/5/5b/lyawadaxu1x5q0r6cww2yvvr0hj8vo0.png,风墙.png,https://patchwiki.biligame.com/images/rocom/2/2b/p7wdw88ziupp84s1mr8t9t602psswzz.png,,0,https://wiki.biligame.com/rocom/%E9%A3%8E%E5%A2%99
鸣叫,翼,魔攻,,,,,https://patchwiki.biligame.com/images/rocom/9/96/781gwlahoya0iw5jloeshh9th4oba0f.png,鸣叫.png,https://patchwiki.biligame.com/images/rocom/2/2b/p7wdw88ziupp84s1mr8t9t602psswzz.png,,0,https://wiki.biligame.com/rocom/%E9%B8%A3%E5%8F%AB
鹰爪,翼,物攻,,,,,https://patchwiki.biligame.com/images/rocom/d/db/jf8qq59kymcpz04j76sesksqyl56x4p.png,鹰爪.png,https://patchwiki.biligame.com/images/rocom/2/2b/p7wdw88ziupp84s1mr8t9t602psswzz.png,,0,https://wiki.biligame.com/rocom/%E9%B9%B0%E7%88%AA
羽刃,翼,物攻,,,,,https://patchwiki.biligame.com/images/rocom/e/e2/mqvhvuc5mlppbw4ie2at5ze032lw4w4.png,羽刃.png,https://patchwiki.biligame.com/images/rocom/2/2b/p7wdw88ziupp84s1mr8t9t602psswzz.png,,0,https://wiki.biligame.com/rocom/%E7%BE%BD%E5%88%83
风矢,翼,物攻,,,,,https://patchwiki.biligame.com/images/rocom/c/c3/7iz29rl060fj8iera2jn7ewzek4jnsg.png,风矢.png,https://patchwiki.biligame.com/images/rocom/2/2b/p7wdw88ziupp84s1mr8t9t602psswzz.png,,0,https://wiki.biligame.com/rocom/%E9%A3%8E%E7%9F%A2
回旋风暴,翼,魔攻,,,,,https://patchwiki.biligame.com/images/rocom/d/db/p4djvzln7zn484hkagiu39n4xye9qd1.png,回旋风暴.png,https://patchwiki.biligame.com/images/rocom/2/2b/p7wdw88ziupp84s1mr8t9t602psswzz.png,,0,https://wiki.biligame.com/rocom/%E5%9B%9E%E6%97%8B%E9%A3%8E%E6%9A%B4
俯冲猛击,翼,物攻,,,,,https://patchwiki.biligame.com/images/rocom/4/4a/riw0yk92tufbtb1juj7yx37w26e7hyi.png,俯冲猛击.png,https://patchwiki.biligame.com/images/rocom/2/2b/p7wdw88ziupp84s1mr8t9t602psswzz.png,,0,https://wiki.biligame.com/rocom/%E4%BF%AF%E5%86%B2%E7%8C%9B%E5%87%BB
闪击,翼,物攻,,,,,https://patchwiki.biligame.com/images/rocom/4/4c/binjmgszc1nxpz6lrk32fa24qz85shq.png,闪击.png,https://patchwiki.biligame.com/images/rocom/2/2b/p7wdw88ziupp84s1mr8t9t602psswzz.png,,0,https://wiki.biligame.com/rocom/%E9%97%AA%E5%87%BB
飞羽,翼,状态,,,,,https://patchwiki.biligame.com/images/rocom/6/65/cks1i3t5816ioypc2crzqunfgd1k2ep.png,飞羽.png,https://patchwiki.biligame.com/images/rocom/2/2b/p7wdw88ziupp84s1mr8t9t602psswzz.png,,0,https://wiki.biligame.com/rocom/%E9%A3%9E%E7%BE%BD
风隐,翼,状态,,,,,https://patchwiki.biligame.com/images/rocom/6/65/exf03aibu58k7tbo6ouyng0m0wfc4jk.png,风隐.png,https://patchwiki.biligame.com/images/rocom/2/2b/p7wdw88ziupp84s1mr8t9t602psswzz.png,,0,https://wiki.biligame.com/rocom/%E9%A3%8E%E9%9A%90
羽化加速,翼,状态,,,,,https://patchwiki.biligame.com/images/rocom/a/ad/fk5yguh4nd5a72stw5u7fvbeaat2r7c.png,羽化加速.png,https://patchwiki.biligame.com/images/rocom/2/2b/p7wdw88ziupp84s1mr8t9t602psswzz.png,,0,https://wiki.biligame.com/rocom/%E7%BE%BD%E5%8C%96%E5%8A%A0%E9%80%9F
羽翼庇护,翼,防御,,,,,https://patchwiki.biligame.com/images/rocom/4/40/phpqa2livh4tj8d8zo5x06uhyz5krei.png,羽翼庇护.png,https://patchwiki.biligame.com/images/rocom/2/2b/p7wdw88ziupp84s1mr8t9t602psswzz.png,,0,https://wiki.biligame.com/rocom/%E7%BE%BD%E7%BF%BC%E5%BA%87%E6%8A%A4
疾风连袭,翼,状态,,,,,https://patchwiki.biligame.com/images/rocom/f/f0/0gm2kgx142o13bvipws7zk7dkp31ywu.png,疾风连袭.png,https://patchwiki.biligame.com/images/rocom/2/2b/p7wdw88ziupp84s1mr8t9t602psswzz.png,,0,https://wiki.biligame.com/rocom/%E7%96%BE%E9%A3%8E%E8%BF%9E%E8%A2%AD
飞吻,萌,魔攻,,,,,https://patchwiki.biligame.com/images/rocom/a/a4/bxfub9yaclosccnj6e4bbd7xn01844b.png,飞吻.png,https://patchwiki.biligame.com/images/rocom/5/5f/80jhk99eosjv1ld26wp7ljtmif27lfv.png,,0,https://wiki.biligame.com/rocom/%E9%A3%9E%E5%90%BB
超级糖果,萌,物攻,,,,,https://patchwiki.biligame.com/images/rocom/2/21/jrepg4u6b4cr9pevtzxj23mcrzxaw45.png,超级糖果.png,https://patchwiki.biligame.com/images/rocom/5/5f/80jhk99eosjv1ld26wp7ljtmif27lfv.png,,0,https://wiki.biligame.com/rocom/%E8%B6%85%E7%BA%A7%E7%B3%96%E6%9E%9C
砂糖弹球,萌,物攻,,,,,https://patchwiki.biligame.com/images/rocom/f/f3/smcrmc20kfg00i0vgvw6ap2958yan3u.png,砂糖弹球.png,https://patchwiki.biligame.com/images/rocom/5/5f/80jhk99eosjv1ld26wp7ljtmif27lfv.png,,0,https://wiki.biligame.com/rocom/%E7%A0%82%E7%B3%96%E5%BC%B9%E7%90%83
生日蛋糕,萌,状态,,,,,https://patchwiki.biligame.com/images/rocom/4/45/hq1ujgraj5z87eqb7t9c0wq7tn1ls9e.png,生日蛋糕.png,https://patchwiki.biligame.com/images/rocom/5/5f/80jhk99eosjv1ld26wp7ljtmif27lfv.png,,0,https://wiki.biligame.com/rocom/%E7%94%9F%E6%97%A5%E8%9B%8B%E7%B3%95
示弱,萌,状态,,,,,https://patchwiki.biligame.com/images/rocom/a/ad/jis8f4zsbn0qv0h6yh8jsa7bmpeu5jq.png,示弱.png,https://patchwiki.biligame.com/images/rocom/5/5f/80jhk99eosjv1ld26wp7ljtmif27lfv.png,,0,https://wiki.biligame.com/rocom/%E7%A4%BA%E5%BC%B1
赤子之心,萌,状态,,,,,https://patchwiki.biligame.com/images/rocom/7/7a/62or07hohoa0wmxl7pt5xdyrjrssm0c.png,赤子之心.png,https://patchwiki.biligame.com/images/rocom/5/5f/80jhk99eosjv1ld26wp7ljtmif27lfv.png,,0,https://wiki.biligame.com/rocom/%E8%B5%A4%E5%AD%90%E4%B9%8B%E5%BF%83
反弹,萌,状态,,,,,https://patchwiki.biligame.com/images/rocom/5/52/9ieet1w3ykdp5q46ks5xlsxm0spb5ri.png,反弹.png,https://patchwiki.biligame.com/images/rocom/5/5f/80jhk99eosjv1ld26wp7ljtmif27lfv.png,,0,https://wiki.biligame.com/rocom/%E5%8F%8D%E5%BC%B9
甜心续航,萌,状态,,,,,https://patchwiki.biligame.com/images/rocom/a/a4/9c0vpmic56t9ybatxl4oe0r0tsg6tjc.png,甜心续航.png,https://patchwiki.biligame.com/images/rocom/5/5f/80jhk99eosjv1ld26wp7ljtmif27lfv.png,,0,https://wiki.biligame.com/rocom/%E7%94%9C%E5%BF%83%E7%BB%AD%E8%88%AA
破罐破摔,萌,魔攻,,,,,https://patchwiki.biligame.com/images/rocom/1/1b/62or07hohoa0wmxl7pt5xdyrjrssm0c.png,破罐破摔.png,https://patchwiki.biligame.com/images/rocom/5/5f/80jhk99eosjv1ld26wp7ljtmif27lfv.png,,0,https://wiki.biligame.com/rocom/%E7%A0%B4%E7%BD%90%E7%A0%B4%E6%91%94
鞭打,萌,物攻,,,,,https://patchwiki.biligame.com/images/rocom/9/96/dp2oh82g4a2ts2dam4n37gzg1xn9610.png,鞭打.png,https://patchwiki.biligame.com/images/rocom/5/5f/80jhk99eosjv1ld26wp7ljtmif27lfv.png,,0,https://wiki.biligame.com/rocom/%E9%9E%AD%E6%89%93
魅惑,萌,魔攻,,,,,https://patchwiki.biligame.com/images/rocom/d/d5/mlwztkwvmbm1rmlvxdh8dzkntzh56ak.png,魅惑.png,https://patchwiki.biligame.com/images/rocom/5/5f/80jhk99eosjv1ld26wp7ljtmif27lfv.png,,0,https://wiki.biligame.com/rocom/%E9%AD%85%E6%83%91
碰爪,萌,物攻,,,,,https://patchwiki.biligame.com/images/rocom/f/f4/hx2rbwxyily0i952822qvg4zxihxiqq.png,碰爪.png,https://patchwiki.biligame.com/images/rocom/5/5f/80jhk99eosjv1ld26wp7ljtmif27lfv.png,,0,https://wiki.biligame.com/rocom/%E7%A2%B0%E7%88%AA
撒娇,萌,魔攻,,,,,https://patchwiki.biligame.com/images/rocom/b/b7/at6iabiam5r92rl8uh3oh2l7k5bj7z5.png,撒娇.png,https://patchwiki.biligame.com/images/rocom/5/5f/80jhk99eosjv1ld26wp7ljtmif27lfv.png,,0,https://wiki.biligame.com/rocom/%E6%92%92%E5%A8%87
爆米花爆破,萌,物攻,,,,,https://patchwiki.biligame.com/images/rocom/c/cb/4y9wxsxggmd4vlfrv6kwgg9r87bb6zj.png,爆米花爆破.png,https://patchwiki.biligame.com/images/rocom/5/5f/80jhk99eosjv1ld26wp7ljtmif27lfv.png,,0,https://wiki.biligame.com/rocom/%E7%88%86%E7%B1%B3%E8%8A%B1%E7%88%86%E7%A0%B4
击鼓传花,萌,状态,,,,,https://patchwiki.biligame.com/images/rocom/7/71/01817gza1grul2yakecwazxnxv8r4wh.png,击鼓传花.png,https://patchwiki.biligame.com/images/rocom/5/5f/80jhk99eosjv1ld26wp7ljtmif27lfv.png,,0,https://wiki.biligame.com/rocom/%E5%87%BB%E9%BC%93%E4%BC%A0%E8%8A%B1
月光合奏,萌,物攻,,,,,https://patchwiki.biligame.com/images/rocom/c/c3/srs75mw5mf0qtr940dysllmwz0j9i0t.png,月光合奏.png,https://patchwiki.biligame.com/images/rocom/5/5f/80jhk99eosjv1ld26wp7ljtmif27lfv.png,,0,https://wiki.biligame.com/rocom/%E6%9C%88%E5%85%89%E5%90%88%E5%A5%8F
捧杀,萌,防御,,,,,https://patchwiki.biligame.com/images/rocom/c/ca/2z7h1rifmiyqorasw47hbtohsehwyrd.png,捧杀.png,https://patchwiki.biligame.com/images/rocom/5/5f/80jhk99eosjv1ld26wp7ljtmif27lfv.png,,0,https://wiki.biligame.com/rocom/%E6%8D%A7%E6%9D%80
鬼火,幽,魔攻,,,,,https://patchwiki.biligame.com/images/rocom/2/2e/mb458tr0rfhbi1c8y3a6ym3drz194s2.png,鬼火.png,https://patchwiki.biligame.com/images/rocom/e/e7/ttqdi3zlz72g5dgmc8qg9ko4aorwllw.png,,0,https://wiki.biligame.com/rocom/%E9%AC%BC%E7%81%AB
惊吓盒子,幽,物攻,,,,,https://patchwiki.biligame.com/images/rocom/2/25/3d0nowr8e961qt4ueveq5qdt9uw8kyd.png,惊吓盒子.png,https://patchwiki.biligame.com/images/rocom/e/e7/ttqdi3zlz72g5dgmc8qg9ko4aorwllw.png,,0,https://wiki.biligame.com/rocom/%E6%83%8A%E5%90%93%E7%9B%92%E5%AD%90
背袭,幽,魔攻,,,,,https://patchwiki.biligame.com/images/rocom/6/68/2ymekdfwkr05xsp3rm7ux0wk0gkm7sj.png,背袭.png,https://patchwiki.biligame.com/images/rocom/e/e7/ttqdi3zlz72g5dgmc8qg9ko4aorwllw.png,,0,https://wiki.biligame.com/rocom/%E8%83%8C%E8%A2%AD
坟场搏击,幽,物攻,,,,,https://patchwiki.biligame.com/images/rocom/6/61/0zxdwokozivnh81y47ewqoai2vzes5s.png,坟场搏击.png,https://patchwiki.biligame.com/images/rocom/e/e7/ttqdi3zlz72g5dgmc8qg9ko4aorwllw.png,,0,https://wiki.biligame.com/rocom/%E5%9D%9F%E5%9C%BA%E6%90%8F%E5%87%BB
恶作剧,幽,状态,,,,,https://patchwiki.biligame.com/images/rocom/7/77/is1urbdqcf48h77lz36dby5obsrmigr.png,恶作剧.png,https://patchwiki.biligame.com/images/rocom/e/e7/ttqdi3zlz72g5dgmc8qg9ko4aorwllw.png,,0,https://wiki.biligame.com/rocom/%E6%81%B6%E4%BD%9C%E5%89%A7
降灵,幽,状态,,,,,https://patchwiki.biligame.com/images/rocom/9/96/is1urbdqcf48h77lz36dby5obsrmigr.png,降灵.png,https://patchwiki.biligame.com/images/rocom/e/e7/ttqdi3zlz72g5dgmc8qg9ko4aorwllw.png,,0,https://wiki.biligame.com/rocom/%E9%99%8D%E7%81%B5
报复,幽,防御,,,,,https://patchwiki.biligame.com/images/rocom/d/d7/1lm7h37a6yd8y3e78wc1sokzc84mm4o.png,报复.png,https://patchwiki.biligame.com/images/rocom/e/e7/ttqdi3zlz72g5dgmc8qg9ko4aorwllw.png,,0,https://wiki.biligame.com/rocom/%E6%8A%A5%E5%A4%8D
恐吓,幽,魔攻,,,,,https://patchwiki.biligame.com/images/rocom/0/04/bzqvobak5yee2cgivlt3q10770uobx2.png,恐吓.png,https://patchwiki.biligame.com/images/rocom/e/e7/ttqdi3zlz72g5dgmc8qg9ko4aorwllw.png,,0,https://wiki.biligame.com/rocom/%E6%81%90%E5%90%93
幽灵爆发,幽,魔攻,,,,,https://patchwiki.biligame.com/images/rocom/1/11/tuv2l9zvxw4dmz9alw3rrrpxa76968q.png,幽灵爆发.png,https://patchwiki.biligame.com/images/rocom/e/e7/ttqdi3zlz72g5dgmc8qg9ko4aorwllw.png,,0,https://wiki.biligame.com/rocom/%E5%B9%BD%E7%81%B5%E7%88%86%E5%8F%91
诡刺,幽,物攻,,,,,https://patchwiki.biligame.com/images/rocom/a/ad/ng3aorrsgcrkx3eouobrmi1cptqytyl.png,诡刺.png,https://patchwiki.biligame.com/images/rocom/e/e7/ttqdi3zlz72g5dgmc8qg9ko4aorwllw.png,,0,https://wiki.biligame.com/rocom/%E8%AF%A1%E5%88%BA
幻象,幽,物攻,,,,,https://patchwiki.biligame.com/images/rocom/e/ef/27ozep57kqrnpfwddf9n1jizqz4flzh.png,幻象.png,https://patchwiki.biligame.com/images/rocom/e/e7/ttqdi3zlz72g5dgmc8qg9ko4aorwllw.png,,0,https://wiki.biligame.com/rocom/%E5%B9%BB%E8%B1%A1
午夜噪音,幽,魔攻,,,,,https://patchwiki.biligame.com/images/rocom/1/13/6jr0ohiv80bygnl5wjs0tths98b6yaq.png,午夜噪音.png,https://patchwiki.biligame.com/images/rocom/e/e7/ttqdi3zlz72g5dgmc8qg9ko4aorwllw.png,,0,https://wiki.biligame.com/rocom/%E5%8D%88%E5%A4%9C%E5%99%AA%E9%9F%B3
灵媒,幽,魔攻,,,,,https://patchwiki.biligame.com/images/rocom/0/08/4epob8f12qj5nepa4unoidkj6ul85ae.png,灵媒.png,https://patchwiki.biligame.com/images/rocom/e/e7/ttqdi3zlz72g5dgmc8qg9ko4aorwllw.png,,0,https://wiki.biligame.com/rocom/%E7%81%B5%E5%AA%92
灵光,幽,魔攻,,,,,https://patchwiki.biligame.com/images/rocom/f/f9/t1fm7qymbntyk7gq401palraaxpxe7e.png,灵光.png,https://patchwiki.biligame.com/images/rocom/e/e7/ttqdi3zlz72g5dgmc8qg9ko4aorwllw.png,,0,https://wiki.biligame.com/rocom/%E7%81%B5%E5%85%89
嘲弄,幽,状态,,,,,https://patchwiki.biligame.com/images/rocom/2/21/is1urbdqcf48h77lz36dby5obsrmigr.png,嘲弄.png,https://patchwiki.biligame.com/images/rocom/e/e7/ttqdi3zlz72g5dgmc8qg9ko4aorwllw.png,,0,https://wiki.biligame.com/rocom/%E5%98%B2%E5%BC%84
勾魂,幽,状态,,,,,https://patchwiki.biligame.com/images/rocom/5/5b/742j3psv922fzlkabop0okvjyk2ypmk.png,勾魂.png,https://patchwiki.biligame.com/images/rocom/e/e7/ttqdi3zlz72g5dgmc8qg9ko4aorwllw.png,,0,https://wiki.biligame.com/rocom/%E5%8B%BE%E9%AD%82
虚化,幽,防御,,,,,https://patchwiki.biligame.com/images/rocom/4/40/pvwcu7julu4yeqpurawcvfip0ks5vm0.png,虚化.png,https://patchwiki.biligame.com/images/rocom/e/e7/ttqdi3zlz72g5dgmc8qg9ko4aorwllw.png,,0,https://wiki.biligame.com/rocom/%E8%99%9A%E5%8C%96
魔爪,恶,物攻,,,,,https://patchwiki.biligame.com/images/rocom/b/bb/4zyk6153bpnh1qu2s47u1ej7fvchk4r.png,魔爪.png,https://patchwiki.biligame.com/images/rocom/3/3b/hrdmz7n0qt3bnmir9fdn7977fvleec0.png,,0,https://wiki.biligame.com/rocom/%E9%AD%94%E7%88%AA
恶能量,恶,物攻,,,,,https://patchwiki.biligame.com/images/rocom/1/14/7t9b3dmo0qgn0q6h9y9us0h2p1tjngv.png,恶能量.png,https://patchwiki.biligame.com/images/rocom/3/3b/hrdmz7n0qt3bnmir9fdn7977fvleec0.png,,0,https://wiki.biligame.com/rocom/%E6%81%B6%E8%83%BD%E9%87%8F
蝙蝠,恶,物攻,,,,,https://patchwiki.biligame.com/images/rocom/2/25/e0x17n3jga1j4qt56ygo0tm3gb98bjo.png,蝙蝠.png,https://patchwiki.biligame.com/images/rocom/3/3b/hrdmz7n0qt3bnmir9fdn7977fvleec0.png,,0,https://wiki.biligame.com/rocom/%E8%9D%99%E8%9D%A0
撕裂,恶,物攻,,,,,https://patchwiki.biligame.com/images/rocom/1/14/l0wvvircrv5lru8gtqvhjrq7qsbebdx.png,撕裂.png,https://patchwiki.biligame.com/images/rocom/3/3b/hrdmz7n0qt3bnmir9fdn7977fvleec0.png,,0,https://wiki.biligame.com/rocom/%E6%92%95%E8%A3%82
撕咬,恶,物攻,,,,,https://patchwiki.biligame.com/images/rocom/5/59/nj6hanfcv0jih3mk7azmc047p2yxw4r.png,撕咬.png,https://patchwiki.biligame.com/images/rocom/3/3b/hrdmz7n0qt3bnmir9fdn7977fvleec0.png,,0,https://wiki.biligame.com/rocom/%E6%92%95%E5%92%AC
暗突袭,恶,物攻,,,,,https://patchwiki.biligame.com/images/rocom/e/ec/clsn8p32tku87m6alq14ipszdcovkre.png,暗突袭.png,https://patchwiki.biligame.com/images/rocom/3/3b/hrdmz7n0qt3bnmir9fdn7977fvleec0.png,,0,https://wiki.biligame.com/rocom/%E6%9A%97%E7%AA%81%E8%A2%AD
极限撕裂,恶,物攻,,,,,https://patchwiki.biligame.com/images/rocom/a/a5/kafhxhpheoa3p9ubj4fvgu416nk1b40.png,极限撕裂.png,https://patchwiki.biligame.com/images/rocom/3/3b/hrdmz7n0qt3bnmir9fdn7977fvleec0.png,,0,https://wiki.biligame.com/rocom/%E6%9E%81%E9%99%90%E6%92%95%E8%A3%82
灾厄,恶,物攻,,,,,https://patchwiki.biligame.com/images/rocom/f/f3/pr1jfl4ypy56j3v3okretk8a2wton9l.png,灾厄.png,https://patchwiki.biligame.com/images/rocom/3/3b/hrdmz7n0qt3bnmir9fdn7977fvleec0.png,,0,https://wiki.biligame.com/rocom/%E7%81%BE%E5%8E%84
彼岸之手,恶,物攻,,,,,https://patchwiki.biligame.com/images/rocom/5/53/4i749piy0e4t4mansln62z8fevj5nib.png,彼岸之手.png,https://patchwiki.biligame.com/images/rocom/3/3b/hrdmz7n0qt3bnmir9fdn7977fvleec0.png,,0,https://wiki.biligame.com/rocom/%E5%BD%BC%E5%B2%B8%E4%B9%8B%E6%89%8B
贪婪,恶,状态,,,,,https://patchwiki.biligame.com/images/rocom/b/b0/8j640unemfn5brxe2ekvljuf4djmq2i.png,贪婪.png,https://patchwiki.biligame.com/images/rocom/3/3b/hrdmz7n0qt3bnmir9fdn7977fvleec0.png,,0,https://wiki.biligame.com/rocom/%E8%B4%AA%E5%A9%AA
力量吞噬,恶,状态,,,,,https://patchwiki.biligame.com/images/rocom/8/82/pr1jfl4ypy56j3v3okretk8a2wton9l.png,力量吞噬.png,https://patchwiki.biligame.com/images/rocom/3/3b/hrdmz7n0qt3bnmir9fdn7977fvleec0.png,,0,https://wiki.biligame.com/rocom/%E5%8A%9B%E9%87%8F%E5%90%9E%E5%99%AC
欺诈契约,恶,状态,,,,,https://patchwiki.biligame.com/images/rocom/d/d2/g1fiqnnrkfvyebqgqkd2iahmnc8uor9.png,欺诈契约.png,https://patchwiki.biligame.com/images/rocom/3/3b/hrdmz7n0qt3bnmir9fdn7977fvleec0.png,,0,https://wiki.biligame.com/rocom/%E6%AC%BA%E8%AF%88%E5%A5%91%E7%BA%A6
恶意逃离,恶,状态,,,,,https://patchwiki.biligame.com/images/rocom/a/a7/ithfazzmytz67el9lli21v8xuumpgil.png,恶意逃离.png,https://patchwiki.biligame.com/images/rocom/3/3b/hrdmz7n0qt3bnmir9fdn7977fvleec0.png,,0,https://wiki.biligame.com/rocom/%E6%81%B6%E6%84%8F%E9%80%83%E7%A6%BB
隐藏条款,恶,状态,,,,,https://patchwiki.biligame.com/images/rocom/e/e1/b3pukv95p0ydhffgi8qbn6yfg2j5s5d.png,隐藏条款.png,https://patchwiki.biligame.com/images/rocom/3/3b/hrdmz7n0qt3bnmir9fdn7977fvleec0.png,,0,https://wiki.biligame.com/rocom/%E9%9A%90%E8%97%8F%E6%9D%A1%E6%AC%BE
等价交换,恶,防御,,,,,https://patchwiki.biligame.com/images/rocom/5/54/sqc5heg9kd20h7ytzhn7su24drdzf8e.png,等价交换.png,https://patchwiki.biligame.com/images/rocom/3/3b/hrdmz7n0qt3bnmir9fdn7977fvleec0.png,,0,https://wiki.biligame.com/rocom/%E7%AD%89%E4%BB%B7%E4%BA%A4%E6%8D%A2
恶念交换,恶,状态,,,,,https://patchwiki.biligame.com/images/rocom/4/41/mgh95i7065fwyqb4mu184w8kl4u7c5r.png,恶念交换.png,https://patchwiki.biligame.com/images/rocom/3/3b/hrdmz7n0qt3bnmir9fdn7977fvleec0.png,,0,https://wiki.biligame.com/rocom/%E6%81%B6%E5%BF%B5%E4%BA%A4%E6%8D%A2
迫害,恶,物攻,,,,,https://patchwiki.biligame.com/images/rocom/b/b3/4zis79nizu4cpiy4fxqoo1b3n8j2csz.png,迫害.png,https://patchwiki.biligame.com/images/rocom/3/3b/hrdmz7n0qt3bnmir9fdn7977fvleec0.png,,0,https://wiki.biligame.com/rocom/%E8%BF%AB%E5%AE%B3
掠夺,恶,魔攻,,,,,https://patchwiki.biligame.com/images/rocom/a/a1/dvzegqv74qt6cpoozrev7gfqe9adcoy.png,掠夺.png,https://patchwiki.biligame.com/images/rocom/3/3b/hrdmz7n0qt3bnmir9fdn7977fvleec0.png,,0,https://wiki.biligame.com/rocom/%E6%8E%A0%E5%A4%BA
黑手,恶,魔攻,,,,,https://patchwiki.biligame.com/images/rocom/f/f6/6w44x9h7tdepyacftlls126e62j97ef.png,黑手.png,https://patchwiki.biligame.com/images/rocom/3/3b/hrdmz7n0qt3bnmir9fdn7977fvleec0.png,,0,https://wiki.biligame.com/rocom/%E9%BB%91%E6%89%8B
诋毁,恶,物攻,,,,,https://patchwiki.biligame.com/images/rocom/3/3a/0praxtomdmxa1kga17rbu7ofpk31kef.png,诋毁.png,https://patchwiki.biligame.com/images/rocom/3/3b/hrdmz7n0qt3bnmir9fdn7977fvleec0.png,,0,https://wiki.biligame.com/rocom/%E8%AF%8B%E6%AF%81
栽赃,恶,魔攻,,,,,https://patchwiki.biligame.com/images/rocom/1/1d/3ftp88wlmivqfcmuzxfpokluu3ra057.png,栽赃.png,https://patchwiki.biligame.com/images/rocom/3/3b/hrdmz7n0qt3bnmir9fdn7977fvleec0.png,,0,https://wiki.biligame.com/rocom/%E6%A0%BD%E8%B5%83
跌落,恶,物攻,,,,,https://patchwiki.biligame.com/images/rocom/e/e7/lx1d0aiv30o8h92g3ioi5e41el7y43m.png,跌落.png,https://patchwiki.biligame.com/images/rocom/3/3b/hrdmz7n0qt3bnmir9fdn7977fvleec0.png,,0,https://wiki.biligame.com/rocom/%E8%B7%8C%E8%90%BD
牵连,恶,魔攻,,,,,https://patchwiki.biligame.com/images/rocom/7/7b/4zyk6153bpnh1qu2s47u1ej7fvchk4r.png,牵连.png,https://patchwiki.biligame.com/images/rocom/3/3b/hrdmz7n0qt3bnmir9fdn7977fvleec0.png,,0,https://wiki.biligame.com/rocom/%E7%89%B5%E8%BF%9E
暗箱操作,恶,状态,,,,,https://patchwiki.biligame.com/images/rocom/a/a0/oymbxf6tpaazdmnpad8wtc9kpz7p8ts.png,暗箱操作.png,https://patchwiki.biligame.com/images/rocom/3/3b/hrdmz7n0qt3bnmir9fdn7977fvleec0.png,,0,https://wiki.biligame.com/rocom/%E6%9A%97%E7%AE%B1%E6%93%8D%E4%BD%9C
虚假破产,恶,防御,,,,,https://patchwiki.biligame.com/images/rocom/f/f0/1gn7u91tcyajp4168ixang9p1oalqi2.png,虚假破产.png,https://patchwiki.biligame.com/images/rocom/3/3b/hrdmz7n0qt3bnmir9fdn7977fvleec0.png,,0,https://wiki.biligame.com/rocom/%E8%99%9A%E5%81%87%E7%A0%B4%E4%BA%A7
趁火打劫,恶,物攻,,,,,https://patchwiki.biligame.com/images/rocom/b/b6/4zyk6153bpnh1qu2s47u1ej7fvchk4r.png,趁火打劫.png,https://patchwiki.biligame.com/images/rocom/3/3b/hrdmz7n0qt3bnmir9fdn7977fvleec0.png,,0,https://wiki.biligame.com/rocom/%E8%B6%81%E7%81%AB%E6%89%93%E5%8A%AB
伪造账单,恶,状态,,,,,https://patchwiki.biligame.com/images/rocom/2/25/13waq42pti2ch1dxt8wjm5hw0wmevwe.png,伪造账单.png,https://patchwiki.biligame.com/images/rocom/3/3b/hrdmz7n0qt3bnmir9fdn7977fvleec0.png,,0,https://wiki.biligame.com/rocom/%E4%BC%AA%E9%80%A0%E8%B4%A6%E5%8D%95
念力膨胀,幻,物攻,,,,,https://patchwiki.biligame.com/images/rocom/e/e7/oh2csauefqvr62g21j1qxikz14prjju.png,念力膨胀.png,https://patchwiki.biligame.com/images/rocom/6/64/89miqle961qdw2tt56hb78bps6f34ci.png,,0,https://wiki.biligame.com/rocom/%E5%BF%B5%E5%8A%9B%E8%86%A8%E8%83%80
空间压迫,幻,物攻,,,,,https://patchwiki.biligame.com/images/rocom/1/1d/q6rh7nhazzrci9nla7dflx316hpovy4.png,空间压迫.png,https://patchwiki.biligame.com/images/rocom/6/64/89miqle961qdw2tt56hb78bps6f34ci.png,,0,https://wiki.biligame.com/rocom/%E7%A9%BA%E9%97%B4%E5%8E%8B%E8%BF%AB
坍缩,幻,魔攻,,,,,https://patchwiki.biligame.com/images/rocom/0/04/e0p8t38tp3pl8na4xem8fsc3usrfxvd.png,坍缩.png,https://patchwiki.biligame.com/images/rocom/6/64/89miqle961qdw2tt56hb78bps6f34ci.png,,0,https://wiki.biligame.com/rocom/%E5%9D%8D%E7%BC%A9
四维降解,幻,魔攻,,,,,https://patchwiki.biligame.com/images/rocom/4/4f/3dczehuqt6emm71mxwysdfy6gle07a1.png,四维降解.png,https://patchwiki.biligame.com/images/rocom/6/64/89miqle961qdw2tt56hb78bps6f34ci.png,,0,https://wiki.biligame.com/rocom/%E5%9B%9B%E7%BB%B4%E9%99%8D%E8%A7%A3
偷师,幻,物攻,,,,,https://patchwiki.biligame.com/images/rocom/e/e5/f3kia358a7mvemmfgbh5kc1sxo0xdpv.png,偷师.png,https://patchwiki.biligame.com/images/rocom/6/64/89miqle961qdw2tt56hb78bps6f34ci.png,,0,https://wiki.biligame.com/rocom/%E5%81%B7%E5%B8%88
多维击打,幻,魔攻,,,,,https://patchwiki.biligame.com/images/rocom/2/2a/p6khzseva0uot1wsvllzkxj87i0fife.png,多维击打.png,https://patchwiki.biligame.com/images/rocom/6/64/89miqle961qdw2tt56hb78bps6f34ci.png,,0,https://wiki.biligame.com/rocom/%E5%A4%9A%E7%BB%B4%E5%87%BB%E6%89%93
错乱,幻,魔攻,,,,,https://patchwiki.biligame.com/images/rocom/4/46/iydnp4q1o4vkol5j9cqu7yeyv87p2es.png,错乱.png,https://patchwiki.biligame.com/images/rocom/6/64/89miqle961qdw2tt56hb78bps6f34ci.png,,0,https://wiki.biligame.com/rocom/%E9%94%99%E4%B9%B1
超维投射,幻,状态,,,,,https://patchwiki.biligame.com/images/rocom/d/d6/rlm1yfi6u8pfn2xcxplt1d60cnzq94w.png,超维投射.png,https://patchwiki.biligame.com/images/rocom/6/64/89miqle961qdw2tt56hb78bps6f34ci.png,,0,https://wiki.biligame.com/rocom/%E8%B6%85%E7%BB%B4%E6%8A%95%E5%B0%84
星轨裂变,幻,状态,,,,,https://patchwiki.biligame.com/images/rocom/3/37/0ym5tglsuuan2z5o26872z9el793pbd.png,星轨裂变.png,https://patchwiki.biligame.com/images/rocom/6/64/89miqle961qdw2tt56hb78bps6f34ci.png,,0,https://wiki.biligame.com/rocom/%E6%98%9F%E8%BD%A8%E8%A3%82%E5%8F%98
星链,幻,状态,,,,,https://patchwiki.biligame.com/images/rocom/0/0f/svpekyitq7zeetxqs892wiuntuizyk9.png,星链.png,https://patchwiki.biligame.com/images/rocom/6/64/89miqle961qdw2tt56hb78bps6f34ci.png,,0,https://wiki.biligame.com/rocom/%E6%98%9F%E9%93%BE
超新星馈赠,幻,状态,,,,,https://patchwiki.biligame.com/images/rocom/8/87/9y980qghcqu3o4jxuk97gx50n0vuxow.png,超新星馈赠.png,https://patchwiki.biligame.com/images/rocom/6/64/89miqle961qdw2tt56hb78bps6f34ci.png,,0,https://wiki.biligame.com/rocom/%E8%B6%85%E6%96%B0%E6%98%9F%E9%A6%88%E8%B5%A0
心灵洞悉,幻,状态,,,,,https://patchwiki.biligame.com/images/rocom/8/87/7w3oorlqa8vpaoxfdzzfj2nqzxg1t6h.png,心灵洞悉.png,https://patchwiki.biligame.com/images/rocom/6/64/89miqle961qdw2tt56hb78bps6f34ci.png,,0,https://wiki.biligame.com/rocom/%E5%BF%83%E7%81%B5%E6%B4%9E%E6%82%89
二律背反,幻,状态,,,,,https://patchwiki.biligame.com/images/rocom/e/e3/mi141nw5efrgn3j03bxzwshsy05jjgi.png,二律背反.png,https://patchwiki.biligame.com/images/rocom/6/64/89miqle961qdw2tt56hb78bps6f34ci.png,,0,https://wiki.biligame.com/rocom/%E4%BA%8C%E5%BE%8B%E8%83%8C%E5%8F%8D
粒子对撞,幻,物攻,,,,,https://patchwiki.biligame.com/images/rocom/7/73/2562kho8opartow6zgrgmxnp7evn0t3.png,粒子对撞.png,https://patchwiki.biligame.com/images/rocom/6/64/89miqle961qdw2tt56hb78bps6f34ci.png,,0,https://wiki.biligame.com/rocom/%E7%B2%92%E5%AD%90%E5%AF%B9%E6%92%9E
星云漩涡,幻,物攻,,,,,https://patchwiki.biligame.com/images/rocom/9/9b/rahz9b2f88z2tnwlzut03jf0lm5yo46.png,星云漩涡.png,https://patchwiki.biligame.com/images/rocom/6/64/89miqle961qdw2tt56hb78bps6f34ci.png,,0,https://wiki.biligame.com/rocom/%E6%98%9F%E4%BA%91%E6%BC%A9%E6%B6%A1
双星,幻,物攻,,,,,https://patchwiki.biligame.com/images/rocom/7/7f/1150hglyn81esiou15a3ouqzfvfob4y.png,双星.png,https://patchwiki.biligame.com/images/rocom/6/64/89miqle961qdw2tt56hb78bps6f34ci.png,,0,https://wiki.biligame.com/rocom/%E5%8F%8C%E6%98%9F
针状物,幻,魔攻,,,,,https://patchwiki.biligame.com/images/rocom/f/fd/f3kia358a7mvemmfgbh5kc1sxo0xdpv.png,针状物.png,https://patchwiki.biligame.com/images/rocom/6/64/89miqle961qdw2tt56hb78bps6f34ci.png,,0,https://wiki.biligame.com/rocom/%E9%92%88%E7%8A%B6%E7%89%A9
大爆炸,幻,魔攻,,,,,https://patchwiki.biligame.com/images/rocom/f/f4/50nqopmvctyz8vf38xoumd718dzhv9s.png,大爆炸.png,https://patchwiki.biligame.com/images/rocom/6/64/89miqle961qdw2tt56hb78bps6f34ci.png,,0,https://wiki.biligame.com/rocom/%E5%A4%A7%E7%88%86%E7%82%B8
冥想,幻,防御,,,,,https://patchwiki.biligame.com/images/rocom/c/cf/oefq890dnl5rb31p7hazwjzflq3qxr2.png,冥想.png,https://patchwiki.biligame.com/images/rocom/6/64/89miqle961qdw2tt56hb78bps6f34ci.png,,0,https://wiki.biligame.com/rocom/%E5%86%A5%E6%83%B3
柔弱,萌,状态,,,,,https://patchwiki.biligame.com/images/rocom/4/46/p6dk84bke0fma6jrouvivd4awf1luup.png,柔弱.png,https://patchwiki.biligame.com/images/rocom/5/5f/80jhk99eosjv1ld26wp7ljtmif27lfv.png,,0,https://wiki.biligame.com/rocom/%E6%9F%94%E5%BC%B1
小偷小摸,幽,状态,,,,,https://patchwiki.biligame.com/images/rocom/2/2b/is1urbdqcf48h77lz36dby5obsrmigr.png,小偷小摸.png,https://patchwiki.biligame.com/images/rocom/e/e7/ttqdi3zlz72g5dgmc8qg9ko4aorwllw.png,,0,https://wiki.biligame.com/rocom/%E5%B0%8F%E5%81%B7%E5%B0%8F%E6%91%B8
逆向演化,萌,状态,,,,,https://patchwiki.biligame.com/images/rocom/c/cc/bta2r24xfd6k70bihugvmdlqarz6qi8.png,逆向演化.png,https://patchwiki.biligame.com/images/rocom/5/5f/80jhk99eosjv1ld26wp7ljtmif27lfv.png,,0,https://wiki.biligame.com/rocom/%E9%80%86%E5%90%91%E6%BC%94%E5%8C%96
炎爆术,火,状态,,,,,https://patchwiki.biligame.com/images/rocom/f/ff/6jt794onuj9apx8hweu2210uwrpo3rn.png,炎爆术.png,https://patchwiki.biligame.com/images/rocom/a/ab/8wvxz3p479e2b702afdqyzhx9340qgx.png,,0,https://wiki.biligame.com/rocom/%E7%82%8E%E7%88%86%E6%9C%AF
羽毛舞,翼,状态,,,,,https://patchwiki.biligame.com/images/rocom/c/c9/g0fcad3wb5mxtj0vt2doubjj6v3135b.png,羽毛舞.png,https://patchwiki.biligame.com/images/rocom/2/2b/p7wdw88ziupp84s1mr8t9t602psswzz.png,,0,https://wiki.biligame.com/rocom/%E7%BE%BD%E6%AF%9B%E8%88%9E
冰荆棘,冰,防御,,,,,https://patchwiki.biligame.com/images/rocom/2/23/rn03f9jjxbwsxyqg1eb03j56iubdmc8.png,冰荆棘.png,https://patchwiki.biligame.com/images/rocom/9/9b/oxnxxud1xhopw87c7mnawxijz8r1hns.png,,0,https://wiki.biligame.com/rocom/%E5%86%B0%E8%8D%86%E6%A3%98
冲击,恶,物攻,,,,,https://patchwiki.biligame.com/images/rocom/0/09/4zyk6153bpnh1qu2s47u1ej7fvchk4r.png,冲击.png,https://patchwiki.biligame.com/images/rocom/3/3b/hrdmz7n0qt3bnmir9fdn7977fvleec0.png,,0,https://wiki.biligame.com/rocom/%E5%86%B2%E5%87%BB
堆雪人,冰,魔攻,,,,,https://patchwiki.biligame.com/images/rocom/2/29/hyokjxgrcxum1ud8wash9n7uf8t0dgn.png,堆雪人.png,https://patchwiki.biligame.com/images/rocom/9/9b/oxnxxud1xhopw87c7mnawxijz8r1hns.png,,0,https://wiki.biligame.com/rocom/%E5%A0%86%E9%9B%AA%E4%BA%BA
极速冷冻,冰,状态,,,,,https://patchwiki.biligame.com/images/rocom/9/92/lddqygewk2o8uhhlngxsh67yx9jhpyy.png,极速冷冻.png,https://patchwiki.biligame.com/images/rocom/9/9b/oxnxxud1xhopw87c7mnawxijz8r1hns.png,,0,https://wiki.biligame.com/rocom/%E6%9E%81%E9%80%9F%E5%86%B7%E5%86%BB
横纵斩,恶,魔攻,,,,,https://patchwiki.biligame.com/images/rocom/c/c2/4zyk6153bpnh1qu2s47u1ej7fvchk4r.png,横纵斩.png,https://patchwiki.biligame.com/images/rocom/3/3b/hrdmz7n0qt3bnmir9fdn7977fvleec0.png,,0,https://wiki.biligame.com/rocom/%E6%A8%AA%E7%BA%B5%E6%96%A9
三鼓作气,普通,状态,,,,,https://patchwiki.biligame.com/images/rocom/d/d8/c79kr0tzkdumyulo9etg616pnp0qycv.png,三鼓作气.png,https://patchwiki.biligame.com/images/rocom/6/69/nc77midbqeafn7i2snh5a5h16ctdi0o.png,,0,https://wiki.biligame.com/rocom/%E4%B8%89%E9%BC%93%E4%BD%9C%E6%B0%94
冰刺,冰,物攻,,,,,https://patchwiki.biligame.com/images/rocom/6/6c/00l3fximveusaniq5nl8g9nxnfrksze.png,冰刺.png,https://patchwiki.biligame.com/images/rocom/9/9b/oxnxxud1xhopw87c7mnawxijz8r1hns.png,,0,https://wiki.biligame.com/rocom/%E5%86%B0%E5%88%BA
藤鞭,草,物攻,,,,,https://patchwiki.biligame.com/images/rocom/2/23/3smey30f93ojer06du2yv5dzavoaqq7.png,藤鞭.png,https://patchwiki.biligame.com/images/rocom/1/12/b8bsilucec9a98rsmqkmxt06c4mnnix.png,,0,https://wiki.biligame.com/rocom/%E8%97%A4%E9%9E%AD
缓冻,冰,魔攻,,,,,https://patchwiki.biligame.com/images/rocom/6/69/hyokjxgrcxum1ud8wash9n7uf8t0dgn.png,缓冻.png,https://patchwiki.biligame.com/images/rocom/9/9b/oxnxxud1xhopw87c7mnawxijz8r1hns.png,,0,https://wiki.biligame.com/rocom/%E7%BC%93%E5%86%BB
骗局,恶,魔攻,,,,,https://patchwiki.biligame.com/images/rocom/5/5e/4zyk6153bpnh1qu2s47u1ej7fvchk4r.png,骗局.png,https://patchwiki.biligame.com/images/rocom/3/3b/hrdmz7n0qt3bnmir9fdn7977fvleec0.png,,0,https://wiki.biligame.com/rocom/%E9%AA%97%E5%B1%80
碎冰击,冰,物攻,,,,,https://patchwiki.biligame.com/images/rocom/2/22/lbcrtcjxslqgmbdrwe0f29w6bpfuy7j.png,碎冰击.png,https://patchwiki.biligame.com/images/rocom/9/9b/oxnxxud1xhopw87c7mnawxijz8r1hns.png,,0,https://wiki.biligame.com/rocom/%E7%A2%8E%E5%86%B0%E5%87%BB
幼态延续,萌,魔攻,,,,,https://patchwiki.biligame.com/images/rocom/9/9e/t0ow1v3vtkgi2wp09i5u8zfaad55dqe.png,幼态延续.png,https://patchwiki.biligame.com/images/rocom/5/5f/80jhk99eosjv1ld26wp7ljtmif27lfv.png,,0,https://wiki.biligame.com/rocom/%E5%B9%BC%E6%80%81%E5%BB%B6%E7%BB%AD
玩具乐园,萌,状态,,,,,https://patchwiki.biligame.com/images/rocom/0/0e/t0ow1v3vtkgi2wp09i5u8zfaad55dqe.png,玩具乐园.png,https://patchwiki.biligame.com/images/rocom/5/5f/80jhk99eosjv1ld26wp7ljtmif27lfv.png,,0,https://wiki.biligame.com/rocom/%E7%8E%A9%E5%85%B7%E4%B9%90%E5%9B%AD
疾风涡轮,翼,物攻,,,,,https://patchwiki.biligame.com/images/rocom/d/dc/t7hv78sspzew3vifxcd0lf4jzckcmgr.png,疾风涡轮.png,https://patchwiki.biligame.com/images/rocom/2/2b/p7wdw88ziupp84s1mr8t9t602psswzz.png,,0,https://wiki.biligame.com/rocom/%E7%96%BE%E9%A3%8E%E6%B6%A1%E8%BD%AE
求雨,水,状态,,,,,https://patchwiki.biligame.com/images/rocom/1/10/2optkltqmjx8ao3vpdn691enht3phwa.png,求雨.png,https://patchwiki.biligame.com/images/rocom/d/d1/csqsyhq1k488329455xdlzdcybv6zjh.png,,0,https://wiki.biligame.com/rocom/%E6%B1%82%E9%9B%A8
指指点点,普通,物攻,,,,,https://patchwiki.biligame.com/images/rocom/a/ad/hzcp0597frht4g8e43m9hzwhjtshcmw.png,指指点点.png,https://patchwiki.biligame.com/images/rocom/6/69/nc77midbqeafn7i2snh5a5h16ctdi0o.png,,0,https://wiki.biligame.com/rocom/%E6%8C%87%E6%8C%87%E7%82%B9%E7%82%B9
