编号,名字,阶段,属性,形态分类,形态,是否有异色,图片文件名,本地URL,来源图片URL,详情页URL
NO.001,迪莫,最终形态,光,原始形态,原始形态,否,NO001_迪莫.png,/icons/NO001_%E8%BF%AA%E8%8E%AB.png,https://patchwiki.biligame.com/images/rocom/2/25/o64cvcxq1l6tlur77xjqbwx2s4imabd.png,https://wiki.biligame.com/rocom/%E8%BF%AA%E8%8E%AB
NO.002,喵喵,Ⅰ阶,草,原始形态,原始形态,否,NO002_喵喵.png,/icons/NO002_%E5%96%B5%E5%96%B5.png,https://patchwiki.biligame.com/images/rocom/3/34/swx8tx6o3mpyfnqrkxu1kth6sgzott2.png,https://wiki.biligame.com/rocom/%E5%96%B5%E5%96%B5
NO.003,喵呜,Ⅱ阶,草,原始形态,原始形态,否,NO003_喵呜.png,/icons/NO003_%E5%96%B5%E5%91%9C.png,https://patchwiki.biligame.com/images/rocom/8/8d/dfnsd50cr86p61a37sanzt5jp3i022u.png,https://wiki.biligame.com/rocom/%E5%96%B5%E5%91%9C
NO.004,魔力猫,最终形态,草,原始形态,原始形态,否,NO004_魔力猫.png,/icons/NO004_%E9%AD%94%E5%8A%9B%E7%8C%AB.png,https://patchwiki.biligame.com/images/rocom/3/33/p4l4i0xh8rzj0mosp9sgw4qjfvlbl0r.png,https://wiki.biligame.com/rocom/%E9%AD%94%E5%8A%9B%E7%8C%AB
NO.005,火花,Ⅰ阶,火,原始形态,原始形态,否,NO005_火花.png,/icons/NO005_%E7%81%AB%E8%8A%B1.png,https://patchwiki.biligame.com/images/rocom/a/a1/jzel7fdbrw66zvccwcx4ekg72d66m21.png,https://wiki.biligame.com/rocom/%E7%81%AB%E8%8A%B1
NO.006,焰火,Ⅱ阶,火,原始形态,原始形态,否,NO006_焰火.png,/icons/NO006_%E7%84%B0%E7%81%AB.png,https://patchwiki.biligame.com/images/rocom/b/b9/r8j0510jtxabhlyl5srx22orefxhh5g.png,https://wiki.biligame.com/rocom/%E7%84%B0%E7%81%AB
NO.007,火神,最终形态,火,原始形态,原始形态,否,NO007_火神.png,/icons/NO007_%E7%81%AB%E7%A5%9E.png,https://patchwiki.biligame.com/images/rocom/4/4f/627a47xjvghn9okifk66vhsx4uv7101.png,https://wiki.biligame.com/rocom/%E7%81%AB%E7%A5%9E
NO.008,水蓝蓝,Ⅰ阶,水,原始形态,原始形态,否,NO008_水蓝蓝.png,/icons/NO008_%E6%B0%B4%E8%93%9D%E8%93%9D.png,https://patchwiki.biligame.com/images/rocom/0/0b/km91vn87f93y9ukj6ir6wsc4dl8shx1.png,https://wiki.biligame.com/rocom/%E6%B0%B4%E8%93%9D%E8%93%9D
NO.009,波波拉,Ⅱ阶,水,原始形态,原始形态,否,NO009_波波拉.png,/icons/NO009_%E6%B3%A2%E6%B3%A2%E6%8B%89.png,https://patchwiki.biligame.com/images/rocom/c/c2/63ym3z73l9k65ws69a63g8f0itajsu4.png,https://wiki.biligame.com/rocom/%E6%B3%A2%E6%B3%A2%E6%8B%89
NO.010,水灵,最终形态,水,原始形态,原始形态,否,NO010_水灵.png,/icons/NO010_%E6%B0%B4%E7%81%B5.png,https://patchwiki.biligame.com/images/rocom/5/50/33by7ml0nsrsxxq1l8l2uj4izqnuwpd.png,https://wiki.biligame.com/rocom/%E6%B0%B4%E7%81%B5
NO.011,鸭吉吉（蓬松的样子）,最终形态,普通,原始形态,原始形态,否,NO011_鸭吉吉（蓬松的样子）.png,/icons/NO011_%E9%B8%AD%E5%90%89%E5%90%89%EF%BC%88%E8%93%AC%E6%9D%BE%E7%9A%84%E6%A0%B7%E5%AD%90%EF%BC%89.png,https://patchwiki.biligame.com/images/rocom/9/9b/lsgonow9dtf4nlte0094yq43stn0nrv.png,https://wiki.biligame.com/rocom/%E9%B8%AD%E5%90%89%E5%90%89%EF%BC%88%E8%93%AC%E6%9D%BE%E7%9A%84%E6%A0%B7%E5%AD%90%EF%BC%89
NO.011,鸭吉吉（紧实的样子）,最终形态,普通,原始形态,原始形态,否,NO011_鸭吉吉（紧实的样子）.png,/icons/NO011_%E9%B8%AD%E5%90%89%E5%90%89%EF%BC%88%E7%B4%A7%E5%AE%9E%E7%9A%84%E6%A0%B7%E5%AD%90%EF%BC%89.png,https://patchwiki.biligame.com/images/rocom/f/fd/eewpeu21i6fzcqfcnez834gvppirdw8.png,https://wiki.biligame.com/rocom/%E9%B8%AD%E5%90%89%E5%90%89%EF%BC%88%E7%B4%A7%E5%AE%9E%E7%9A%84%E6%A0%B7%E5%AD%90%EF%BC%89
NO.011,鸭吉吉（急急急鸭）,最终形态,普通,原始形态,原始形态,否,NO011_鸭吉吉（急急急鸭）.png,/icons/NO011_%E9%B8%AD%E5%90%89%E5%90%89%EF%BC%88%E6%80%A5%E6%80%A5%E6%80%A5%E9%B8%AD%EF%BC%89.png,https://patchwiki.biligame.com/images/rocom/6/6f/7sidri1o3ke9cih06jlecsl5g9pqexq.png,https://wiki.biligame.com/rocom/%E9%B8%AD%E5%90%89%E5%90%89%EF%BC%88%E6%80%A5%E6%80%A5%E6%80%A5%E9%B8%AD%EF%BC%89
NO.011,鸭吉吉（等一等鸭）,最终形态,普通,原始形态,原始形态,否,NO011_鸭吉吉（等一等鸭）.png,/icons/NO011_%E9%B8%AD%E5%90%89%E5%90%89%EF%BC%88%E7%AD%89%E4%B8%80%E7%AD%89%E9%B8%AD%EF%BC%89.png,https://patchwiki.biligame.com/images/rocom/d/dc/1prqafj7lzcp75byt1ttvpfoblncbrg.png,https://wiki.biligame.com/rocom/%E9%B8%AD%E5%90%89%E5%90%89%EF%BC%88%E7%AD%89%E4%B8%80%E7%AD%89%E9%B8%AD%EF%BC%89
NO.011,鸭吉吉（起来鸭）,最终形态,普通,原始形态,原始形态,,NO011_鸭吉吉（起来鸭）.png,/icons/NO011_%E9%B8%AD%E5%90%89%E5%90%89%EF%BC%88%E8%B5%B7%E6%9D%A5%E9%B8%AD%EF%BC%89.png,https://patchwiki.biligame.com/images/rocom/3/3c/j6agh5wzsw4sxhzzjatf0w077ff8a0t.png,https://wiki.biligame.com/rocom/%E9%B8%AD%E5%90%89%E5%90%89%EF%BC%88%E8%B5%B7%E6%9D%A5%E9%B8%AD%EF%BC%89
NO.011,鸭吉吉（燃了鸭）,最终形态,普通,原始形态,原始形态,否,NO011_鸭吉吉（燃了鸭）.png,/icons/NO011_%E9%B8%AD%E5%90%89%E5%90%89%EF%BC%88%E7%87%83%E4%BA%86%E9%B8%AD%EF%BC%89.png,https://patchwiki.biligame.com/images/rocom/3/36/qur3wj31ncfb3a9hw2vdvghxn494jtk.png,https://wiki.biligame.com/rocom/%E9%B8%AD%E5%90%89%E5%90%89%EF%BC%88%E7%87%83%E4%BA%86%E9%B8%AD%EF%BC%89
NO.012,板板壳（本来的样子）,Ⅰ阶,水,原始形态,原始形态,否,NO012_板板壳（本来的样子）.png,/icons/NO012_%E6%9D%BF%E6%9D%BF%E5%A3%B3%EF%BC%88%E6%9C%AC%E6%9D%A5%E7%9A%84%E6%A0%B7%E5%AD%90%EF%BC%89.png,https://patchwiki.biligame.com/images/rocom/0/05/7yi5qyeejez9yyyhya70f2fkvtwlrp2.png,https://wiki.biligame.com/rocom/%E6%9D%BF%E6%9D%BF%E5%A3%B3%EF%BC%88%E6%9C%AC%E6%9D%A5%E7%9A%84%E6%A0%B7%E5%AD%90%EF%BC%89
NO.013,咔咔壳（本来的样子）,Ⅱ阶,水,原始形态,原始形态,否,NO013_咔咔壳（本来的样子）.png,/icons/NO013_%E5%92%94%E5%92%94%E5%A3%B3%EF%BC%88%E6%9C%AC%E6%9D%A5%E7%9A%84%E6%A0%B7%E5%AD%90%EF%BC%89.png,https://patchwiki.biligame.com/images/rocom/7/70/n9aqhwtf7asg5d60p6rzsxwuupsdtba.png,https://wiki.biligame.com/rocom/%E5%92%94%E5%92%94%E5%A3%B3%EF%BC%88%E6%9C%AC%E6%9D%A5%E7%9A%84%E6%A0%B7%E5%AD%90%EF%BC%89
NO.014,水泡壳（本来的样子）,最终形态,水,原始形态,原始形态,否,NO014_水泡壳（本来的样子）.png,/icons/NO014_%E6%B0%B4%E6%B3%A1%E5%A3%B3%EF%BC%88%E6%9C%AC%E6%9D%A5%E7%9A%84%E6%A0%B7%E5%AD%90%EF%BC%89.png,https://patchwiki.biligame.com/images/rocom/d/d0/0fhxxfotj2zivjel031i1w9v6ys3ts4.png,https://wiki.biligame.com/rocom/%E6%B0%B4%E6%B3%A1%E5%A3%B3%EF%BC%88%E6%9C%AC%E6%9D%A5%E7%9A%84%E6%A0%B7%E5%AD%90%EF%BC%89
NO.015,锥尾羊,Ⅰ阶,幽,原始形态,原始形态,否,NO015_锥尾羊.png,/icons/NO015_%E9%94%A5%E5%B0%BE%E7%BE%8A.png,https://patchwiki.biligame.com/images/rocom/0/0b/c9kn29sskgdppe1ipgd7ooyioj90dyt.png,https://wiki.biligame.com/rocom/%E9%94%A5%E5%B0%BE%E7%BE%8A
NO.016,铃兰羊,Ⅱ阶,幽,原始形态,原始形态,否,NO016_铃兰羊.png,/icons/NO016_%E9%93%83%E5%85%B0%E7%BE%8A.png,https://patchwiki.biligame.com/images/rocom/a/af/pbgcws3qiaqvryk28q9cmer116jy71d.png,https://wiki.biligame.com/rocom/%E9%93%83%E5%85%B0%E7%BE%8A
NO.017,花影羚羊,最终形态,"幽, 恶",原始形态,原始形态,否,NO017_花影羚羊.png,/icons/NO017_%E8%8A%B1%E5%BD%B1%E7%BE%9A%E7%BE%8A.png,https://patchwiki.biligame.com/images/rocom/b/b5/kyhqvze7bxy684o6pql6pkank91011k.png,https://wiki.biligame.com/rocom/%E8%8A%B1%E5%BD%B1%E7%BE%9A%E7%BE%8A
NO.018,雪绒鸟（本来的样子）,Ⅰ阶,翼,原始形态,原始形态,否,NO018_雪绒鸟（本来的样子）.png,/icons/NO018_%E9%9B%AA%E7%BB%92%E9%B8%9F%EF%BC%88%E6%9C%AC%E6%9D%A5%E7%9A%84%E6%A0%B7%E5%AD%90%EF%BC%89.png,https://patchwiki.biligame.com/images/rocom/1/1c/1fd8czi6rfr8nf738hbqozt6bozum44.png,https://wiki.biligame.com/rocom/%E9%9B%AA%E7%BB%92%E9%B8%9F%EF%BC%88%E6%9C%AC%E6%9D%A5%E7%9A%84%E6%A0%B7%E5%AD%90%EF%BC%89
NO.019,冬羽雀（本来的样子）,Ⅱ阶,翼,原始形态,原始形态,否,NO019_冬羽雀（本来的样子）.png,/icons/NO019_%E5%86%AC%E7%BE%BD%E9%9B%80%EF%BC%88%E6%9C%AC%E6%9D%A5%E7%9A%84%E6%A0%B7%E5%AD%90%EF%BC%89.png,https://patchwiki.biligame.com/images/rocom/3/35/jmw35rn0cvpfhfqzbrqohexipzm8xg1.png,https://wiki.biligame.com/rocom/%E5%86%AC%E7%BE%BD%E9%9B%80%EF%BC%88%E6%9C%AC%E6%9D%A5%E7%9A%84%E6%A0%B7%E5%AD%90%EF%BC%89
NO.020,岚鸟（本来的样子）,最终形态,翼,原始形态,原始形态,否,NO020_岚鸟（本来的样子）.png,/icons/NO020_%E5%B2%9A%E9%B8%9F%EF%BC%88%E6%9C%AC%E6%9D%A5%E7%9A%84%E6%A0%B7%E5%AD%90%EF%BC%89.png,https://patchwiki.biligame.com/images/rocom/7/7f/ac3t55pytqhv4x8c9z9w7w6k00glr8p.png,https://wiki.biligame.com/rocom/%E5%B2%9A%E9%B8%9F%EF%BC%88%E6%9C%AC%E6%9D%A5%E7%9A%84%E6%A0%B7%E5%AD%90%EF%BC%89
NO.021,小灵菇,Ⅰ阶,幽,原始形态,原始形态,否,NO021_小灵菇.png,/icons/NO021_%E5%B0%8F%E7%81%B5%E8%8F%87.png,https://patchwiki.biligame.com/images/rocom/b/b8/ltybffbpudghq5tx60h70gy1vdj5xpa.png,https://wiki.biligame.com/rocom/%E5%B0%8F%E7%81%B5%E8%8F%87
NO.022,幻灵菇,Ⅱ阶,"幽, 草",原始形态,原始形态,否,NO022_幻灵菇.png,/icons/NO022_%E5%B9%BB%E7%81%B5%E8%8F%87.png,https://patchwiki.biligame.com/images/rocom/8/8b/3xoutgdtyr7y19dtslj9ijfxv20wb69.png,https://wiki.biligame.com/rocom/%E5%B9%BB%E7%81%B5%E8%8F%87
NO.023,幻影灵菇,最终形态,"幽, 草",原始形态,原始形态,否,NO023_幻影灵菇.png,/icons/NO023_%E5%B9%BB%E5%BD%B1%E7%81%B5%E8%8F%87.png,https://patchwiki.biligame.com/images/rocom/0/0f/915lidbxavc7iprutynlt2z380lxb7x.png,https://wiki.biligame.com/rocom/%E5%B9%BB%E5%BD%B1%E7%81%B5%E8%8F%87
NO.024,石肤蜥（本来的样子）,Ⅰ阶,地,原始形态,原始形态,否,NO024_石肤蜥（本来的样子）.png,/icons/NO024_%E7%9F%B3%E8%82%A4%E8%9C%A5%EF%BC%88%E6%9C%AC%E6%9D%A5%E7%9A%84%E6%A0%B7%E5%AD%90%EF%BC%89.png,https://patchwiki.biligame.com/images/rocom/8/8e/gfeccz7923wkt2g0k4zn9isjx7g52r3.png,https://wiki.biligame.com/rocom/%E7%9F%B3%E8%82%A4%E8%9C%A5%EF%BC%88%E6%9C%AC%E6%9D%A5%E7%9A%84%E6%A0%B7%E5%AD%90%EF%BC%89
NO.025,石刺蜥（本来的样子）,Ⅱ阶,地,原始形态,原始形态,否,NO025_石刺蜥（本来的样子）.png,/icons/NO025_%E7%9F%B3%E5%88%BA%E8%9C%A5%EF%BC%88%E6%9C%AC%E6%9D%A5%E7%9A%84%E6%A0%B7%E5%AD%90%EF%BC%89.png,https://patchwiki.biligame.com/images/rocom/d/d1/dt0gk8z1gtu051gl10yoxdelrkk5aib.png,https://wiki.biligame.com/rocom/%E7%9F%B3%E5%88%BA%E8%9C%A5%EF%BC%88%E6%9C%AC%E6%9D%A5%E7%9A%84%E6%A0%B7%E5%AD%90%EF%BC%89
NO.026,石冠王蜥（本来的样子）,最终形态,地,原始形态,原始形态,否,NO026_石冠王蜥（本来的样子）.png,/icons/NO026_%E7%9F%B3%E5%86%A0%E7%8E%8B%E8%9C%A5%EF%BC%88%E6%9C%AC%E6%9D%A5%E7%9A%84%E6%A0%B7%E5%AD%90%EF%BC%89.png,https://patchwiki.biligame.com/images/rocom/0/00/dlzc7ctb4qlsc5pbonhpcu7kky4x3uz.png,https://wiki.biligame.com/rocom/%E7%9F%B3%E5%86%A0%E7%8E%8B%E8%9C%A5%EF%BC%88%E6%9C%AC%E6%9D%A5%E7%9A%84%E6%A0%B7%E5%AD%90%EF%BC%89
NO.027,布是石,Ⅰ阶,地,原始形态,原始形态,否,NO027_布是石.png,/icons/NO027_%E5%B8%83%E6%98%AF%E7%9F%B3.png,https://patchwiki.biligame.com/images/rocom/8/89/n2olozya089rge7wuokp3nazl44xqst.png,https://wiki.biligame.com/rocom/%E5%B8%83%E6%98%AF%E7%9F%B3
NO.028,布是岩,Ⅱ阶,地,原始形态,原始形态,否,NO028_布是岩.png,/icons/NO028_%E5%B8%83%E6%98%AF%E5%B2%A9.png,https://patchwiki.biligame.com/images/rocom/f/f7/k35p74v6zheql64uqzmjj76g1yalg5e.png,https://wiki.biligame.com/rocom/%E5%B8%83%E6%98%AF%E5%B2%A9
NO.029,布克棱岩,最终形态,地,原始形态,原始形态,否,NO029_布克棱岩.png,/icons/NO029_%E5%B8%83%E5%85%8B%E6%A3%B1%E5%B2%A9.png,https://patchwiki.biligame.com/images/rocom/5/54/108j9nm783krd2nenbkyvvgy2xkgoso.png,https://wiki.biligame.com/rocom/%E5%B8%83%E5%85%8B%E6%A3%B1%E5%B2%A9
NO.030,恶魔叮,Ⅰ阶,"恶, 翼",原始形态,原始形态,否,NO030_恶魔叮.png,/icons/NO030_%E6%81%B6%E9%AD%94%E5%8F%AE.png,https://patchwiki.biligame.com/images/rocom/1/1e/dup0zejk454blppyqq2c2q7mnym6s4s.png,https://wiki.biligame.com/rocom/%E6%81%B6%E9%AD%94%E5%8F%AE
NO.031,叮叮恶魔,最终形态,"恶, 翼",原始形态,原始形态,否,NO031_叮叮恶魔.png,/icons/NO031_%E5%8F%AE%E5%8F%AE%E6%81%B6%E9%AD%94.png,https://patchwiki.biligame.com/images/rocom/0/0b/o9iqtz0rdzb2rkqkewx4v29qya3rknq.png,https://wiki.biligame.com/rocom/%E5%8F%AE%E5%8F%AE%E6%81%B6%E9%AD%94
NO.032,毛毛,Ⅰ阶,"虫, 萌",原始形态,原始形态,否,NO032_毛毛.png,/icons/NO032_%E6%AF%9B%E6%AF%9B.png,https://patchwiki.biligame.com/images/rocom/a/af/owgmiaowlsk52x3cjatoiowp9hq4d4u.png,https://wiki.biligame.com/rocom/%E6%AF%9B%E6%AF%9B
NO.033,爬爬,Ⅱ阶,"虫, 萌",原始形态,原始形态,否,NO033_爬爬.png,/icons/NO033_%E7%88%AC%E7%88%AC.png,https://patchwiki.biligame.com/images/rocom/e/ea/524nzn85da28i54swvfzqbucowmlvu0.png,https://wiki.biligame.com/rocom/%E7%88%AC%E7%88%AC
NO.034,化蝶（平常的样子）,最终形态,"虫, 萌",原始形态,原始形态,否,NO034_化蝶（平常的样子）.png,/icons/NO034_%E5%8C%96%E8%9D%B6%EF%BC%88%E5%B9%B3%E5%B8%B8%E7%9A%84%E6%A0%B7%E5%AD%90%EF%BC%89.png,https://patchwiki.biligame.com/images/rocom/3/3b/s9jxu0z2vcq9ywb7wkgoyyyivr8hvsd.png,https://wiki.biligame.com/rocom/%E5%8C%96%E8%9D%B6%EF%BC%88%E5%B9%B3%E5%B8%B8%E7%9A%84%E6%A0%B7%E5%AD%90%EF%BC%89
NO.035,幽影树,最终形态,"幽, 草",原始形态,原始形态,否,NO035_幽影树.png,/icons/NO035_%E5%B9%BD%E5%BD%B1%E6%A0%91.png,https://patchwiki.biligame.com/images/rocom/4/42/h8x8d49z7tbq02dibjv2lgnvk344pb7.png,https://wiki.biligame.com/rocom/%E5%B9%BD%E5%BD%B1%E6%A0%91
NO.036,小鼠獭,Ⅰ阶,"普通, 水",原始形态,原始形态,否,NO036_小鼠獭.png,/icons/NO036_%E5%B0%8F%E9%BC%A0%E7%8D%AD.png,https://patchwiki.biligame.com/images/rocom/7/71/mhtudimorxc3o9un25icovvi9lahiza.png,https://wiki.biligame.com/rocom/%E5%B0%8F%E9%BC%A0%E7%8D%AD
NO.037,燕尾獭,Ⅱ阶,"普通, 水",原始形态,原始形态,否,NO037_燕尾獭.png,/icons/NO037_%E7%87%95%E5%B0%BE%E7%8D%AD.png,https://patchwiki.biligame.com/images/rocom/e/ed/4k5p223a49bec7iscjj7m5ouqdxrufa.png,https://wiki.biligame.com/rocom/%E7%87%95%E5%B0%BE%E7%8D%AD
NO.038,卷胡巨獭,最终形态,"普通, 水",原始形态,原始形态,否,NO038_卷胡巨獭.png,/icons/NO038_%E5%8D%B7%E8%83%A1%E5%B7%A8%E7%8D%AD.png,https://patchwiki.biligame.com/images/rocom/4/4d/h1d1rubaklvrkodj1fr4j8jyiaqho8z.png,https://wiki.biligame.com/rocom/%E5%8D%B7%E8%83%A1%E5%B7%A8%E7%8D%AD
NO.039,矿晶虫,Ⅰ阶,"光, 地",原始形态,原始形态,否,NO039_矿晶虫.png,/icons/NO039_%E7%9F%BF%E6%99%B6%E8%99%AB.png,https://patchwiki.biligame.com/images/rocom/4/4b/rakgahc3c1vonzb7l1oypg0kwmhpi3z.png,https://wiki.biligame.com/rocom/%E7%9F%BF%E6%99%B6%E8%99%AB
NO.040,晶石蜗（西瓜碧玺的样子）,最终形态,"光, 地",原始形态,原始形态,否,NO040_晶石蜗（西瓜碧玺的样子）.png,/icons/NO040_%E6%99%B6%E7%9F%B3%E8%9C%97%EF%BC%88%E8%A5%BF%E7%93%9C%E7%A2%A7%E7%8E%BA%E7%9A%84%E6%A0%B7%E5%AD%90%EF%BC%89.png,https://patchwiki.biligame.com/images/rocom/a/a1/bllriabi2ywqr0cnc2au8wyehtcd21y.png,https://wiki.biligame.com/rocom/%E6%99%B6%E7%9F%B3%E8%9C%97%EF%BC%88%E8%A5%BF%E7%93%9C%E7%A2%A7%E7%8E%BA%E7%9A%84%E6%A0%B7%E5%AD%90%EF%BC%89
NO.041,奇丽草,Ⅰ阶,草,原始形态,原始形态,是,NO041_奇丽草.png,/icons/NO041_%E5%A5%87%E4%B8%BD%E8%8D%89.png,https://patchwiki.biligame.com/images/rocom/1/1f/kv2w95rommythz2es62viqib0edez2m.png,https://wiki.biligame.com/rocom/%E5%A5%87%E4%B8%BD%E8%8D%89
NO.041,奇丽草（异色）,Ⅰ阶,草,原始形态,原始形态,是,NO041_奇丽草（异色）.png,/icons/NO041_%E5%A5%87%E4%B8%BD%E8%8D%89%EF%BC%88%E5%BC%82%E8%89%B2%EF%BC%89.png,https://patchwiki.biligame.com/images/rocom/2/21/9jmmnn0yuhxye6siwgnsways6nlyxoa.png,https://wiki.biligame.com/rocom/%E5%A5%87%E4%B8%BD%E8%8D%89
NO.042,奇丽叶,Ⅱ阶,草,原始形态,原始形态,是,NO042_奇丽叶.png,/icons/NO042_%E5%A5%87%E4%B8%BD%E5%8F%B6.png,https://patchwiki.biligame.com/images/rocom/8/89/qe7mpeopll2by3im70dsqtesufqq62z.png,https://wiki.biligame.com/rocom/%E5%A5%87%E4%B8%BD%E5%8F%B6
NO.042,奇丽叶（异色）,Ⅱ阶,草,原始形态,原始形态,是,NO042_奇丽叶（异色）.png,/icons/NO042_%E5%A5%87%E4%B8%BD%E5%8F%B6%EF%BC%88%E5%BC%82%E8%89%B2%EF%BC%89.png,https://patchwiki.biligame.com/images/rocom/b/be/1gz9h4s6ezhutz55lvpvch4qm8fa434.png,https://wiki.biligame.com/rocom/%E5%A5%87%E4%B8%BD%E5%8F%B6
NO.043,奇丽花,最终形态,草,原始形态,原始形态,是,NO043_奇丽花.png,/icons/NO043_%E5%A5%87%E4%B8%BD%E8%8A%B1.png,https://patchwiki.biligame.com/images/rocom/8/8c/dbgfehb9vsrkwnn1jkxtibxciapkdur.png,https://wiki.biligame.com/rocom/%E5%A5%87%E4%B8%BD%E8%8A%B1
NO.043,奇丽花（异色）,最终形态,草,原始形态,原始形态,是,NO043_奇丽花（异色）.png,/icons/NO043_%E5%A5%87%E4%B8%BD%E8%8A%B1%EF%BC%88%E5%BC%82%E8%89%B2%EF%BC%89.png,https://patchwiki.biligame.com/images/rocom/9/97/hll8utg7tvr4mgggxcjcr1b1u35iutz.png,https://wiki.biligame.com/rocom/%E5%A5%87%E4%B8%BD%E8%8A%B1
NO.044,丢丢（草地附近的样子）,Ⅰ阶,草,原始形态,原始形态,否,NO044_丢丢（草地附近的样子）.png,/icons/NO044_%E4%B8%A2%E4%B8%A2%EF%BC%88%E8%8D%89%E5%9C%B0%E9%99%84%E8%BF%91%E7%9A%84%E6%A0%B7%E5%AD%90%EF%BC%89.png,https://patchwiki.biligame.com/images/rocom/6/69/ncos20b0z39xr0ir1185rzav8cxd9vz.png,https://wiki.biligame.com/rocom/%E4%B8%A2%E4%B8%A2%EF%BC%88%E8%8D%89%E5%9C%B0%E9%99%84%E8%BF%91%E7%9A%84%E6%A0%B7%E5%AD%90%EF%BC%89
NO.045,卡卡虫（草地附近的样子）,Ⅱ阶,草,原始形态,原始形态,否,NO045_卡卡虫（草地附近的样子）.png,/icons/NO045_%E5%8D%A1%E5%8D%A1%E8%99%AB%EF%BC%88%E8%8D%89%E5%9C%B0%E9%99%84%E8%BF%91%E7%9A%84%E6%A0%B7%E5%AD%90%EF%BC%89.png,https://patchwiki.biligame.com/images/rocom/d/d7/bi5t0j12hzaiw6f43kjijgblr8les6s.png,https://wiki.biligame.com/rocom/%E5%8D%A1%E5%8D%A1%E8%99%AB%EF%BC%88%E8%8D%89%E5%9C%B0%E9%99%84%E8%BF%91%E7%9A%84%E6%A0%B7%E5%AD%90%EF%BC%89
NO.046,卡瓦重（草地附近的样子）,最终形态,草,原始形态,原始形态,否,NO046_卡瓦重（草地附近的样子）.png,/icons/NO046_%E5%8D%A1%E7%93%A6%E9%87%8D%EF%BC%88%E8%8D%89%E5%9C%B0%E9%99%84%E8%BF%91%E7%9A%84%E6%A0%B7%E5%AD%90%EF%BC%89.png,https://patchwiki.biligame.com/images/rocom/9/95/ofh2y3cjn996jnxvajei3j5m1jole74.png,https://wiki.biligame.com/rocom/%E5%8D%A1%E7%93%A6%E9%87%8D%EF%BC%88%E8%8D%89%E5%9C%B0%E9%99%84%E8%BF%91%E7%9A%84%E6%A0%B7%E5%AD%90%EF%BC%89
NO.047,护主犬,Ⅰ阶,火,原始形态,原始形态,否,NO047_护主犬.png,/icons/NO047_%E6%8A%A4%E4%B8%BB%E7%8A%AC.png,https://patchwiki.biligame.com/images/rocom/6/64/t29c2r5ooabyzne8dt5uu9bzq10ibtz.png,https://wiki.biligame.com/rocom/%E6%8A%A4%E4%B8%BB%E7%8A%AC
NO.048,音速犬,最终形态,火,原始形态,原始形态,否,NO048_音速犬.png,/icons/NO048_%E9%9F%B3%E9%80%9F%E7%8A%AC.png,https://patchwiki.biligame.com/images/rocom/4/4e/8rkwz0k7qvejlxs78isa65ajn16o1qk.png,https://wiki.biligame.com/rocom/%E9%9F%B3%E9%80%9F%E7%8A%AC
NO.049,绿耳松鼠,Ⅰ阶,普通,原始形态,原始形态,否,NO049_绿耳松鼠.png,/icons/NO049_%E7%BB%BF%E8%80%B3%E6%9D%BE%E9%BC%A0.png,https://patchwiki.biligame.com/images/rocom/b/b5/2foanarop7ik9wf1aqo37m7rdr3ug39.png,https://wiki.biligame.com/rocom/%E7%BB%BF%E8%80%B3%E6%9D%BE%E9%BC%A0
NO.050,抱枕松鼠,Ⅱ阶,普通,原始形态,原始形态,否,NO050_抱枕松鼠.png,/icons/NO050_%E6%8A%B1%E6%9E%95%E6%9D%BE%E9%BC%A0.png,https://patchwiki.biligame.com/images/rocom/3/3f/d7igqblvpoaio9o1ozoa2slcmskbzue.png,https://wiki.biligame.com/rocom/%E6%8A%B1%E6%9E%95%E6%9D%BE%E9%BC%A0
NO.051,蹦床松鼠,最终形态,普通,原始形态,原始形态,否,NO051_蹦床松鼠.png,/icons/NO051_%E8%B9%A6%E5%BA%8A%E6%9D%BE%E9%BC%A0.png,https://patchwiki.biligame.com/images/rocom/5/5e/6lkej27f60uxygncdnl4oktj79t9da2.png,https://wiki.biligame.com/rocom/%E8%B9%A6%E5%BA%8A%E6%9D%BE%E9%BC%A0
NO.052,嘟嘟煲,Ⅰ阶,毒,原始形态,原始形态,否,NO052_嘟嘟煲.png,/icons/NO052_%E5%98%9F%E5%98%9F%E7%85%B2.png,https://patchwiki.biligame.com/images/rocom/4/44/8gr1vgk1hjf59enrdxyhboe35g8rijd.png,https://wiki.biligame.com/rocom/%E5%98%9F%E5%98%9F%E7%85%B2
NO.053,嘟嘟锅,最终形态,毒,原始形态,原始形态,否,NO053_嘟嘟锅.png,/icons/NO053_%E5%98%9F%E5%98%9F%E9%94%85.png,https://patchwiki.biligame.com/images/rocom/2/2a/bn409ikm4m2ir8inziq4jgl12f1lk53.png,https://wiki.biligame.com/rocom/%E5%98%9F%E5%98%9F%E9%94%85
NO.054,小灵面,Ⅰ阶,幽,原始形态,原始形态,否,NO054_小灵面.png,/icons/NO054_%E5%B0%8F%E7%81%B5%E9%9D%A2.png,https://patchwiki.biligame.com/images/rocom/c/ce/60arfjew3ryqzrh5dqh8mi6axn595h4.png,https://wiki.biligame.com/rocom/%E5%B0%8F%E7%81%B5%E9%9D%A2
NO.055,暗影灵面（睁眼的样子）,Ⅱ阶,幽,原始形态,原始形态,否,NO055_暗影灵面（睁眼的样子）.png,/icons/NO055_%E6%9A%97%E5%BD%B1%E7%81%B5%E9%9D%A2%EF%BC%88%E7%9D%81%E7%9C%BC%E7%9A%84%E6%A0%B7%E5%AD%90%EF%BC%89.png,https://patchwiki.biligame.com/images/rocom/e/ee/8iz9eknhqvv3ntbw6r2ksojvp3dfekx.png,https://wiki.biligame.com/rocom/%E6%9A%97%E5%BD%B1%E7%81%B5%E9%9D%A2%EF%BC%88%E7%9D%81%E7%9C%BC%E7%9A%84%E6%A0%B7%E5%AD%90%EF%BC%89
NO.056,幽冥眼（睁眼的样子）,最终形态,幽,原始形态,原始形态,否,NO056_幽冥眼（睁眼的样子）.png,/icons/NO056_%E5%B9%BD%E5%86%A5%E7%9C%BC%EF%BC%88%E7%9D%81%E7%9C%BC%E7%9A%84%E6%A0%B7%E5%AD%90%EF%BC%89.png,https://patchwiki.biligame.com/images/rocom/2/23/1y27uyj9zvo1gctws3g4ru9kgsg3thg.png,https://wiki.biligame.com/rocom/%E5%B9%BD%E5%86%A5%E7%9C%BC%EF%BC%88%E7%9D%81%E7%9C%BC%E7%9A%84%E6%A0%B7%E5%AD%90%EF%BC%89
NO.057,梦游（穿旧睡衣的样子）,Ⅰ阶,幽,原始形态,原始形态,否,NO057_梦游（穿旧睡衣的样子）.png,/icons/NO057_%E6%A2%A6%E6%B8%B8%EF%BC%88%E7%A9%BF%E6%97%A7%E7%9D%A1%E8%A1%A3%E7%9A%84%E6%A0%B7%E5%AD%90%EF%BC%89.png,https://patchwiki.biligame.com/images/rocom/2/21/oaaweyscathn6oqa015bfb6o9w5cbsa.png,https://wiki.biligame.com/rocom/%E6%A2%A6%E6%B8%B8%EF%BC%88%E7%A9%BF%E6%97%A7%E7%9D%A1%E8%A1%A3%E7%9A%84%E6%A0%B7%E5%AD%90%EF%BC%89
NO.058,梦悠悠（穿旧睡衣的样子）,最终形态,幽,原始形态,原始形态,否,NO058_梦悠悠（穿旧睡衣的样子）.png,/icons/NO058_%E6%A2%A6%E6%82%A0%E6%82%A0%EF%BC%88%E7%A9%BF%E6%97%A7%E7%9D%A1%E8%A1%A3%E7%9A%84%E6%A0%B7%E5%AD%90%EF%BC%89.png,https://patchwiki.biligame.com/images/rocom/2/2b/glndghgzgkl35dw5l2jzm8m4cc3dv22.png,https://wiki.biligame.com/rocom/%E6%A2%A6%E6%82%A0%E6%82%A0%EF%BC%88%E7%A9%BF%E6%97%A7%E7%9D%A1%E8%A1%A3%E7%9A%84%E6%A0%B7%E5%AD%90%EF%BC%89
NO.059,兽花蕾,最终形态,"光, 草",原始形态,原始形态,否,NO059_兽花蕾.png,/icons/NO059_%E5%85%BD%E8%8A%B1%E8%95%BE.png,https://patchwiki.biligame.com/images/rocom/f/fb/40ew1mdy3j3km17nwkdvlit9es9y39b.png,https://wiki.biligame.com/rocom/%E5%85%BD%E8%8A%B1%E8%95%BE
NO.060,伏地兽,Ⅰ阶,普通,原始形态,原始形态,否,NO060_伏地兽.png,/icons/NO060_%E4%BC%8F%E5%9C%B0%E5%85%BD.png,https://patchwiki.biligame.com/images/rocom/5/5c/tspudx138x6hgz6dth0361r383pr0ha.png,https://wiki.biligame.com/rocom/%E4%BC%8F%E5%9C%B0%E5%85%BD
NO.061,贪食鼹,Ⅱ阶,普通,原始形态,原始形态,否,NO061_贪食鼹.png,/icons/NO061_%E8%B4%AA%E9%A3%9F%E9%BC%B9.png,https://patchwiki.biligame.com/images/rocom/d/d1/ps5nra6q9tzlnl4s6tkz4g5eejsr497.png,https://wiki.biligame.com/rocom/%E8%B4%AA%E9%A3%9F%E9%BC%B9
NO.062,巨噬针鼹,最终形态,普通,原始形态,原始形态,否,NO062_巨噬针鼹.png,/icons/NO062_%E5%B7%A8%E5%99%AC%E9%92%88%E9%BC%B9.png,https://patchwiki.biligame.com/images/rocom/b/bf/kh1j7ti0ytu5d4nvr4te6kqakcclvx6.png,https://wiki.biligame.com/rocom/%E5%B7%A8%E5%99%AC%E9%92%88%E9%BC%B9
NO.063,蹦蹦种子（海神球形态）,Ⅰ阶,"草, 毒",原始形态,原始形态,否,NO063_蹦蹦种子（海神球形态）.png,/icons/NO063_%E8%B9%A6%E8%B9%A6%E7%A7%8D%E5%AD%90%EF%BC%88%E6%B5%B7%E7%A5%9E%E7%90%83%E5%BD%A2%E6%80%81%EF%BC%89.png,https://patchwiki.biligame.com/images/rocom/3/33/5rqqxhxtsklncbih4ii40p13jkrbqby.png,https://wiki.biligame.com/rocom/%E8%B9%A6%E8%B9%A6%E7%A7%8D%E5%AD%90%EF%BC%88%E6%B5%B7%E7%A5%9E%E7%90%83%E5%BD%A2%E6%80%81%EF%BC%89
NO.064,蹦蹦草（海神球形态）,Ⅱ阶,"草, 毒",原始形态,原始形态,否,NO064_蹦蹦草（海神球形态）.png,/icons/NO064_%E8%B9%A6%E8%B9%A6%E8%8D%89%EF%BC%88%E6%B5%B7%E7%A5%9E%E7%90%83%E5%BD%A2%E6%80%81%EF%BC%89.png,https://patchwiki.biligame.com/images/rocom/6/62/sdazex9mreedpinwxklyhfu4k9xi8h9.png,https://wiki.biligame.com/rocom/%E8%B9%A6%E8%B9%A6%E8%8D%89%EF%BC%88%E6%B5%B7%E7%A5%9E%E7%90%83%E5%BD%A2%E6%80%81%EF%BC%89
NO.065,蹦蹦花（海神球形态）,最终形态,"草, 毒",原始形态,原始形态,否,NO065_蹦蹦花（海神球形态）.png,/icons/NO065_%E8%B9%A6%E8%B9%A6%E8%8A%B1%EF%BC%88%E6%B5%B7%E7%A5%9E%E7%90%83%E5%BD%A2%E6%80%81%EF%BC%89.png,https://patchwiki.biligame.com/images/rocom/b/b4/jpdd60oi1k87a3tjhtdhl6n7uf6zn7x.png,https://wiki.biligame.com/rocom/%E8%B9%A6%E8%B9%A6%E8%8A%B1%EF%BC%88%E6%B5%B7%E7%A5%9E%E7%90%83%E5%BD%A2%E6%80%81%EF%BC%89
NO.066,电咩咩,Ⅰ阶,电,原始形态,原始形态,否,NO066_电咩咩.png,/icons/NO066_%E7%94%B5%E5%92%A9%E5%92%A9.png,https://patchwiki.biligame.com/images/rocom/5/57/rrzi4lxo68m4mmhokly3l8z4t2ti2r7.png,https://wiki.biligame.com/rocom/%E7%94%B5%E5%92%A9%E5%92%A9
NO.067,粉咩咩,Ⅱ阶,电,原始形态,原始形态,否,NO067_粉咩咩.png,/icons/NO067_%E7%B2%89%E5%92%A9%E5%92%A9.png,https://patchwiki.biligame.com/images/rocom/d/d4/90spmq5ikabu64yf2g3l5lk8z3vvdpn.png,https://wiki.biligame.com/rocom/%E7%B2%89%E5%92%A9%E5%92%A9
NO.068,电球咩咩,最终形态,电,原始形态,原始形态,否,NO068_电球咩咩.png,/icons/NO068_%E7%94%B5%E7%90%83%E5%92%A9%E5%92%A9.png,https://patchwiki.biligame.com/images/rocom/0/01/4sz6qymt56rlm9ybuobr7s76qonzxvu.png,https://wiki.biligame.com/rocom/%E7%94%B5%E7%90%83%E5%92%A9%E5%92%A9
NO.069,蒲公英,Ⅰ阶,"草, 萌",原始形态,原始形态,否,NO069_蒲公英.png,/icons/NO069_%E8%92%B2%E5%85%AC%E8%8B%B1.png,https://patchwiki.biligame.com/images/rocom/1/1d/87el3plwkuzm4wsb0l6s3ffqowsbiwl.png,https://wiki.biligame.com/rocom/%E8%92%B2%E5%85%AC%E8%8B%B1
NO.070,蒲公英娃娃,最终形态,"草, 萌",原始形态,原始形态,否,NO070_蒲公英娃娃.png,/icons/NO070_%E8%92%B2%E5%85%AC%E8%8B%B1%E5%A8%83%E5%A8%83.png,https://patchwiki.biligame.com/images/rocom/e/eb/8np4gxq8dybdydnv77kwoc300to6ont.png,https://wiki.biligame.com/rocom/%E8%92%B2%E5%85%AC%E8%8B%B1%E5%A8%83%E5%A8%83
NO.071,伊贝儿,Ⅰ阶,草,原始形态,原始形态,否,NO071_伊贝儿.png,/icons/NO071_%E4%BC%8A%E8%B4%9D%E5%84%BF.png,https://patchwiki.biligame.com/images/rocom/b/b2/3x1hdgzmc2cyjh9zkfdyw1smgck9o3r.png,https://wiki.biligame.com/rocom/%E4%BC%8A%E8%B4%9D%E5%84%BF
NO.072,伊贝粉粉,最终形态,草,原始形态,原始形态,否,NO072_伊贝粉粉.png,/icons/NO072_%E4%BC%8A%E8%B4%9D%E7%B2%89%E7%B2%89.png,https://patchwiki.biligame.com/images/rocom/9/9e/ld012t25twk5oisvs10ok7g2t7apki1.png,https://wiki.biligame.com/rocom/%E4%BC%8A%E8%B4%9D%E7%B2%89%E7%B2%89
NO.073,白发懒人,Ⅰ阶,普通,原始形态,原始形态,否,NO073_白发懒人.png,/icons/NO073_%E7%99%BD%E5%8F%91%E6%87%92%E4%BA%BA.png,https://patchwiki.biligame.com/images/rocom/4/46/06pz2jvhh5k0ukbgj30jmdfyz4nic06.png,https://wiki.biligame.com/rocom/%E7%99%BD%E5%8F%91%E6%87%92%E4%BA%BA
NO.074,动力猿,Ⅱ阶,"普通, 武",原始形态,原始形态,否,NO074_动力猿.png,/icons/NO074_%E5%8A%A8%E5%8A%9B%E7%8C%BF.png,https://patchwiki.biligame.com/images/rocom/9/98/okpl88mwskdjsdfwxwln1kbpwxxly69.png,https://wiki.biligame.com/rocom/%E5%8A%A8%E5%8A%9B%E7%8C%BF
NO.075,瞌睡王,最终形态,"普通, 武",原始形态,原始形态,否,NO075_瞌睡王.png,/icons/NO075_%E7%9E%8C%E7%9D%A1%E7%8E%8B.png,https://patchwiki.biligame.com/images/rocom/a/a2/64947rnxu8ncihl37rqldr3653bg57n.png,https://wiki.biligame.com/rocom/%E7%9E%8C%E7%9D%A1%E7%8E%8B
NO.076,海盔虫（本来的样子）,Ⅰ阶,"水, 毒",原始形态,原始形态,否,NO076_海盔虫（本来的样子）.png,/icons/NO076_%E6%B5%B7%E7%9B%94%E8%99%AB%EF%BC%88%E6%9C%AC%E6%9D%A5%E7%9A%84%E6%A0%B7%E5%AD%90%EF%BC%89.png,https://patchwiki.biligame.com/images/rocom/c/c5/hyqqzb0xxpt4zjthslvr4y25bvsbkvg.png,https://wiki.biligame.com/rocom/%E6%B5%B7%E7%9B%94%E8%99%AB%EF%BC%88%E6%9C%AC%E6%9D%A5%E7%9A%84%E6%A0%B7%E5%AD%90%EF%BC%89
NO.077,刺盔虫（本来的样子）,Ⅱ阶,"水, 毒",原始形态,原始形态,否,NO077_刺盔虫（本来的样子）.png,/icons/NO077_%E5%88%BA%E7%9B%94%E8%99%AB%EF%BC%88%E6%9C%AC%E6%9D%A5%E7%9A%84%E6%A0%B7%E5%AD%90%EF%BC%89.png,https://patchwiki.biligame.com/images/rocom/d/d9/4p1drrucxykr3h3aaxf4xxk9l59554s.png,https://wiki.biligame.com/rocom/%E5%88%BA%E7%9B%94%E8%99%AB%EF%BC%88%E6%9C%AC%E6%9D%A5%E7%9A%84%E6%A0%B7%E5%AD%90%EF%BC%89
NO.078,千棘盔（本来的样子）,最终形态,"水, 毒",原始形态,原始形态,否,NO078_千棘盔（本来的样子）.png,/icons/NO078_%E5%8D%83%E6%A3%98%E7%9B%94%EF%BC%88%E6%9C%AC%E6%9D%A5%E7%9A%84%E6%A0%B7%E5%AD%90%EF%BC%89.png,https://patchwiki.biligame.com/images/rocom/d/d3/m619bkrakzm4rsb834fgl8s3tuleqzw.png,https://wiki.biligame.com/rocom/%E5%8D%83%E6%A3%98%E7%9B%94%EF%BC%88%E6%9C%AC%E6%9D%A5%E7%9A%84%E6%A0%B7%E5%AD%90%EF%BC%89
NO.079,菊花梨,最终形态,萌,原始形态,原始形态,否,NO079_菊花梨.png,/icons/NO079_%E8%8F%8A%E8%8A%B1%E6%A2%A8.png,https://patchwiki.biligame.com/images/rocom/d/db/qitqnhdvjw8gwhnvvapfuqv6g0qgaef.png,https://wiki.biligame.com/rocom/%E8%8F%8A%E8%8A%B1%E6%A2%A8
NO.080,小星光（星光能量的样子）,Ⅰ阶,电,原始形态,原始形态,否,NO080_小星光（星光能量的样子）.png,/icons/NO080_%E5%B0%8F%E6%98%9F%E5%85%89%EF%BC%88%E6%98%9F%E5%85%89%E8%83%BD%E9%87%8F%E7%9A%84%E6%A0%B7%E5%AD%90%EF%BC%89.png,https://patchwiki.biligame.com/images/rocom/b/b1/o9j051uk3ed7na8hgl6lyic6xv38mjb.png,https://wiki.biligame.com/rocom/%E5%B0%8F%E6%98%9F%E5%85%89%EF%BC%88%E6%98%9F%E5%85%89%E8%83%BD%E9%87%8F%E7%9A%84%E6%A0%B7%E5%AD%90%EF%BC%89
NO.081,星光狮（星光能量的样子）,最终形态,电,原始形态,原始形态,否,NO081_星光狮（星光能量的样子）.png,/icons/NO081_%E6%98%9F%E5%85%89%E7%8B%AE%EF%BC%88%E6%98%9F%E5%85%89%E8%83%BD%E9%87%8F%E7%9A%84%E6%A0%B7%E5%AD%90%EF%BC%89.png,https://patchwiki.biligame.com/images/rocom/7/75/cjjrzihw6bz4uzfdn1npim98tas9p21.png,https://wiki.biligame.com/rocom/%E6%98%9F%E5%85%89%E7%8B%AE%EF%BC%88%E6%98%9F%E5%85%89%E8%83%BD%E9%87%8F%E7%9A%84%E6%A0%B7%E5%AD%90%EF%BC%89
NO.082,一窝蜂,Ⅰ阶,"虫, 翼",原始形态,原始形态,否,NO082_一窝蜂.png,/icons/NO082_%E4%B8%80%E7%AA%9D%E8%9C%82.png,https://patchwiki.biligame.com/images/rocom/d/de/drnf14ybuu1j1ulcxyktvpr52tlw89x.png,https://wiki.biligame.com/rocom/%E4%B8%80%E7%AA%9D%E8%9C%82
NO.083,黄蜂后,Ⅱ阶,"虫, 翼",原始形态,原始形态,否,NO083_黄蜂后.png,/icons/NO083_%E9%BB%84%E8%9C%82%E5%90%8E.png,https://patchwiki.biligame.com/images/rocom/c/cc/81ny58tuiqt9xd2e6tsi79lf7yigchq.png,https://wiki.biligame.com/rocom/%E9%BB%84%E8%9C%82%E5%90%8E
NO.084,花魁蜂后,最终形态,"虫, 翼",原始形态,原始形态,否,NO084_花魁蜂后.png,/icons/NO084_%E8%8A%B1%E9%AD%81%E8%9C%82%E5%90%8E.png,https://patchwiki.biligame.com/images/rocom/7/7c/la0ecwe4eufml69boq4366g7gbnfra1.png,https://wiki.biligame.com/rocom/%E8%8A%B1%E9%AD%81%E8%9C%82%E5%90%8E
NO.085,小夜,Ⅰ阶,恶,原始形态,原始形态,否,NO085_小夜.png,/icons/NO085_%E5%B0%8F%E5%A4%9C.png,https://patchwiki.biligame.com/images/rocom/7/72/482iqm8394vdtee3ylwiwyndj9tr8vq.png,https://wiki.biligame.com/rocom/%E5%B0%8F%E5%A4%9C
NO.086,紫夜,Ⅱ阶,恶,原始形态,原始形态,否,NO086_紫夜.png,/icons/NO086_%E7%B4%AB%E5%A4%9C.png,https://patchwiki.biligame.com/images/rocom/1/14/ev4kpmwhjhjkpbr8fkexil8olnj0qd5.png,https://wiki.biligame.com/rocom/%E7%B4%AB%E5%A4%9C
NO.087,朔夜伊芙,最终形态,恶,原始形态,原始形态,否,NO087_朔夜伊芙.png,/icons/NO087_%E6%9C%94%E5%A4%9C%E4%BC%8A%E8%8A%99.png,https://patchwiki.biligame.com/images/rocom/4/47/iefezmj355h7aifobba452t5fax5sup.png,https://wiki.biligame.com/rocom/%E6%9C%94%E5%A4%9C%E4%BC%8A%E8%8A%99
NO.088,乖乖鹄,Ⅰ阶,"翼, 水",原始形态,原始形态,否,NO088_乖乖鹄.png,/icons/NO088_%E4%B9%96%E4%B9%96%E9%B9%84.png,https://patchwiki.biligame.com/images/rocom/5/5a/t2rdnue1b6xwisya3nw5oyti9t2wdur.png,https://wiki.biligame.com/rocom/%E4%B9%96%E4%B9%96%E9%B9%84
NO.089,蓝珠天鹅,Ⅱ阶,"翼, 水",原始形态,原始形态,否,NO089_蓝珠天鹅.png,/icons/NO089_%E8%93%9D%E7%8F%A0%E5%A4%A9%E9%B9%85.png,https://patchwiki.biligame.com/images/rocom/5/5b/qho9vlfx1c2x6kn2a6hrbjx6b7ldqs8.png,https://wiki.biligame.com/rocom/%E8%93%9D%E7%8F%A0%E5%A4%A9%E9%B9%85
NO.090,翠顶夫人,最终形态,"翼, 水",原始形态,原始形态,否,NO090_翠顶夫人.png,/icons/NO090_%E7%BF%A0%E9%A1%B6%E5%A4%AB%E4%BA%BA.png,https://patchwiki.biligame.com/images/rocom/8/8d/0mse3bf6b98dflfbq9bwjeofgi8lo24.png,https://wiki.biligame.com/rocom/%E7%BF%A0%E9%A1%B6%E5%A4%AB%E4%BA%BA
NO.091,黑羽夫人,最终形态,"翼, 恶",原始形态,原始形态,否,NO091_黑羽夫人.png,/icons/NO091_%E9%BB%91%E7%BE%BD%E5%A4%AB%E4%BA%BA.png,https://patchwiki.biligame.com/images/rocom/6/63/6f0vzmzh3c2vr7vu4cli5ppzwcf18di.png,https://wiki.biligame.com/rocom/%E9%BB%91%E7%BE%BD%E5%A4%AB%E4%BA%BA
NO.092,锤头鹳,最终形态,"翼, 水",原始形态,原始形态,否,NO092_锤头鹳.png,/icons/NO092_%E9%94%A4%E5%A4%B4%E9%B9%B3.png,https://patchwiki.biligame.com/images/rocom/c/c8/0kv8ab3s5umo3dbcwsthu9xnpo9y1fc.png,https://wiki.biligame.com/rocom/%E9%94%A4%E5%A4%B4%E9%B9%B3
NO.093,绿草精灵,Ⅰ阶,"草, 幻",原始形态,原始形态,否,NO093_绿草精灵.png,/icons/NO093_%E7%BB%BF%E8%8D%89%E7%B2%BE%E7%81%B5.png,https://patchwiki.biligame.com/images/rocom/1/17/i57n7v6fkt96if840ri0w2jwf07rsgr.png,https://wiki.biligame.com/rocom/%E7%BB%BF%E8%8D%89%E7%B2%BE%E7%81%B5
NO.094,魔草巫灵,最终形态,"草, 幻",原始形态,原始形态,否,NO094_魔草巫灵.png,/icons/NO094_%E9%AD%94%E8%8D%89%E5%B7%AB%E7%81%B5.png,https://patchwiki.biligame.com/images/rocom/5/59/1efyfsgz5qsbi73ldyaoxlziimgv58k.png,https://wiki.biligame.com/rocom/%E9%AD%94%E8%8D%89%E5%B7%AB%E7%81%B5
NO.095,记忆石,最终形态,地,原始形态,原始形态,否,NO095_记忆石.png,/icons/NO095_%E8%AE%B0%E5%BF%86%E7%9F%B3.png,https://patchwiki.biligame.com/images/rocom/0/0a/q6hhh7atr12ne3qx79r3q311a3pcmo9.png,https://wiki.biligame.com/rocom/%E8%AE%B0%E5%BF%86%E7%9F%B3
NO.096,咔咔羽毛,Ⅰ阶,"翼, 普通",原始形态,原始形态,否,NO096_咔咔羽毛.png,/icons/NO096_%E5%92%94%E5%92%94%E7%BE%BD%E6%AF%9B.png,https://patchwiki.biligame.com/images/rocom/e/ed/ob21aol2viw67k7tp5830dj3rzphp66.png,https://wiki.biligame.com/rocom/%E5%92%94%E5%92%94%E7%BE%BD%E6%AF%9B
NO.097,咔咔雀,Ⅱ阶,"翼, 普通",原始形态,原始形态,否,NO097_咔咔雀.png,/icons/NO097_%E5%92%94%E5%92%94%E9%9B%80.png,https://patchwiki.biligame.com/images/rocom/9/9a/ap3uj4ncl7ems9nor7p2eekc040rowl.png,https://wiki.biligame.com/rocom/%E5%92%94%E5%92%94%E9%9B%80
NO.098,咔咔鸟,最终形态,"翼, 普通",原始形态,原始形态,否,NO098_咔咔鸟.png,/icons/NO098_%E5%92%94%E5%92%94%E9%B8%9F.png,https://patchwiki.biligame.com/images/rocom/f/fa/9xi3n8libbst7y2xe4bja79hfbmcmmn.png,https://wiki.biligame.com/rocom/%E5%92%94%E5%92%94%E9%B8%9F
NO.099,小草虫,Ⅰ阶,"虫, 草",原始形态,原始形态,否,NO099_小草虫.png,/icons/NO099_%E5%B0%8F%E8%8D%89%E8%99%AB.png,https://patchwiki.biligame.com/images/rocom/a/a3/4wnznw67s6p9vg2jru046cjq7q8qs8w.png,https://wiki.biligame.com/rocom/%E5%B0%8F%E8%8D%89%E8%99%AB
NO.100,草衣虫,Ⅱ阶,"虫, 草",原始形态,原始形态,否,NO100_草衣虫.png,/icons/NO100_%E8%8D%89%E8%A1%A3%E8%99%AB.png,https://patchwiki.biligame.com/images/rocom/9/92/cxu0820j279llw3cmwkhmhqa0cac6ui.png,https://wiki.biligame.com/rocom/%E8%8D%89%E8%A1%A3%E8%99%AB
NO.101,花衣蝶,最终形态,"虫, 草",原始形态,原始形态,否,NO101_花衣蝶.png,/icons/NO101_%E8%8A%B1%E8%A1%A3%E8%9D%B6.png,https://patchwiki.biligame.com/images/rocom/c/ca/ssjrnqrtjz4ftobafu4guizlkdpye0f.png,https://wiki.biligame.com/rocom/%E8%8A%B1%E8%A1%A3%E8%9D%B6
NO.102,绿翼鸟,Ⅰ阶,"萌, 翼",原始形态,原始形态,否,NO102_绿翼鸟.png,/icons/NO102_%E7%BB%BF%E7%BF%BC%E9%B8%9F.png,https://patchwiki.biligame.com/images/rocom/6/64/6legu9g43vllzz0bwdewrpp0f6zmwdu.png,https://wiki.biligame.com/rocom/%E7%BB%BF%E7%BF%BC%E9%B8%9F
NO.103,魔翼鸟,Ⅱ阶,"萌, 翼",原始形态,原始形态,否,NO103_魔翼鸟.png,/icons/NO103_%E9%AD%94%E7%BF%BC%E9%B8%9F.png,https://patchwiki.biligame.com/images/rocom/4/4d/di46fdrniv7kdxjfmi5kym1373p4xme.png,https://wiki.biligame.com/rocom/%E9%AD%94%E7%BF%BC%E9%B8%9F
NO.104,魔眷鸟,最终形态,"萌, 翼",原始形态,原始形态,否,NO104_魔眷鸟.png,/icons/NO104_%E9%AD%94%E7%9C%B7%E9%B8%9F.png,https://patchwiki.biligame.com/images/rocom/7/76/qdoq3s6blcshbk7z6iki63glfphv1ap.png,https://wiki.biligame.com/rocom/%E9%AD%94%E7%9C%B7%E9%B8%9F
NO.105,阿米亚特,Ⅰ阶,地,原始形态,原始形态,否,NO105_阿米亚特.png,/icons/NO105_%E9%98%BF%E7%B1%B3%E4%BA%9A%E7%89%B9.png,https://patchwiki.biligame.com/images/rocom/0/01/qzl2l4nltxeu187qw1a2ybgfe5qj2tf.png,https://wiki.biligame.com/rocom/%E9%98%BF%E7%B1%B3%E4%BA%9A%E7%89%B9
NO.106,阿米樱,Ⅱ阶,地,原始形态,原始形态,否,NO106_阿米樱.png,/icons/NO106_%E9%98%BF%E7%B1%B3%E6%A8%B1.png,https://patchwiki.biligame.com/images/rocom/c/c6/mlsnrq1x6vea9vvb932aajlqpafb72q.png,https://wiki.biligame.com/rocom/%E9%98%BF%E7%B1%B3%E6%A8%B1
NO.107,罗隐,最终形态,"地, 恶",原始形态,原始形态,否,NO107_罗隐.png,/icons/NO107_%E7%BD%97%E9%9A%90.png,https://patchwiki.biligame.com/images/rocom/3/38/495925un1xk6eioymvva969ahadlk3m.png,https://wiki.biligame.com/rocom/%E7%BD%97%E9%9A%90
NO.108,风铃鲨,Ⅰ阶,"水, 翼",原始形态,原始形态,否,NO108_风铃鲨.png,/icons/NO108_%E9%A3%8E%E9%93%83%E9%B2%A8.png,https://patchwiki.biligame.com/images/rocom/f/fe/88nqs9bcxmqlj6ad7xoyz36k5fxw4qe.png,https://wiki.biligame.com/rocom/%E9%A3%8E%E9%93%83%E9%B2%A8
NO.109,蓝蝶鲨,Ⅱ阶,"水, 翼",原始形态,原始形态,否,NO109_蓝蝶鲨.png,/icons/NO109_%E8%93%9D%E8%9D%B6%E9%B2%A8.png,https://patchwiki.biligame.com/images/rocom/0/0a/ti363dbka1pfizpes11yhv112jlt4j5.png,https://wiki.biligame.com/rocom/%E8%93%9D%E8%9D%B6%E9%B2%A8
NO.110,彩蝶鲨,最终形态,"水, 翼",原始形态,原始形态,否,NO110_彩蝶鲨.png,/icons/NO110_%E5%BD%A9%E8%9D%B6%E9%B2%A8.png,https://patchwiki.biligame.com/images/rocom/5/51/eeqyrw3rswylx1c4sc3kxpzfgu5yqgm.png,https://wiki.biligame.com/rocom/%E5%BD%A9%E8%9D%B6%E9%B2%A8
NO.111,石石,Ⅰ阶,地,原始形态,原始形态,否,NO111_石石.png,/icons/NO111_%E7%9F%B3%E7%9F%B3.png,https://patchwiki.biligame.com/images/rocom/c/c6/ozlttesinkk43ayc3sv3tbab5ckbshi.png,https://wiki.biligame.com/rocom/%E7%9F%B3%E7%9F%B3
NO.112,巨灵石,最终形态,"地, 幽",原始形态,原始形态,否,NO112_巨灵石.png,/icons/NO112_%E5%B7%A8%E7%81%B5%E7%9F%B3.png,https://patchwiki.biligame.com/images/rocom/c/c1/c0lw5946cwte5stco3xurz3c0d98x2t.png,https://wiki.biligame.com/rocom/%E5%B7%A8%E7%81%B5%E7%9F%B3
NO.113,仪使者,Ⅰ阶,"地, 幻",原始形态,原始形态,否,NO113_仪使者.png,/icons/NO113_%E4%BB%AA%E4%BD%BF%E8%80%85.png,https://patchwiki.biligame.com/images/rocom/9/98/a4s6v19kpxbuk9cprtbjxwgs2xwxi70.png,https://wiki.biligame.com/rocom/%E4%BB%AA%E4%BD%BF%E8%80%85
NO.114,仪式之星,Ⅱ阶,"地, 幻",原始形态,原始形态,否,NO114_仪式之星.png,/icons/NO114_%E4%BB%AA%E5%BC%8F%E4%B9%8B%E6%98%9F.png,https://patchwiki.biligame.com/images/rocom/a/a3/oomva04tf8o7qrqqakm0jxwilzw3c8o.png,https://wiki.biligame.com/rocom/%E4%BB%AA%E5%BC%8F%E4%B9%8B%E6%98%9F
NO.115,仪式巨像,最终形态,"地, 幻",原始形态,原始形态,否,NO115_仪式巨像.png,/icons/NO115_%E4%BB%AA%E5%BC%8F%E5%B7%A8%E5%83%8F.png,https://patchwiki.biligame.com/images/rocom/6/6d/5ye4a7k1u4q5lzf6ibnmwb1d3vtzlld.png,https://wiki.biligame.com/rocom/%E4%BB%AA%E5%BC%8F%E5%B7%A8%E5%83%8F
NO.116,小独角兽,Ⅰ阶,光,原始形态,原始形态,否,NO116_小独角兽.png,/icons/NO116_%E5%B0%8F%E7%8B%AC%E8%A7%92%E5%85%BD.png,https://patchwiki.biligame.com/images/rocom/e/ec/qdyvecckyuhnazeotxq9wkxwzb4ws8o.png,https://wiki.biligame.com/rocom/%E5%B0%8F%E7%8B%AC%E8%A7%92%E5%85%BD
NO.117,白金独角兽,最终形态,光,原始形态,原始形态,否,NO117_白金独角兽.png,/icons/NO117_%E7%99%BD%E9%87%91%E7%8B%AC%E8%A7%92%E5%85%BD.png,https://patchwiki.biligame.com/images/rocom/b/b0/6mn7g1bmit3kop684uwf2ns9tg4rsed.png,https://wiki.biligame.com/rocom/%E7%99%BD%E9%87%91%E7%8B%AC%E8%A7%92%E5%85%BD
NO.118,旋叶虫（金黄的样子）,Ⅰ阶,"普通, 虫",原始形态,原始形态,否,NO118_旋叶虫（金黄的样子）.png,/icons/NO118_%E6%97%8B%E5%8F%B6%E8%99%AB%EF%BC%88%E9%87%91%E9%BB%84%E7%9A%84%E6%A0%B7%E5%AD%90%EF%BC%89.png,https://patchwiki.biligame.com/images/rocom/d/d6/jparkpdxm8e8qe6r164oni4tduf4qsq.png,https://wiki.biligame.com/rocom/%E6%97%8B%E5%8F%B6%E8%99%AB%EF%BC%88%E9%87%91%E9%BB%84%E7%9A%84%E6%A0%B7%E5%AD%90%EF%BC%89
NO.119,蓬叶虫（金黄的样子）,Ⅱ阶,"普通, 虫",原始形态,原始形态,否,NO119_蓬叶虫（金黄的样子）.png,/icons/NO119_%E8%93%AC%E5%8F%B6%E8%99%AB%EF%BC%88%E9%87%91%E9%BB%84%E7%9A%84%E6%A0%B7%E5%AD%90%EF%BC%89.png,https://patchwiki.biligame.com/images/rocom/b/ba/p11mh7sopmm5wvvo4b0maw1j31n6vav.png,https://wiki.biligame.com/rocom/%E8%93%AC%E5%8F%B6%E8%99%AB%EF%BC%88%E9%87%91%E9%BB%84%E7%9A%84%E6%A0%B7%E5%AD%90%EF%BC%89
NO.120,风滚暮虫（金黄的样子）,最终形态,"普通, 虫",原始形态,原始形态,否,NO120_风滚暮虫（金黄的样子）.png,/icons/NO120_%E9%A3%8E%E6%BB%9A%E6%9A%AE%E8%99%AB%EF%BC%88%E9%87%91%E9%BB%84%E7%9A%84%E6%A0%B7%E5%AD%90%EF%BC%89.png,https://patchwiki.biligame.com/images/rocom/5/53/i7jmthl2o8l116rbhkn2fyjmhtf57s5.png,https://wiki.biligame.com/rocom/%E9%A3%8E%E6%BB%9A%E6%9A%AE%E8%99%AB%EF%BC%88%E9%87%91%E9%BB%84%E7%9A%84%E6%A0%B7%E5%AD%90%EF%BC%89
NO.121,小黑猫,Ⅰ阶,普通,原始形态,原始形态,否,NO121_小黑猫.png,/icons/NO121_%E5%B0%8F%E9%BB%91%E7%8C%AB.png,https://patchwiki.biligame.com/images/rocom/c/c9/8rrqybxt78i08ws9ztf6iqrhpbf61fi.png,https://wiki.biligame.com/rocom/%E5%B0%8F%E9%BB%91%E7%8C%AB
NO.122,黑猫巫师,最终形态,普通,原始形态,原始形态,否,NO122_黑猫巫师.png,/icons/NO122_%E9%BB%91%E7%8C%AB%E5%B7%AB%E5%B8%88.png,https://patchwiki.biligame.com/images/rocom/c/cb/9uippciulkrlx979x5xnv9aqoprjcek.png,https://wiki.biligame.com/rocom/%E9%BB%91%E7%8C%AB%E5%B7%AB%E5%B8%88
NO.123,忽幽狸,Ⅰ阶,"幽, 毒",原始形态,原始形态,否,NO123_忽幽狸.png,/icons/NO123_%E5%BF%BD%E5%B9%BD%E7%8B%B8.png,https://patchwiki.biligame.com/images/rocom/7/78/2jxh0kfsg1lzfa640r2nyaz03bcr97j.png,https://wiki.biligame.com/rocom/%E5%BF%BD%E5%B9%BD%E7%8B%B8
NO.124,影狸,最终形态,"幽, 毒",原始形态,原始形态,否,NO124_影狸.png,/icons/NO124_%E5%BD%B1%E7%8B%B8.png,https://patchwiki.biligame.com/images/rocom/5/50/cwmitfohkag0d2t5zfu055dhwrm4vxk.png,https://wiki.biligame.com/rocom/%E5%BD%B1%E7%8B%B8
NO.125,多多,Ⅰ阶,"毒, 地",原始形态,原始形态,否,NO125_多多.png,/icons/NO125_%E5%A4%9A%E5%A4%9A.png,https://patchwiki.biligame.com/images/rocom/c/ce/616cnqj5bbxqzen5zwhzqhst14lpua9.png,https://wiki.biligame.com/rocom/%E5%A4%9A%E5%A4%9A
NO.126,多啦多,Ⅱ阶,"毒, 地",原始形态,原始形态,否,NO126_多啦多.png,/icons/NO126_%E5%A4%9A%E5%95%A6%E5%A4%9A.png,https://patchwiki.biligame.com/images/rocom/c/ce/aewpz1647wrfl4r6fzxzem25ia6w3z8.png,https://wiki.biligame.com/rocom/%E5%A4%9A%E5%95%A6%E5%A4%9A
NO.127,古啦多,最终形态,"毒, 地",原始形态,原始形态,否,NO127_古啦多.png,/icons/NO127_%E5%8F%A4%E5%95%A6%E5%A4%9A.png,https://patchwiki.biligame.com/images/rocom/d/d8/nauiiyi051f6jwn5tuy0mrao8j1z1hn.png,https://wiki.biligame.com/rocom/%E5%8F%A4%E5%95%A6%E5%A4%9A
NO.128,哭哭菇,Ⅰ阶,幻,原始形态,原始形态,否,NO128_哭哭菇.png,/icons/NO128_%E5%93%AD%E5%93%AD%E8%8F%87.png,https://patchwiki.biligame.com/images/rocom/e/ee/r5ob8gjuzspmnvdafl5zf5836e6bf6g.png,https://wiki.biligame.com/rocom/%E5%93%AD%E5%93%AD%E8%8F%87
NO.129,怖须菇,Ⅱ阶,幻,原始形态,原始形态,否,NO129_怖须菇.png,/icons/NO129_%E6%80%96%E9%A1%BB%E8%8F%87.png,https://patchwiki.biligame.com/images/rocom/a/a5/bh34wp7r6rvgj50zw0rz9uh7w1onmvl.png,https://wiki.biligame.com/rocom/%E6%80%96%E9%A1%BB%E8%8F%87
NO.130,怖哭菇,最终形态,幻,原始形态,原始形态,否,NO130_怖哭菇.png,/icons/NO130_%E6%80%96%E5%93%AD%E8%8F%87.png,https://patchwiki.biligame.com/images/rocom/7/77/0vwsiij65kn8tbfm24x0zxekycspl5d.png,https://wiki.biligame.com/rocom/%E6%80%96%E5%93%AD%E8%8F%87
NO.131,恶魔狼,最终形态,恶,原始形态,原始形态,是,NO131_恶魔狼.png,/icons/NO131_%E6%81%B6%E9%AD%94%E7%8B%BC.png,https://patchwiki.biligame.com/images/rocom/6/6a/8rz167blfbrzzs44u5mq8a0k7im6ap8.png,https://wiki.biligame.com/rocom/%E6%81%B6%E9%AD%94%E7%8B%BC
NO.131,恶魔狼（异色）,最终形态,恶,原始形态,原始形态,是,NO131_恶魔狼（异色）.png,/icons/NO131_%E6%81%B6%E9%AD%94%E7%8B%BC%EF%BC%88%E5%BC%82%E8%89%B2%EF%BC%89.png,https://patchwiki.biligame.com/images/rocom/8/8c/d7bp7k8moy6w7pt6zm7l7epnqfx3kja.png,https://wiki.biligame.com/rocom/%E6%81%B6%E9%AD%94%E7%8B%BC
NO.132,小电企鹅,Ⅰ阶,"冰, 电",原始形态,原始形态,否,NO132_小电企鹅.png,/icons/NO132_%E5%B0%8F%E7%94%B5%E4%BC%81%E9%B9%85.png,https://patchwiki.biligame.com/images/rocom/d/d6/4seo2uqqap8978sndkvqzoez1nc8nwy.png,https://wiki.biligame.com/rocom/%E5%B0%8F%E7%94%B5%E4%BC%81%E9%B9%85
NO.133,电企鹅,最终形态,"冰, 电",原始形态,原始形态,否,NO133_电企鹅.png,/icons/NO133_%E7%94%B5%E4%BC%81%E9%B9%85.png,https://patchwiki.biligame.com/images/rocom/b/be/9br0yfxnfz0dsnrtgc7tlt75qtwxycl.png,https://wiki.biligame.com/rocom/%E7%94%B5%E4%BC%81%E9%B9%85
NO.134,雪豆丁,Ⅰ阶,冰,原始形态,原始形态,否,NO134_雪豆丁.png,/icons/NO134_%E9%9B%AA%E8%B1%86%E4%B8%81.png,https://patchwiki.biligame.com/images/rocom/d/d8/2thy3gt4khhs6gza0pb6ke0da94ajq8.png,https://wiki.biligame.com/rocom/%E9%9B%AA%E8%B1%86%E4%B8%81
NO.135,雪蛮人,Ⅱ阶,冰,原始形态,原始形态,否,NO135_雪蛮人.png,/icons/NO135_%E9%9B%AA%E8%9B%AE%E4%BA%BA.png,https://patchwiki.biligame.com/images/rocom/e/e4/5jcbqvkc428abblnglyk3ok9nppvy4z.png,https://wiki.biligame.com/rocom/%E9%9B%AA%E8%9B%AE%E4%BA%BA
NO.136,雪巨人,最终形态,冰,原始形态,原始形态,否,NO136_雪巨人.png,/icons/NO136_%E9%9B%AA%E5%B7%A8%E4%BA%BA.png,https://patchwiki.biligame.com/images/rocom/a/ae/jppthxewnslz9d16550t3owv0hf3emx.png,https://wiki.biligame.com/rocom/%E9%9B%AA%E5%B7%A8%E4%BA%BA
NO.137,呼呼猪,Ⅰ阶,"冰, 地",原始形态,原始形态,是,NO137_呼呼猪.png,/icons/NO137_%E5%91%BC%E5%91%BC%E7%8C%AA.png,https://patchwiki.biligame.com/images/rocom/e/e8/8vuqx5j838k85ddgjcl56zhh42wtfqa.png,https://wiki.biligame.com/rocom/%E5%91%BC%E5%91%BC%E7%8C%AA
NO.137,呼呼猪（异色）,Ⅰ阶,"冰, 地",原始形态,原始形态,是,NO137_呼呼猪（异色）.png,/icons/NO137_%E5%91%BC%E5%91%BC%E7%8C%AA%EF%BC%88%E5%BC%82%E8%89%B2%EF%BC%89.png,https://patchwiki.biligame.com/images/rocom/f/f1/9u3fequest0u8fn680z2oz0ycca8miv.png,https://wiki.biligame.com/rocom/%E5%91%BC%E5%91%BC%E7%8C%AA
NO.138,獠牙猪,最终形态,"冰, 地",原始形态,原始形态,是,NO138_獠牙猪.png,/icons/NO138_%E7%8D%A0%E7%89%99%E7%8C%AA.png,https://patchwiki.biligame.com/images/rocom/e/e7/9k7bizwcoun5u7cvgvqgchfd9dmyxou.png,https://wiki.biligame.com/rocom/%E7%8D%A0%E7%89%99%E7%8C%AA
NO.138,獠牙猪（异色）,最终形态,"冰, 地",原始形态,原始形态,是,NO138_獠牙猪（异色）.png,/icons/NO138_%E7%8D%A0%E7%89%99%E7%8C%AA%EF%BC%88%E5%BC%82%E8%89%B2%EF%BC%89.png,https://patchwiki.biligame.com/images/rocom/4/4f/tu0dhncbrnstzl3ugzzovrfq8ckfx6q.png,https://wiki.biligame.com/rocom/%E7%8D%A0%E7%89%99%E7%8C%AA
NO.139,雪娃娃,Ⅰ阶,冰,原始形态,原始形态,否,NO139_雪娃娃.png,/icons/NO139_%E9%9B%AA%E5%A8%83%E5%A8%83.png,https://patchwiki.biligame.com/images/rocom/2/2f/e14xbg7hrv1sv43e1qqhk145dsjcd3x.png,https://wiki.biligame.com/rocom/%E9%9B%AA%E5%A8%83%E5%A8%83
NO.140,冰封怨灵,Ⅱ阶,冰,原始形态,原始形态,否,NO140_冰封怨灵.png,/icons/NO140_%E5%86%B0%E5%B0%81%E6%80%A8%E7%81%B5.png,https://patchwiki.biligame.com/images/rocom/2/20/kgz0l0h5v268zpumgfbqz7nhqtvgyey.png,https://wiki.biligame.com/rocom/%E5%86%B0%E5%B0%81%E6%80%A8%E7%81%B5
NO.141,雪灵,最终形态,冰,原始形态,原始形态,否,NO141_雪灵.png,/icons/NO141_%E9%9B%AA%E7%81%B5.png,https://patchwiki.biligame.com/images/rocom/2/20/s8u199aia0fr684sn42zevm9y7jblmz.png,https://wiki.biligame.com/rocom/%E9%9B%AA%E7%81%B5
NO.142,大耳帽兜,Ⅰ阶,"冰, 萌",原始形态,原始形态,是,NO142_大耳帽兜.png,/icons/NO142_%E5%A4%A7%E8%80%B3%E5%B8%BD%E5%85%9C.png,https://patchwiki.biligame.com/images/rocom/9/90/5nj4in6eecm1rhiqat7avfogm5l3cx0.png,https://wiki.biligame.com/rocom/%E5%A4%A7%E8%80%B3%E5%B8%BD%E5%85%9C
NO.142,大耳帽兜（异色）,Ⅰ阶,"冰, 萌",原始形态,原始形态,是,NO142_大耳帽兜（异色）.png,/icons/NO142_%E5%A4%A7%E8%80%B3%E5%B8%BD%E5%85%9C%EF%BC%88%E5%BC%82%E8%89%B2%EF%BC%89.png,https://patchwiki.biligame.com/images/rocom/c/c9/kpgbuasmb64v2gmnvar4fv4hs1nzkn0.png,https://wiki.biligame.com/rocom/%E5%A4%A7%E8%80%B3%E5%B8%BD%E5%85%9C
NO.143,帽兜娃娃,Ⅱ阶,"冰, 萌",原始形态,原始形态,是,NO143_帽兜娃娃.png,/icons/NO143_%E5%B8%BD%E5%85%9C%E5%A8%83%E5%A8%83.png,https://patchwiki.biligame.com/images/rocom/5/5a/q7sirjhoajj2l6afronw9k5u8w84ibs.png,https://wiki.biligame.com/rocom/%E5%B8%BD%E5%85%9C%E5%A8%83%E5%A8%83
NO.143,帽兜娃娃（异色）,Ⅱ阶,"冰, 萌",原始形态,原始形态,是,NO143_帽兜娃娃（异色）.png,/icons/NO143_%E5%B8%BD%E5%85%9C%E5%A8%83%E5%A8%83%EF%BC%88%E5%BC%82%E8%89%B2%EF%BC%89.png,https://patchwiki.biligame.com/images/rocom/6/65/j8o31t180whm80j3rc8qv2qt228ylh0.png,https://wiki.biligame.com/rocom/%E5%B8%BD%E5%85%9C%E5%A8%83%E5%A8%83
NO.144,雪影娃娃,最终形态,"冰, 萌",原始形态,原始形态,是,NO144_雪影娃娃.png,/icons/NO144_%E9%9B%AA%E5%BD%B1%E5%A8%83%E5%A8%83.png,https://patchwiki.biligame.com/images/rocom/1/12/ixakouy2o2kjsl0ytlhtdzhoukgoq3o.png,https://wiki.biligame.com/rocom/%E9%9B%AA%E5%BD%B1%E5%A8%83%E5%A8%83
NO.144,雪影娃娃（异色）,最终形态,"冰, 萌",原始形态,原始形态,是,NO144_雪影娃娃（异色）.png,/icons/NO144_%E9%9B%AA%E5%BD%B1%E5%A8%83%E5%A8%83%EF%BC%88%E5%BC%82%E8%89%B2%EF%BC%89.png,https://patchwiki.biligame.com/images/rocom/9/9e/62t72i1tuv4mwq8abr9ppobh6m5ljlv.png,https://wiki.biligame.com/rocom/%E9%9B%AA%E5%BD%B1%E5%A8%83%E5%A8%83
NO.145,权杖-Ⅱ,Ⅰ阶,机械,原始形态,原始形态,否,NO145_权杖-Ⅱ.png,/icons/NO145_%E6%9D%83%E6%9D%96-%E2%85%A1.png,https://patchwiki.biligame.com/images/rocom/2/29/36ojm8e9bg86sdwvq2lru4guexscjpm.png,https://wiki.biligame.com/rocom/%E6%9D%83%E6%9D%96-%E2%85%A1
NO.146,权杖-Ⅴ,最终形态,机械,原始形态,原始形态,否,NO146_权杖-Ⅴ.png,/icons/NO146_%E6%9D%83%E6%9D%96-%E2%85%A4.png,https://patchwiki.biligame.com/images/rocom/1/13/t0s6mddc58b2nr8ezmolme9pn86uty5.png,https://wiki.biligame.com/rocom/%E6%9D%83%E6%9D%96-%E2%85%A4
NO.147,灵狐,Ⅰ阶,"火, 冰",原始形态,原始形态,否,NO147_灵狐.png,/icons/NO147_%E7%81%B5%E7%8B%90.png,https://patchwiki.biligame.com/images/rocom/0/0a/nmkg7ux0y9xb2o2q92ircdz5t11die4.png,https://wiki.biligame.com/rocom/%E7%81%B5%E7%8B%90
NO.148,九尾狐,Ⅱ阶,"火, 冰",原始形态,原始形态,否,NO148_九尾狐.png,/icons/NO148_%E4%B9%9D%E5%B0%BE%E7%8B%90.png,https://patchwiki.biligame.com/images/rocom/0/04/6aatpzw69pbptt2uju04hv2tod4ypc9.png,https://wiki.biligame.com/rocom/%E4%B9%9D%E5%B0%BE%E7%8B%90
NO.149,尖嘴狐仙,最终形态,"火, 冰",原始形态,原始形态,否,NO149_尖嘴狐仙.png,/icons/NO149_%E5%B0%96%E5%98%B4%E7%8B%90%E4%BB%99.png,https://patchwiki.biligame.com/images/rocom/b/b1/gqbvamoe1ljcd3be988hlopoxdo44ak.png,https://wiki.biligame.com/rocom/%E5%B0%96%E5%98%B4%E7%8B%90%E4%BB%99
NO.150,里奥,Ⅰ阶,翼,原始形态,原始形态,否,NO150_里奥.png,/icons/NO150_%E9%87%8C%E5%A5%A5.png,https://patchwiki.biligame.com/images/rocom/6/62/mwlzc3o7mx5a5oo646nljqm8jsuhypa.png,https://wiki.biligame.com/rocom/%E9%87%8C%E5%A5%A5
NO.151,灵羽勇士,Ⅱ阶,翼,原始形态,原始形态,否,NO151_灵羽勇士.png,/icons/NO151_%E7%81%B5%E7%BE%BD%E5%8B%87%E5%A3%AB.png,https://patchwiki.biligame.com/images/rocom/4/44/tmhilmz97pggub3yrsredfnuv5e2jd2.png,https://wiki.biligame.com/rocom/%E7%81%B5%E7%BE%BD%E5%8B%87%E5%A3%AB
NO.152,圣羽翼王,最终形态,翼,原始形态,原始形态,否,NO152_圣羽翼王.png,/icons/NO152_%E5%9C%A3%E7%BE%BD%E7%BF%BC%E7%8E%8B.png,https://patchwiki.biligame.com/images/rocom/4/40/lbxi6r2yicliuipn8dp7n5pk90xfjo4.png,https://wiki.biligame.com/rocom/%E5%9C%A3%E7%BE%BD%E7%BF%BC%E7%8E%8B
NO.153,松仔,Ⅰ阶,"草, 武",原始形态,原始形态,否,NO153_松仔.png,/icons/NO153_%E6%9D%BE%E4%BB%94.png,https://patchwiki.biligame.com/images/rocom/c/ce/mx2ffpj0hb4meeslt3zqap12rr2empf.png,https://wiki.biligame.com/rocom/%E6%9D%BE%E4%BB%94
NO.154,松叶羊,Ⅱ阶,"草, 武",原始形态,原始形态,否,NO154_松叶羊.png,/icons/NO154_%E6%9D%BE%E5%8F%B6%E7%BE%8A.png,https://patchwiki.biligame.com/images/rocom/1/10/jyqtkp0noekyg69k59jbsmgjv6gjwmz.png,https://wiki.biligame.com/rocom/%E6%9D%BE%E5%8F%B6%E7%BE%8A
NO.155,针叶巡林,最终形态,"草, 武",原始形态,原始形态,否,NO155_针叶巡林.png,/icons/NO155_%E9%92%88%E5%8F%B6%E5%B7%A1%E6%9E%97.png,https://patchwiki.biligame.com/images/rocom/e/ea/3rpguccru3cfly322suefeqa3oy62vv.png,https://wiki.biligame.com/rocom/%E9%92%88%E5%8F%B6%E5%B7%A1%E6%9E%97
NO.156,小勇狮,Ⅰ阶,"火, 武",原始形态,原始形态,否,NO156_小勇狮.png,/icons/NO156_%E5%B0%8F%E5%8B%87%E7%8B%AE.png,https://patchwiki.biligame.com/images/rocom/a/ae/h52qsm9zkr20bazu590ccljhin1f5ci.png,https://wiki.biligame.com/rocom/%E5%B0%8F%E5%8B%87%E7%8B%AE
NO.157,炽焰狮,Ⅱ阶,"火, 武",原始形态,原始形态,否,NO157_炽焰狮.png,/icons/NO157_%E7%82%BD%E7%84%B0%E7%8B%AE.png,https://patchwiki.biligame.com/images/rocom/f/f0/rxu5mpa797fea42tmp0o0prbnkfl9ke.png,https://wiki.biligame.com/rocom/%E7%82%BD%E7%84%B0%E7%8B%AE
NO.158,炽心勇狮,最终形态,"火, 武",原始形态,原始形态,否,NO158_炽心勇狮.png,/icons/NO158_%E7%82%BD%E5%BF%83%E5%8B%87%E7%8B%AE.png,https://patchwiki.biligame.com/images/rocom/9/98/1jj3iwg4l6yjpl6zfizm3jz7rmbqe7q.png,https://wiki.biligame.com/rocom/%E7%82%BD%E5%BF%83%E5%8B%87%E7%8B%AE
NO.159,水滴蛇,Ⅰ阶,"水, 武",原始形态,原始形态,否,NO159_水滴蛇.png,/icons/NO159_%E6%B0%B4%E6%BB%B4%E8%9B%87.png,https://patchwiki.biligame.com/images/rocom/f/f5/77ajklz8fw3oeg6kncdco7txsg5jtv0.png,https://wiki.biligame.com/rocom/%E6%B0%B4%E6%BB%B4%E8%9B%87
NO.160,水蛇锁,Ⅱ阶,"水, 武",原始形态,原始形态,否,NO160_水蛇锁.png,/icons/NO160_%E6%B0%B4%E8%9B%87%E9%94%81.png,https://patchwiki.biligame.com/images/rocom/7/78/ignv9i4pxcmru908q7s197mn0vlquug.png,https://wiki.biligame.com/rocom/%E6%B0%B4%E8%9B%87%E9%94%81
NO.161,游蛇魔使,最终形态,"水, 武",原始形态,原始形态,否,NO161_游蛇魔使.png,/icons/NO161_%E6%B8%B8%E8%9B%87%E9%AD%94%E4%BD%BF.png,https://patchwiki.biligame.com/images/rocom/b/bf/oggcovajukek3g37v0dti0t7dguqkw2.png,https://wiki.biligame.com/rocom/%E6%B8%B8%E8%9B%87%E9%AD%94%E4%BD%BF
NO.162,公平鸽,最终形态,普通,原始形态,原始形态,否,NO162_公平鸽.png,/icons/NO162_%E5%85%AC%E5%B9%B3%E9%B8%BD.png,https://patchwiki.biligame.com/images/rocom/1/14/mfnm7m1309w6i464sm5kuagyb6yzxoi.png,https://wiki.biligame.com/rocom/%E5%85%AC%E5%B9%B3%E9%B8%BD
NO.163,小怂猫,Ⅰ阶,武,原始形态,原始形态,否,NO163_小怂猫.png,/icons/NO163_%E5%B0%8F%E6%80%82%E7%8C%AB.png,https://patchwiki.biligame.com/images/rocom/1/14/5se74tvs12feru1mjsfsvfq8c0mr1gg.png,https://wiki.biligame.com/rocom/%E5%B0%8F%E6%80%82%E7%8C%AB
NO.164,怒目怂猫,最终形态,武,原始形态,原始形态,否,NO164_怒目怂猫.png,/icons/NO164_%E6%80%92%E7%9B%AE%E6%80%82%E7%8C%AB.png,https://patchwiki.biligame.com/images/rocom/0/08/0jj0vlt3qpo3dp9gha2nj5tbnydfvjp.png,https://wiki.biligame.com/rocom/%E6%80%92%E7%9B%AE%E6%80%82%E7%8C%AB
NO.165,小狮鹫（崖间地的样子）,Ⅰ阶,翼,原始形态,原始形态,否,NO165_小狮鹫（崖间地的样子）.png,/icons/NO165_%E5%B0%8F%E7%8B%AE%E9%B9%AB%EF%BC%88%E5%B4%96%E9%97%B4%E5%9C%B0%E7%9A%84%E6%A0%B7%E5%AD%90%EF%BC%89.png,https://patchwiki.biligame.com/images/rocom/5/5c/6s8lzcshdpyujwzub5zz1wk94d16vp2.png,https://wiki.biligame.com/rocom/%E5%B0%8F%E7%8B%AE%E9%B9%AB%EF%BC%88%E5%B4%96%E9%97%B4%E5%9C%B0%E7%9A%84%E6%A0%B7%E5%AD%90%EF%BC%89
NO.166,神圣狮鹫（崖间地的样子）,Ⅱ阶,翼,原始形态,原始形态,否,NO166_神圣狮鹫（崖间地的样子）.png,/icons/NO166_%E7%A5%9E%E5%9C%A3%E7%8B%AE%E9%B9%AB%EF%BC%88%E5%B4%96%E9%97%B4%E5%9C%B0%E7%9A%84%E6%A0%B7%E5%AD%90%EF%BC%89.png,https://patchwiki.biligame.com/images/rocom/d/d9/3mwu2jzht3bpapm9p9u6imj8tspjz6z.png,https://wiki.biligame.com/rocom/%E7%A5%9E%E5%9C%A3%E7%8B%AE%E9%B9%AB%EF%BC%88%E5%B4%96%E9%97%B4%E5%9C%B0%E7%9A%84%E6%A0%B7%E5%AD%90%EF%BC%89
NO.167,皇家狮鹫（崖间地的样子）,最终形态,翼,原始形态,原始形态,否,NO167_皇家狮鹫（崖间地的样子）.png,/icons/NO167_%E7%9A%87%E5%AE%B6%E7%8B%AE%E9%B9%AB%EF%BC%88%E5%B4%96%E9%97%B4%E5%9C%B0%E7%9A%84%E6%A0%B7%E5%AD%90%EF%BC%89.png,https://patchwiki.biligame.com/images/rocom/0/09/nji78x7xa58n2ye2yhkqgedpywia239.png,https://wiki.biligame.com/rocom/%E7%9A%87%E5%AE%B6%E7%8B%AE%E9%B9%AB%EF%BC%88%E5%B4%96%E9%97%B4%E5%9C%B0%E7%9A%84%E6%A0%B7%E5%AD%90%EF%BC%89
NO.168,圆眼蜘蛛,Ⅰ阶,虫,原始形态,原始形态,否,NO168_圆眼蜘蛛.png,/icons/NO168_%E5%9C%86%E7%9C%BC%E8%9C%98%E8%9B%9B.png,https://patchwiki.biligame.com/images/rocom/5/58/rjtkumy4o5iea035omnat6k7rsy4gpj.png,https://wiki.biligame.com/rocom/%E5%9C%86%E7%9C%BC%E8%9C%98%E8%9B%9B
NO.169,尖角蜘蛛,Ⅱ阶,"虫, 毒",原始形态,原始形态,否,NO169_尖角蜘蛛.png,/icons/NO169_%E5%B0%96%E8%A7%92%E8%9C%98%E8%9B%9B.png,https://patchwiki.biligame.com/images/rocom/2/25/3n27a5qdo9pkbpn9ukwq7ibk8y9b8hs.png,https://wiki.biligame.com/rocom/%E5%B0%96%E8%A7%92%E8%9C%98%E8%9B%9B
NO.170,芋香巨角蛛,最终形态,"虫, 毒",原始形态,原始形态,否,NO170_芋香巨角蛛.png,/icons/NO170_%E8%8A%8B%E9%A6%99%E5%B7%A8%E8%A7%92%E8%9B%9B.png,https://patchwiki.biligame.com/images/rocom/7/78/7wig6sc6qf6fh5la1u2ykbxe5wv4f85.png,https://wiki.biligame.com/rocom/%E8%8A%8B%E9%A6%99%E5%B7%A8%E8%A7%92%E8%9B%9B
NO.171,波波螺,Ⅰ阶,"地, 水",原始形态,原始形态,否,NO171_波波螺.png,/icons/NO171_%E6%B3%A2%E6%B3%A2%E8%9E%BA.png,https://patchwiki.biligame.com/images/rocom/0/00/n1wjd2lnqi3s5qqgpetirog1lcu6y3o.png,https://wiki.biligame.com/rocom/%E6%B3%A2%E6%B3%A2%E8%9E%BA
NO.172,消波螺,Ⅱ阶,"地, 水",原始形态,原始形态,否,NO172_消波螺.png,/icons/NO172_%E6%B6%88%E6%B3%A2%E8%9E%BA.png,https://patchwiki.biligame.com/images/rocom/1/13/nk6gil7o7hxap4a1cbmksobdxh2rvvp.png,https://wiki.biligame.com/rocom/%E6%B6%88%E6%B3%A2%E8%9E%BA
NO.173,嗜波螺,最终形态,"地, 水",原始形态,原始形态,否,NO173_嗜波螺.png,/icons/NO173_%E5%97%9C%E6%B3%A2%E8%9E%BA.png,https://patchwiki.biligame.com/images/rocom/9/97/sk3qfoelkzy6xlawmknc5svbmwiepqg.png,https://wiki.biligame.com/rocom/%E5%97%9C%E6%B3%A2%E8%9E%BA
NO.174,菇菇丁,Ⅰ阶,"地, 草",原始形态,原始形态,否,NO174_菇菇丁.png,/icons/NO174_%E8%8F%87%E8%8F%87%E4%B8%81.png,https://patchwiki.biligame.com/images/rocom/d/df/t98utjcp899ymqdm8bvpapuoajiri1k.png,https://wiki.biligame.com/rocom/%E8%8F%87%E8%8F%87%E4%B8%81
NO.175,多菇丁,Ⅱ阶,"地, 草",原始形态,原始形态,否,NO175_多菇丁.png,/icons/NO175_%E5%A4%9A%E8%8F%87%E4%B8%81.png,https://patchwiki.biligame.com/images/rocom/5/54/5zfiphchqveime7yps9honw4eh4x82b.png,https://wiki.biligame.com/rocom/%E5%A4%9A%E8%8F%87%E4%B8%81
NO.176,九幽菇,最终形态,"地, 草",原始形态,原始形态,否,NO176_九幽菇.png,/icons/NO176_%E4%B9%9D%E5%B9%BD%E8%8F%87.png,https://patchwiki.biligame.com/images/rocom/7/7a/n1t0h2rav7kjmjssgf2ctnahj8vaf0u.png,https://wiki.biligame.com/rocom/%E4%B9%9D%E5%B9%BD%E8%8F%87
NO.177,斑斑,Ⅰ阶,翼,原始形态,原始形态,否,NO177_斑斑.png,/icons/NO177_%E6%96%91%E6%96%91.png,https://patchwiki.biligame.com/images/rocom/a/a7/9yzfpa9tuduznirix7p82i40nqlkfep.png,https://wiki.biligame.com/rocom/%E6%96%91%E6%96%91
NO.178,斑枭,最终形态,翼,原始形态,原始形态,否,NO178_斑枭.png,/icons/NO178_%E6%96%91%E6%9E%AD.png,https://patchwiki.biligame.com/images/rocom/a/a7/hnf5vk2e32l7c5s4rozuy2iuopkykoq.png,https://wiki.biligame.com/rocom/%E6%96%91%E6%9E%AD
NO.179,草头鸭,Ⅰ阶,草,原始形态,原始形态,否,NO179_草头鸭.png,/icons/NO179_%E8%8D%89%E5%A4%B4%E9%B8%AD.png,https://patchwiki.biligame.com/images/rocom/e/e3/23v62tjddaret7a0jlqww40noorvmir.png,https://wiki.biligame.com/rocom/%E8%8D%89%E5%A4%B4%E9%B8%AD
NO.180,卷毛鸭,最终形态,"草, 武",原始形态,原始形态,否,NO180_卷毛鸭.png,/icons/NO180_%E5%8D%B7%E6%AF%9B%E9%B8%AD.png,https://patchwiki.biligame.com/images/rocom/0/0f/pzglsihj4tscuiypshxtjxq7x9u9bwp.png,https://wiki.biligame.com/rocom/%E5%8D%B7%E6%AF%9B%E9%B8%AD
NO.181,海豹战士,Ⅰ阶,"武, 水",原始形态,原始形态,否,NO181_海豹战士.png,/icons/NO181_%E6%B5%B7%E8%B1%B9%E6%88%98%E5%A3%AB.png,https://patchwiki.biligame.com/images/rocom/b/b5/n6mz568m7fofwz1w3lkc5qk6bsxfy9s.png,https://wiki.biligame.com/rocom/%E6%B5%B7%E8%B1%B9%E6%88%98%E5%A3%AB
NO.182,海豹船长,最终形态,"武, 水",原始形态,原始形态,否,NO182_海豹船长.png,/icons/NO182_%E6%B5%B7%E8%B1%B9%E8%88%B9%E9%95%BF.png,https://patchwiki.biligame.com/images/rocom/f/fc/nrbg9xhvigh963cwi1nyqt6kl6t68zv.png,https://wiki.biligame.com/rocom/%E6%B5%B7%E8%B1%B9%E8%88%B9%E9%95%BF
NO.183,号儿鱼,Ⅰ阶,水,原始形态,原始形态,否,NO183_号儿鱼.png,/icons/NO183_%E5%8F%B7%E5%84%BF%E9%B1%BC.png,https://patchwiki.biligame.com/images/rocom/a/a1/b8v1gy6rvsqs6g02hko4oa7bj0z04gk.png,https://wiki.biligame.com/rocom/%E5%8F%B7%E5%84%BF%E9%B1%BC
NO.184,圆号鱼,最终形态,水,原始形态,原始形态,否,NO184_圆号鱼.png,/icons/NO184_%E5%9C%86%E5%8F%B7%E9%B1%BC.png,https://patchwiki.biligame.com/images/rocom/e/ed/7zahvzx6o4jiedrqiqa1q6rp8wbdyso.png,https://wiki.biligame.com/rocom/%E5%9C%86%E5%8F%B7%E9%B1%BC
NO.185,甜田螺,Ⅰ阶,"水, 萌",原始形态,原始形态,否,NO185_甜田螺.png,/icons/NO185_%E7%94%9C%E7%94%B0%E8%9E%BA.png,https://patchwiki.biligame.com/images/rocom/5/55/bck3l95dm5ub49vdc3ung79bh0edirl.png,https://wiki.biligame.com/rocom/%E7%94%9C%E7%94%B0%E8%9E%BA
NO.186,壳乙螺,Ⅱ阶,"水, 萌",原始形态,原始形态,否,NO186_壳乙螺.png,/icons/NO186_%E5%A3%B3%E4%B9%99%E8%9E%BA.png,https://patchwiki.biligame.com/images/rocom/9/9e/tefnpfeeyu3n93u9gp0d9sfk11s5tol.png,https://wiki.biligame.com/rocom/%E5%A3%B3%E4%B9%99%E8%9E%BA
NO.187,卡洛儿,最终形态,"水, 萌",原始形态,原始形态,否,NO187_卡洛儿.png,/icons/NO187_%E5%8D%A1%E6%B4%9B%E5%84%BF.png,https://patchwiki.biligame.com/images/rocom/c/c9/t773ll421ypqybexg7xzjb3qs2rt2m0.png,https://wiki.biligame.com/rocom/%E5%8D%A1%E6%B4%9B%E5%84%BF
NO.188,棋棋（白子）,Ⅰ阶,"武, 地",原始形态,原始形态,否,NO188_棋棋（白子）.png,/icons/NO188_%E6%A3%8B%E6%A3%8B%EF%BC%88%E7%99%BD%E5%AD%90%EF%BC%89.png,https://patchwiki.biligame.com/images/rocom/b/b5/26ff3g1g1g5v1yzt8la359hajhaxyuo.png,https://wiki.biligame.com/rocom/%E6%A3%8B%E6%A3%8B%EF%BC%88%E7%99%BD%E5%AD%90%EF%BC%89
NO.189,棋骑士（白子）,最终形态,"武, 地",原始形态,原始形态,否,NO189_棋骑士（白子）.png,/icons/NO189_%E6%A3%8B%E9%AA%91%E5%A3%AB%EF%BC%88%E7%99%BD%E5%AD%90%EF%BC%89.png,https://patchwiki.biligame.com/images/rocom/6/6c/8vu1ju9uu71aux8unhdyq9gcfw9if5p.png,https://wiki.biligame.com/rocom/%E6%A3%8B%E9%AA%91%E5%A3%AB%EF%BC%88%E7%99%BD%E5%AD%90%EF%BC%89
NO.190,棋齐垒（白子）,最终形态,"武, 地",原始形态,原始形态,否,NO190_棋齐垒（白子）.png,/icons/NO190_%E6%A3%8B%E9%BD%90%E5%9E%92%EF%BC%88%E7%99%BD%E5%AD%90%EF%BC%89.png,https://patchwiki.biligame.com/images/rocom/9/9d/7ysj4q3d5kvymcqo698ygpsbfzi5m7d.png,https://wiki.biligame.com/rocom/%E6%A3%8B%E9%BD%90%E5%9E%92%EF%BC%88%E7%99%BD%E5%AD%90%EF%BC%89
NO.191,棋祈督（白子）,最终形态,"武, 地",原始形态,原始形态,否,NO191_棋祈督（白子）.png,/icons/NO191_%E6%A3%8B%E7%A5%88%E7%9D%A3%EF%BC%88%E7%99%BD%E5%AD%90%EF%BC%89.png,https://patchwiki.biligame.com/images/rocom/6/69/o85fkrungproeat6rco9guv5ptjw80t.png,https://wiki.biligame.com/rocom/%E6%A3%8B%E7%A5%88%E7%9D%A3%EF%BC%88%E7%99%BD%E5%AD%90%EF%BC%89
NO.192,棋绮后（白子）,最终形态,"武, 地",原始形态,原始形态,否,NO192_棋绮后（白子）.png,/icons/NO192_%E6%A3%8B%E7%BB%AE%E5%90%8E%EF%BC%88%E7%99%BD%E5%AD%90%EF%BC%89.png,https://patchwiki.biligame.com/images/rocom/3/34/9sv0ivcdr9sp5dkfk9miyjnqhf60di8.png,https://wiki.biligame.com/rocom/%E6%A3%8B%E7%BB%AE%E5%90%8E%EF%BC%88%E7%99%BD%E5%AD%90%EF%BC%89
NO.193,奔波鼠,Ⅰ阶,地,原始形态,原始形态,否,NO193_奔波鼠.png,/icons/NO193_%E5%A5%94%E6%B3%A2%E9%BC%A0.png,https://patchwiki.biligame.com/images/rocom/d/d0/qc6wa2f2bpo8uv28uf5hmgw5lmy3evv.png,https://wiki.biligame.com/rocom/%E5%A5%94%E6%B3%A2%E9%BC%A0
NO.194,流浪鼠,最终形态,地,原始形态,原始形态,否,NO194_流浪鼠.png,/icons/NO194_%E6%B5%81%E6%B5%AA%E9%BC%A0.png,https://patchwiki.biligame.com/images/rocom/e/e7/1ewnn289ny2ksdz247u2i3ytq7xnv03.png,https://wiki.biligame.com/rocom/%E6%B5%81%E6%B5%AA%E9%BC%A0
NO.195,呆小路,Ⅰ阶,"草, 萌",原始形态,原始形态,否,NO195_呆小路.png,/icons/NO195_%E5%91%86%E5%B0%8F%E8%B7%AF.png,https://patchwiki.biligame.com/images/rocom/b/be/4zu0yqt23bt4cva2bswky1q5ivje1tw.png,https://wiki.biligame.com/rocom/%E5%91%86%E5%B0%8F%E8%B7%AF
NO.196,舞动路路,Ⅱ阶,"草, 萌",原始形态,原始形态,否,NO196_舞动路路.png,/icons/NO196_%E8%88%9E%E5%8A%A8%E8%B7%AF%E8%B7%AF.png,https://patchwiki.biligame.com/images/rocom/5/5b/plclzvr15shbkq90l2yrk23783kh3e7.png,https://wiki.biligame.com/rocom/%E8%88%9E%E5%8A%A8%E8%B7%AF%E8%B7%AF
NO.197,白发路路,最终形态,"草, 萌",原始形态,原始形态,否,NO197_白发路路.png,/icons/NO197_%E7%99%BD%E5%8F%91%E8%B7%AF%E8%B7%AF.png,https://patchwiki.biligame.com/images/rocom/9/9a/hx21iweu65ojmeo4ws3ucpbsngknrv9.png,https://wiki.biligame.com/rocom/%E7%99%BD%E5%8F%91%E8%B7%AF%E8%B7%AF
NO.198,逗逗,Ⅰ阶,萌,原始形态,原始形态,否,NO198_逗逗.png,/icons/NO198_%E9%80%97%E9%80%97.png,https://patchwiki.biligame.com/images/rocom/2/27/5mkpc1wb4947ua7m9efws2u0sdgfgvq.png,https://wiki.biligame.com/rocom/%E9%80%97%E9%80%97
NO.199,气球猫,Ⅱ阶,萌,原始形态,原始形态,否,NO199_气球猫.png,/icons/NO199_%E6%B0%94%E7%90%83%E7%8C%AB.png,https://patchwiki.biligame.com/images/rocom/3/31/rt7jxpcoc6msmzccuxw2vlait3poir9.png,https://wiki.biligame.com/rocom/%E6%B0%94%E7%90%83%E7%8C%AB
NO.200,梦想三三,最终形态,萌,原始形态,原始形态,否,NO200_梦想三三.png,/icons/NO200_%E6%A2%A6%E6%83%B3%E4%B8%89%E4%B8%89.png,https://patchwiki.biligame.com/images/rocom/a/a5/embzuzv9e1h1sp3btykrnthnsvqzwwh.png,https://wiki.biligame.com/rocom/%E6%A2%A6%E6%83%B3%E4%B8%89%E4%B8%89
NO.201,花怨鳗,Ⅰ阶,"地, 草",原始形态,原始形态,否,NO201_花怨鳗.png,/icons/NO201_%E8%8A%B1%E6%80%A8%E9%B3%97.png,https://patchwiki.biligame.com/images/rocom/0/02/167gulpq7gmilrurzc4r0yattm4ai8z.png,https://wiki.biligame.com/rocom/%E8%8A%B1%E6%80%A8%E9%B3%97
NO.202,鳗尾兽,最终形态,"地, 草",原始形态,原始形态,否,NO202_鳗尾兽.png,/icons/NO202_%E9%B3%97%E5%B0%BE%E5%85%BD.png,https://patchwiki.biligame.com/images/rocom/d/dd/74c75nqv3qyl9jwto5rvywya5suqd2d.png,https://wiki.biligame.com/rocom/%E9%B3%97%E5%B0%BE%E5%85%BD
NO.203,伊雷龙,Ⅰ阶,龙,原始形态,原始形态,否,NO203_伊雷龙.png,/icons/NO203_%E4%BC%8A%E9%9B%B7%E9%BE%99.png,https://patchwiki.biligame.com/images/rocom/6/66/iq3mle7m6g6cwmo5u0xh5afcf6fzsmd.png,https://wiki.biligame.com/rocom/%E4%BC%8A%E9%9B%B7%E9%BE%99
NO.204,伊兰亚龙,最终形态,龙,原始形态,原始形态,否,NO204_伊兰亚龙.png,/icons/NO204_%E4%BC%8A%E5%85%B0%E4%BA%9A%E9%BE%99.png,https://patchwiki.biligame.com/images/rocom/d/df/o0eh3mugruyhxfjm57xlzjqq4y1hki3.png,https://wiki.biligame.com/rocom/%E4%BC%8A%E5%85%B0%E4%BA%9A%E9%BE%99
NO.205,拉特,Ⅰ阶,电,原始形态,原始形态,是,NO205_拉特.png,/icons/NO205_%E6%8B%89%E7%89%B9.png,https://patchwiki.biligame.com/images/rocom/a/a1/4pqv1u751dss8ff0u87y747ot29b4m9.png,https://wiki.biligame.com/rocom/%E6%8B%89%E7%89%B9
NO.205,拉特（异色）,Ⅰ阶,电,原始形态,原始形态,是,NO205_拉特（异色）.png,/icons/NO205_%E6%8B%89%E7%89%B9%EF%BC%88%E5%BC%82%E8%89%B2%EF%BC%89.png,https://patchwiki.biligame.com/images/rocom/2/21/hrrf9oeuxkkd92xul8hegie4ahk0enj.png,https://wiki.biligame.com/rocom/%E6%8B%89%E7%89%B9
NO.206,酷拉,最终形态,电,原始形态,原始形态,是,NO206_酷拉.png,/icons/NO206_%E9%85%B7%E6%8B%89.png,https://patchwiki.biligame.com/images/rocom/8/8e/f72t0l1mbisw4ehkivz7pdpbcqkosus.png,https://wiki.biligame.com/rocom/%E9%85%B7%E6%8B%89
NO.206,酷拉（异色）,最终形态,电,原始形态,原始形态,是,NO206_酷拉（异色）.png,/icons/NO206_%E9%85%B7%E6%8B%89%EF%BC%88%E5%BC%82%E8%89%B2%EF%BC%89.png,https://patchwiki.biligame.com/images/rocom/b/b0/0a4re28no5axjfaazy5qpysri7a42jp.png,https://wiki.biligame.com/rocom/%E9%85%B7%E6%8B%89
NO.207,闪电环,Ⅰ阶,电,原始形态,原始形态,否,NO207_闪电环.png,/icons/NO207_%E9%97%AA%E7%94%B5%E7%8E%AF.png,https://patchwiki.biligame.com/images/rocom/b/b8/o9no3jygnit09u4bsn3o7ezrji62524.png,https://wiki.biligame.com/rocom/%E9%97%AA%E7%94%B5%E7%8E%AF
NO.208,刺电环,Ⅱ阶,电,原始形态,原始形态,否,NO208_刺电环.png,/icons/NO208_%E5%88%BA%E7%94%B5%E7%8E%AF.png,https://patchwiki.biligame.com/images/rocom/6/6e/3alwgp99gzkftk2qf4l1khkrfduszql.png,https://wiki.biligame.com/rocom/%E5%88%BA%E7%94%B5%E7%8E%AF
NO.209,荆棘电环,最终形态,电,原始形态,原始形态,否,NO209_荆棘电环.png,/icons/NO209_%E8%8D%86%E6%A3%98%E7%94%B5%E7%8E%AF.png,https://patchwiki.biligame.com/images/rocom/5/57/jpk5furnkwy92gmzsrbhmlk1i6tok09.png,https://wiki.biligame.com/rocom/%E8%8D%86%E6%A3%98%E7%94%B5%E7%8E%AF
NO.210,小箱怪,Ⅰ阶,"机械, 幻",原始形态,原始形态,否,NO210_小箱怪.png,/icons/NO210_%E5%B0%8F%E7%AE%B1%E6%80%AA.png,https://patchwiki.biligame.com/images/rocom/0/0a/ocy3pzt2cn0mmx85cm8is2ulwy8s2ii.png,https://wiki.biligame.com/rocom/%E5%B0%8F%E7%AE%B1%E6%80%AA
NO.211,迷迷箱怪,最终形态,"机械, 幻",原始形态,原始形态,否,NO211_迷迷箱怪.png,/icons/NO211_%E8%BF%B7%E8%BF%B7%E7%AE%B1%E6%80%AA.png,https://patchwiki.biligame.com/images/rocom/0/01/g7z9d41f10oqqtxn42417tov8gcg4bo.png,https://wiki.biligame.com/rocom/%E8%BF%B7%E8%BF%B7%E7%AE%B1%E6%80%AA
NO.212,古钟蛇（本来的样子）,Ⅰ阶,"萌, 毒",原始形态,原始形态,否,NO212_古钟蛇（本来的样子）.png,/icons/NO212_%E5%8F%A4%E9%92%9F%E8%9B%87%EF%BC%88%E6%9C%AC%E6%9D%A5%E7%9A%84%E6%A0%B7%E5%AD%90%EF%BC%89.png,https://patchwiki.biligame.com/images/rocom/1/16/hix4wlbyi39s3zqqpruq1n8z6rg7sc0.png,https://wiki.biligame.com/rocom/%E5%8F%A4%E9%92%9F%E8%9B%87%EF%BC%88%E6%9C%AC%E6%9D%A5%E7%9A%84%E6%A0%B7%E5%AD%90%EF%BC%89
NO.213,寒音蛇（本来的样子）,最终形态,"萌, 毒",原始形态,原始形态,否,NO213_寒音蛇（本来的样子）.png,/icons/NO213_%E5%AF%92%E9%9F%B3%E8%9B%87%EF%BC%88%E6%9C%AC%E6%9D%A5%E7%9A%84%E6%A0%B7%E5%AD%90%EF%BC%89.png,https://patchwiki.biligame.com/images/rocom/9/9b/pij7rej26vdekdc90n4xaep64r1011l.png,https://wiki.biligame.com/rocom/%E5%AF%92%E9%9F%B3%E8%9B%87%EF%BC%88%E6%9C%AC%E6%9D%A5%E7%9A%84%E6%A0%B7%E5%AD%90%EF%BC%89
NO.214,矮脚爬爬,Ⅰ阶,虫,原始形态,原始形态,否,NO214_矮脚爬爬.png,/icons/NO214_%E7%9F%AE%E8%84%9A%E7%88%AC%E7%88%AC.png,https://patchwiki.biligame.com/images/rocom/4/4f/40765c203k2jjtugv9tbciczhr4jmxv.png,https://wiki.biligame.com/rocom/%E7%9F%AE%E8%84%9A%E7%88%AC%E7%88%AC
NO.215,恶魔红钻,最终形态,"虫, 恶",原始形态,原始形态,否,NO215_恶魔红钻.png,/icons/NO215_%E6%81%B6%E9%AD%94%E7%BA%A2%E9%92%BB.png,https://patchwiki.biligame.com/images/rocom/1/14/ow13sxw8jyv8sq7bhtvxn7yjl8mo88m.png,https://wiki.biligame.com/rocom/%E6%81%B6%E9%AD%94%E7%BA%A2%E9%92%BB
NO.216,火尾瓦特,Ⅰ阶,火,原始形态,原始形态,否,NO216_火尾瓦特.png,/icons/NO216_%E7%81%AB%E5%B0%BE%E7%93%A6%E7%89%B9.png,https://patchwiki.biligame.com/images/rocom/1/1d/9mmja7l04ln5fe2fn5dhql2nrh0tq4f.png,https://wiki.biligame.com/rocom/%E7%81%AB%E5%B0%BE%E7%93%A6%E7%89%B9
NO.217,火尾战士,Ⅱ阶,火,原始形态,原始形态,否,NO217_火尾战士.png,/icons/NO217_%E7%81%AB%E5%B0%BE%E6%88%98%E5%A3%AB.png,https://patchwiki.biligame.com/images/rocom/2/27/b2edc64erww7plxlp97ex8cc31jtsku.png,https://wiki.biligame.com/rocom/%E7%81%AB%E5%B0%BE%E6%88%98%E5%A3%AB
NO.218,烈火守护,最终形态,火,原始形态,原始形态,否,NO218_烈火守护.png,/icons/NO218_%E7%83%88%E7%81%AB%E5%AE%88%E6%8A%A4.png,https://patchwiki.biligame.com/images/rocom/3/36/8wp59h53ob7gllbz8yewg91ppibly6x.png,https://wiki.biligame.com/rocom/%E7%83%88%E7%81%AB%E5%AE%88%E6%8A%A4
NO.219,里拉鳐,最终形态,水,原始形态,原始形态,否,NO219_里拉鳐.png,/icons/NO219_%E9%87%8C%E6%8B%89%E9%B3%90.png,https://patchwiki.biligame.com/images/rocom/8/80/13gxjtrh4mt3mhyoc1is69gz7vfm3tv.png,https://wiki.biligame.com/rocom/%E9%87%8C%E6%8B%89%E9%B3%90
NO.220,海枝枝（碧蓝珊瑚）,最终形态,"水, 幽",原始形态,原始形态,否,NO220_海枝枝（碧蓝珊瑚）.png,/icons/NO220_%E6%B5%B7%E6%9E%9D%E6%9E%9D%EF%BC%88%E7%A2%A7%E8%93%9D%E7%8F%8A%E7%91%9A%EF%BC%89.png,https://patchwiki.biligame.com/images/rocom/5/5b/efwbtnaynmpx9y85y1obfzoch17c5do.png,https://wiki.biligame.com/rocom/%E6%B5%B7%E6%9E%9D%E6%9E%9D%EF%BC%88%E7%A2%A7%E8%93%9D%E7%8F%8A%E7%91%9A%EF%BC%89
NO.221,多西,Ⅰ阶,"机械, 地",原始形态,原始形态,否,NO221_多西.png,/icons/NO221_%E5%A4%9A%E8%A5%BF.png,https://patchwiki.biligame.com/images/rocom/9/94/hsqyxfmg0p0gz8s36uzb1b7ldd6etb1.png,https://wiki.biligame.com/rocom/%E5%A4%9A%E8%A5%BF
NO.222,库多西,Ⅱ阶,"机械, 地",原始形态,原始形态,否,NO222_库多西.png,/icons/NO222_%E5%BA%93%E5%A4%9A%E8%A5%BF.png,https://patchwiki.biligame.com/images/rocom/3/32/dfflnxnm50nqc08865hk3xkx7bgn2hj.png,https://wiki.biligame.com/rocom/%E5%BA%93%E5%A4%9A%E8%A5%BF
NO.223,波多西,最终形态,"机械, 地",原始形态,原始形态,否,NO223_波多西.png,/icons/NO223_%E6%B3%A2%E5%A4%9A%E8%A5%BF.png,https://patchwiki.biligame.com/images/rocom/9/9b/hxurck559b80j25wgnn3rnydhoupa4z.png,https://wiki.biligame.com/rocom/%E6%B3%A2%E5%A4%9A%E8%A5%BF
NO.224,小翼龙,Ⅰ阶,"龙, 翼",原始形态,原始形态,否,NO224_小翼龙.png,/icons/NO224_%E5%B0%8F%E7%BF%BC%E9%BE%99.png,https://patchwiki.biligame.com/images/rocom/1/18/4gm8dv39vje80wb9f9ri66pmdmb5zzw.png,https://wiki.biligame.com/rocom/%E5%B0%8F%E7%BF%BC%E9%BE%99
NO.225,翼龙,最终形态,"龙, 翼",原始形态,原始形态,否,NO225_翼龙.png,/icons/NO225_%E7%BF%BC%E9%BE%99.png,https://patchwiki.biligame.com/images/rocom/5/55/bb3dr6l4zb07mt2rpg6euok2j54m82n.png,https://wiki.biligame.com/rocom/%E7%BF%BC%E9%BE%99
NO.226,电动长颈鹿,Ⅰ阶,电,原始形态,原始形态,否,NO226_电动长颈鹿.png,/icons/NO226_%E7%94%B5%E5%8A%A8%E9%95%BF%E9%A2%88%E9%B9%BF.png,https://patchwiki.biligame.com/images/rocom/9/95/hf6exuai3em02ggnvi6068tatwsg1co.png,https://wiki.biligame.com/rocom/%E7%94%B5%E5%8A%A8%E9%95%BF%E9%A2%88%E9%B9%BF
NO.227,奔乐鹿,Ⅱ阶,电,原始形态,原始形态,否,NO227_奔乐鹿.png,/icons/NO227_%E5%A5%94%E4%B9%90%E9%B9%BF.png,https://patchwiki.biligame.com/images/rocom/3/38/2ggk766trhcl4o1ubr9f26mtv4l32y2.png,https://wiki.biligame.com/rocom/%E5%A5%94%E4%B9%90%E9%B9%BF
NO.228,爵士鹿,最终形态,电,原始形态,原始形态,否,NO228_爵士鹿.png,/icons/NO228_%E7%88%B5%E5%A3%AB%E9%B9%BF.png,https://patchwiki.biligame.com/images/rocom/a/a6/jcxy6nsrryijb047juj3qhxe55oi58z.png,https://wiki.biligame.com/rocom/%E7%88%B5%E5%A3%AB%E9%B9%BF
NO.229,缇塔,Ⅰ阶,机械,原始形态,原始形态,否,NO229_缇塔.png,/icons/NO229_%E7%BC%87%E5%A1%94.png,https://patchwiki.biligame.com/images/rocom/3/3a/lhlbu3zg39lvfpso57ww4iks9u2snxm.png,https://wiki.biligame.com/rocom/%E7%BC%87%E5%A1%94
NO.230,声波缇塔,最终形态,机械,原始形态,原始形态,否,NO230_声波缇塔.png,/icons/NO230_%E5%A3%B0%E6%B3%A2%E7%BC%87%E5%A1%94.png,https://patchwiki.biligame.com/images/rocom/7/74/4k4r9jprm32qjya3epducxn4m8q79al.png,https://wiki.biligame.com/rocom/%E5%A3%B0%E6%B3%A2%E7%BC%87%E5%A1%94
NO.231,小鹬,Ⅰ阶,翼,原始形态,原始形态,否,NO231_小鹬.png,/icons/NO231_%E5%B0%8F%E9%B9%AC.png,https://patchwiki.biligame.com/images/rocom/6/63/f0h0ppr6wbkwlg961g5mnqenog6ai1j.png,https://wiki.biligame.com/rocom/%E5%B0%8F%E9%B9%AC
NO.232,鄙目鹬,Ⅱ阶,翼,原始形态,原始形态,否,NO232_鄙目鹬.png,/icons/NO232_%E9%84%99%E7%9B%AE%E9%B9%AC.png,https://patchwiki.biligame.com/images/rocom/0/06/sufpzi1hnwdcjr06orzhbmb9zkfve3p.png,https://wiki.biligame.com/rocom/%E9%84%99%E7%9B%AE%E9%B9%AC
NO.233,高脚鹬,最终形态,翼,原始形态,原始形态,否,NO233_高脚鹬.png,/icons/NO233_%E9%AB%98%E8%84%9A%E9%B9%AC.png,https://patchwiki.biligame.com/images/rocom/b/b5/3wf0lz4sibzzvc7xc2c9t5c7oyyg4m4.png,https://wiki.biligame.com/rocom/%E9%AB%98%E8%84%9A%E9%B9%AC
NO.234,脆筒甜甜,Ⅰ阶,冰,原始形态,原始形态,否,NO234_脆筒甜甜.png,/icons/NO234_%E8%84%86%E7%AD%92%E7%94%9C%E7%94%9C.png,https://patchwiki.biligame.com/images/rocom/9/99/hkgrj5vqlslmwxcq1hw8rkaoijy2wc9.png,https://wiki.biligame.com/rocom/%E8%84%86%E7%AD%92%E7%94%9C%E7%94%9C
NO.235,香草甜甜,Ⅱ阶,冰,原始形态,原始形态,否,NO235_香草甜甜.png,/icons/NO235_%E9%A6%99%E8%8D%89%E7%94%9C%E7%94%9C.png,https://patchwiki.biligame.com/images/rocom/a/ab/3dmpl7qddfrhwbooues79boe1ndw1en.png,https://wiki.biligame.com/rocom/%E9%A6%99%E8%8D%89%E7%94%9C%E7%94%9C
NO.236,圣代甜甜,最终形态,冰,原始形态,原始形态,否,NO236_圣代甜甜.png,/icons/NO236_%E5%9C%A3%E4%BB%A3%E7%94%9C%E7%94%9C.png,https://patchwiki.biligame.com/images/rocom/c/ca/73y6hx9ejbcli53vysobr9g1wty7utz.png,https://wiki.biligame.com/rocom/%E5%9C%A3%E4%BB%A3%E7%94%9C%E7%94%9C
NO.237,刺轮砣（上弦的样子）,Ⅰ阶,"毒, 萌",原始形态,原始形态,否,NO237_刺轮砣（上弦的样子）.png,/icons/NO237_%E5%88%BA%E8%BD%AE%E7%A0%A3%EF%BC%88%E4%B8%8A%E5%BC%A6%E7%9A%84%E6%A0%B7%E5%AD%90%EF%BC%89.png,https://patchwiki.biligame.com/images/rocom/2/20/2xrf1upw8x8qbmtj94s02yesvzter32.png,https://wiki.biligame.com/rocom/%E5%88%BA%E8%BD%AE%E7%A0%A3%EF%BC%88%E4%B8%8A%E5%BC%A6%E7%9A%84%E6%A0%B7%E5%AD%90%EF%BC%89
NO.238,月亮砣（上弦的样子）,最终形态,"毒, 萌",原始形态,原始形态,否,NO238_月亮砣（上弦的样子）.png,/icons/NO238_%E6%9C%88%E4%BA%AE%E7%A0%A3%EF%BC%88%E4%B8%8A%E5%BC%A6%E7%9A%84%E6%A0%B7%E5%AD%90%EF%BC%89.png,https://patchwiki.biligame.com/images/rocom/5/57/g05gs80tzawvv41wkfo6r8cuf1tuue9.png,https://wiki.biligame.com/rocom/%E6%9C%88%E4%BA%AE%E7%A0%A3%EF%BC%88%E4%B8%8A%E5%BC%A6%E7%9A%84%E6%A0%B7%E5%AD%90%EF%BC%89
NO.239,豆丁鱼,Ⅰ阶,"水, 龙",原始形态,原始形态,否,NO239_豆丁鱼.png,/icons/NO239_%E8%B1%86%E4%B8%81%E9%B1%BC.png,https://patchwiki.biligame.com/images/rocom/8/84/l03hb24992kdwomhy0qfjjynend0qdc.png,https://wiki.biligame.com/rocom/%E8%B1%86%E4%B8%81%E9%B1%BC
NO.240,快鳍鱼,Ⅱ阶,"水, 龙",原始形态,原始形态,否,NO240_快鳍鱼.png,/icons/NO240_%E5%BF%AB%E9%B3%8D%E9%B1%BC.png,https://patchwiki.biligame.com/images/rocom/6/63/408ag6ovu931hssd7kstv1bemj4ltgc.png,https://wiki.biligame.com/rocom/%E5%BF%AB%E9%B3%8D%E9%B1%BC
NO.241,龙鱼,最终形态,"水, 龙",原始形态,原始形态,否,NO241_龙鱼.png,/icons/NO241_%E9%BE%99%E9%B1%BC.png,https://patchwiki.biligame.com/images/rocom/1/1b/9pwwn6fecfi32vefzwgmfcpftbkfvxi.png,https://wiki.biligame.com/rocom/%E9%BE%99%E9%B1%BC
NO.242,胆小鳗鱼,Ⅰ阶,"电, 水",原始形态,原始形态,否,NO242_胆小鳗鱼.png,/icons/NO242_%E8%83%86%E5%B0%8F%E9%B3%97%E9%B1%BC.png,https://patchwiki.biligame.com/images/rocom/6/65/sexctmvdy5pnj2fgqdue7sovqn9cw4z.png,https://wiki.biligame.com/rocom/%E8%83%86%E5%B0%8F%E9%B3%97%E9%B1%BC
NO.243,闪电鳗鱼,最终形态,"电, 水",原始形态,原始形态,否,NO243_闪电鳗鱼.png,/icons/NO243_%E9%97%AA%E7%94%B5%E9%B3%97%E9%B1%BC.png,https://patchwiki.biligame.com/images/rocom/c/cf/tfvre4g1cbdv74tv7wydn5udn5gtdiv.png,https://wiki.biligame.com/rocom/%E9%97%AA%E7%94%B5%E9%B3%97%E9%B1%BC
NO.244,翡翠水母,Ⅰ阶,"水, 毒",原始形态,原始形态,否,NO244_翡翠水母.png,/icons/NO244_%E7%BF%A1%E7%BF%A0%E6%B0%B4%E6%AF%8D.png,https://patchwiki.biligame.com/images/rocom/f/f3/qtg8mg0mxy7370rpc9eohcwcgsw0k05.png,https://wiki.biligame.com/rocom/%E7%BF%A1%E7%BF%A0%E6%B0%B4%E6%AF%8D
NO.245,琉璃水母,最终形态,"水, 毒",原始形态,原始形态,否,NO245_琉璃水母.png,/icons/NO245_%E7%90%89%E7%92%83%E6%B0%B4%E6%AF%8D.png,https://patchwiki.biligame.com/images/rocom/d/de/k7nubtsz7deg1n4u2a960xgw7z7awlo.png,https://wiki.biligame.com/rocom/%E7%90%89%E7%92%83%E6%B0%B4%E6%AF%8D
NO.246,裘洛,Ⅰ阶,毒,原始形态,原始形态,否,NO246_裘洛.png,/icons/NO246_%E8%A3%98%E6%B4%9B.png,https://patchwiki.biligame.com/images/rocom/9/9c/ai2ivunxg0fjwnzy552j6bsq1nh5qr4.png,https://wiki.biligame.com/rocom/%E8%A3%98%E6%B4%9B
NO.247,裘力,Ⅱ阶,毒,原始形态,原始形态,否,NO247_裘力.png,/icons/NO247_%E8%A3%98%E5%8A%9B.png,https://patchwiki.biligame.com/images/rocom/d/d3/qw6krqyuqrdgd4nlois0j77f8ekasdu.png,https://wiki.biligame.com/rocom/%E8%A3%98%E5%8A%9B
NO.248,裘卡,最终形态,毒,原始形态,原始形态,否,NO248_裘卡.png,/icons/NO248_%E8%A3%98%E5%8D%A1.png,https://patchwiki.biligame.com/images/rocom/a/a9/1bccpd3l1t66oy3lwk44wzr3pqsj9y2.png,https://wiki.biligame.com/rocom/%E8%A3%98%E5%8D%A1
NO.249,可爱猿,Ⅰ阶,火,原始形态,原始形态,否,NO249_可爱猿.png,/icons/NO249_%E5%8F%AF%E7%88%B1%E7%8C%BF.png,https://patchwiki.biligame.com/images/rocom/e/e0/1xsbef59im08o1aui67cvgqp9nr1a58.png,https://wiki.biligame.com/rocom/%E5%8F%AF%E7%88%B1%E7%8C%BF
NO.250,炽热猿,Ⅱ阶,火,原始形态,原始形态,否,NO250_炽热猿.png,/icons/NO250_%E7%82%BD%E7%83%AD%E7%8C%BF.png,https://patchwiki.biligame.com/images/rocom/a/ad/rbo5f373p1xc6t0e8mc6vtnxu6d1dqy.png,https://wiki.biligame.com/rocom/%E7%82%BD%E7%83%AD%E7%8C%BF
NO.251,火焰猿,最终形态,火,原始形态,原始形态,否,NO251_火焰猿.png,/icons/NO251_%E7%81%AB%E7%84%B0%E7%8C%BF.png,https://patchwiki.biligame.com/images/rocom/4/49/jzlbg7v46fd5m04k2732qml7t64y3a0.png,https://wiki.biligame.com/rocom/%E7%81%AB%E7%84%B0%E7%8C%BF
NO.252,布鲁斯,Ⅰ阶,冰,原始形态,原始形态,否,NO252_布鲁斯.png,/icons/NO252_%E5%B8%83%E9%B2%81%E6%96%AF.png,https://patchwiki.biligame.com/images/rocom/0/03/i3lomx5rtgtrhun9j9o2cky82nj7koy.png,https://wiki.biligame.com/rocom/%E5%B8%83%E9%B2%81%E6%96%AF
NO.253,雪顶布鲁斯,Ⅱ阶,冰,原始形态,原始形态,否,NO253_雪顶布鲁斯.png,/icons/NO253_%E9%9B%AA%E9%A1%B6%E5%B8%83%E9%B2%81%E6%96%AF.png,https://patchwiki.biligame.com/images/rocom/f/f2/qmr111cc6n8vcfctp3ididgmph2te4b.png,https://wiki.biligame.com/rocom/%E9%9B%AA%E9%A1%B6%E5%B8%83%E9%B2%81%E6%96%AF
NO.254,冰钻布鲁斯,最终形态,冰,原始形态,原始形态,否,NO254_冰钻布鲁斯.png,/icons/NO254_%E5%86%B0%E9%92%BB%E5%B8%83%E9%B2%81%E6%96%AF.png,https://patchwiki.biligame.com/images/rocom/b/bd/lqbeuvjzkbdjilyup9j54q4ocdv6yza.png,https://wiki.biligame.com/rocom/%E5%86%B0%E9%92%BB%E5%B8%83%E9%B2%81%E6%96%AF
NO.255,治愈兔,Ⅰ阶,"火, 萌",原始形态,原始形态,是,NO255_治愈兔.png,/icons/NO255_%E6%B2%BB%E6%84%88%E5%85%94.png,https://patchwiki.biligame.com/images/rocom/a/aa/rngx23e2gk0fv954dvqfy4imdotkztj.png,https://wiki.biligame.com/rocom/%E6%B2%BB%E6%84%88%E5%85%94
NO.255,治愈兔（异色）,Ⅰ阶,"火, 萌",原始形态,原始形态,是,NO255_治愈兔（异色）.png,/icons/NO255_%E6%B2%BB%E6%84%88%E5%85%94%EF%BC%88%E5%BC%82%E8%89%B2%EF%BC%89.png,https://patchwiki.biligame.com/images/rocom/6/64/7efdv9fhh614s8ajjrdjibaaeibowsw.png,https://wiki.biligame.com/rocom/%E6%B2%BB%E6%84%88%E5%85%94
NO.256,红丝绒,Ⅱ阶,"火, 萌",原始形态,原始形态,是,NO256_红丝绒.png,/icons/NO256_%E7%BA%A2%E4%B8%9D%E7%BB%92.png,https://patchwiki.biligame.com/images/rocom/0/00/lbkgbqads9s37knw6rqxu3fuylvqwro.png,https://wiki.biligame.com/rocom/%E7%BA%A2%E4%B8%9D%E7%BB%92
NO.256,红丝绒（异色）,Ⅱ阶,"火, 萌",原始形态,原始形态,是,NO256_红丝绒（异色）.png,/icons/NO256_%E7%BA%A2%E4%B8%9D%E7%BB%92%EF%BC%88%E5%BC%82%E8%89%B2%EF%BC%89.png,https://patchwiki.biligame.com/images/rocom/a/a4/jpg35o50rwnvvz4kbkn9arhcr6t33tr.png,https://wiki.biligame.com/rocom/%E7%BA%A2%E4%B8%9D%E7%BB%92
NO.257,红绒十字,最终形态,"火, 萌",原始形态,原始形态,是,NO257_红绒十字.png,/icons/NO257_%E7%BA%A2%E7%BB%92%E5%8D%81%E5%AD%97.png,https://patchwiki.biligame.com/images/rocom/c/c1/1i2n00tjjxrhc3x9p39hrg4kxujapoh.png,https://wiki.biligame.com/rocom/%E7%BA%A2%E7%BB%92%E5%8D%81%E5%AD%97
NO.257,红绒十字（异色）,最终形态,"火, 萌",原始形态,原始形态,是,NO257_红绒十字（异色）.png,/icons/NO257_%E7%BA%A2%E7%BB%92%E5%8D%81%E5%AD%97%EF%BC%88%E5%BC%82%E8%89%B2%EF%BC%89.png,https://patchwiki.biligame.com/images/rocom/0/0a/ipl5brmemkyidval7taro7b540zmzqm.png,https://wiki.biligame.com/rocom/%E7%BA%A2%E7%BB%92%E5%8D%81%E5%AD%97
NO.258,乌达（极昼的样子）,Ⅰ阶,"恶, 火",原始形态,原始形态,否,NO258_乌达（极昼的样子）.png,/icons/NO258_%E4%B9%8C%E8%BE%BE%EF%BC%88%E6%9E%81%E6%98%BC%E7%9A%84%E6%A0%B7%E5%AD%90%EF%BC%89.png,https://patchwiki.biligame.com/images/rocom/7/74/4646tw9mipskzlalsx2u7ujdaa067iu.png,https://wiki.biligame.com/rocom/%E4%B9%8C%E8%BE%BE%EF%BC%88%E6%9E%81%E6%98%BC%E7%9A%84%E6%A0%B7%E5%AD%90%EF%BC%89
NO.259,迷你乌（极昼的样子）,Ⅱ阶,"恶, 火",原始形态,原始形态,否,NO259_迷你乌（极昼的样子）.png,/icons/NO259_%E8%BF%B7%E4%BD%A0%E4%B9%8C%EF%BC%88%E6%9E%81%E6%98%BC%E7%9A%84%E6%A0%B7%E5%AD%90%EF%BC%89.png,https://patchwiki.biligame.com/images/rocom/4/4a/herfyv2d6y7yvyv02hnk8kkmp84ogsm.png,https://wiki.biligame.com/rocom/%E8%BF%B7%E4%BD%A0%E4%B9%8C%EF%BC%88%E6%9E%81%E6%98%BC%E7%9A%84%E6%A0%B7%E5%AD%90%EF%BC%89
NO.260,乌拉塔（极昼的样子）,最终形态,"恶, 火",原始形态,原始形态,否,NO260_乌拉塔（极昼的样子）.png,/icons/NO260_%E4%B9%8C%E6%8B%89%E5%A1%94%EF%BC%88%E6%9E%81%E6%98%BC%E7%9A%84%E6%A0%B7%E5%AD%90%EF%BC%89.png,https://patchwiki.biligame.com/images/rocom/e/e9/2j3t5mjcljnsc1hw72btjrebq8td3ug.png,https://wiki.biligame.com/rocom/%E4%B9%8C%E6%8B%89%E5%A1%94%EF%BC%88%E6%9E%81%E6%98%BC%E7%9A%84%E6%A0%B7%E5%AD%90%EF%BC%89
NO.261,螺旋帕帕,Ⅰ阶,"机械, 翼",原始形态,原始形态,否,NO261_螺旋帕帕.png,/icons/NO261_%E8%9E%BA%E6%97%8B%E5%B8%95%E5%B8%95.png,https://patchwiki.biligame.com/images/rocom/2/2e/8sya38cbx002fydqgo0u3z0r4wzcmh9.png,https://wiki.biligame.com/rocom/%E8%9E%BA%E6%97%8B%E5%B8%95%E5%B8%95
NO.262,帕帕斯卡,最终形态,"机械, 翼",原始形态,原始形态,否,NO262_帕帕斯卡.png,/icons/NO262_%E5%B8%95%E5%B8%95%E6%96%AF%E5%8D%A1.png,https://patchwiki.biligame.com/images/rocom/4/48/0go6kjyt43jmyphx2po4l7j8g5jdh98.png,https://wiki.biligame.com/rocom/%E5%B8%95%E5%B8%95%E6%96%AF%E5%8D%A1
NO.263,机械方方,Ⅰ阶,机械,原始形态,原始形态,是,NO263_机械方方.png,/icons/NO263_%E6%9C%BA%E6%A2%B0%E6%96%B9%E6%96%B9.png,https://patchwiki.biligame.com/images/rocom/0/0b/pgpg5oimlp3vj22sforlyu0o5mlenw8.png,https://wiki.biligame.com/rocom/%E6%9C%BA%E6%A2%B0%E6%96%B9%E6%96%B9
NO.263,机械方方（异色）,Ⅰ阶,机械,原始形态,原始形态,是,NO263_机械方方（异色）.png,/icons/NO263_%E6%9C%BA%E6%A2%B0%E6%96%B9%E6%96%B9%EF%BC%88%E5%BC%82%E8%89%B2%EF%BC%89.png,https://patchwiki.biligame.com/images/rocom/3/35/6f8m39vmtq25vl19gfwkujyovmutb9v.png,https://wiki.biligame.com/rocom/%E6%9C%BA%E6%A2%B0%E6%96%B9%E6%96%B9
NO.264,多彩方方,Ⅱ阶,机械,原始形态,原始形态,是,NO264_多彩方方.png,/icons/NO264_%E5%A4%9A%E5%BD%A9%E6%96%B9%E6%96%B9.png,https://patchwiki.biligame.com/images/rocom/2/28/7xmi4mrr7xy8rbxu5td2uptxfax5fhj.png,https://wiki.biligame.com/rocom/%E5%A4%9A%E5%BD%A9%E6%96%B9%E6%96%B9
NO.264,多彩方方（异色）,Ⅱ阶,机械,原始形态,原始形态,是,NO264_多彩方方（异色）.png,/icons/NO264_%E5%A4%9A%E5%BD%A9%E6%96%B9%E6%96%B9%EF%BC%88%E5%BC%82%E8%89%B2%EF%BC%89.png,https://patchwiki.biligame.com/images/rocom/5/54/0t555dq1b0y0quh3qc0pl5scxm9jo4q.png,https://wiki.biligame.com/rocom/%E5%A4%9A%E5%BD%A9%E6%96%B9%E6%96%B9
NO.265,立方人,最终形态,机械,原始形态,原始形态,是,NO265_立方人.png,/icons/NO265_%E7%AB%8B%E6%96%B9%E4%BA%BA.png,https://patchwiki.biligame.com/images/rocom/0/09/fnsx2e888qucax28zooe75tenxxgmkx.png,https://wiki.biligame.com/rocom/%E7%AB%8B%E6%96%B9%E4%BA%BA
NO.265,立方人（异色）,最终形态,机械,原始形态,原始形态,是,NO265_立方人（异色）.png,/icons/NO265_%E7%AB%8B%E6%96%B9%E4%BA%BA%EF%BC%88%E5%BC%82%E8%89%B2%EF%BC%89.png,https://patchwiki.biligame.com/images/rocom/d/d3/40n8738yvp681xgekmv094toaqjthrg.png,https://wiki.biligame.com/rocom/%E7%AB%8B%E6%96%B9%E4%BA%BA
NO.266,可立鸡,Ⅰ阶,火,原始形态,原始形态,否,NO266_可立鸡.png,/icons/NO266_%E5%8F%AF%E7%AB%8B%E9%B8%A1.png,https://patchwiki.biligame.com/images/rocom/2/2d/9w4l9rr13yoldnqxtppebm3tqovahde.png,https://wiki.biligame.com/rocom/%E5%8F%AF%E7%AB%8B%E9%B8%A1
NO.267,晕晕鸡,Ⅱ阶,火,原始形态,原始形态,否,NO267_晕晕鸡.png,/icons/NO267_%E6%99%95%E6%99%95%E9%B8%A1.png,https://patchwiki.biligame.com/images/rocom/4/46/5euq737ld77bkp75nukdt3mrwa11xrq.png,https://wiki.biligame.com/rocom/%E6%99%95%E6%99%95%E9%B8%A1
NO.268,绅士鸡,最终形态,"火, 武",原始形态,原始形态,否,NO268_绅士鸡.png,/icons/NO268_%E7%BB%85%E5%A3%AB%E9%B8%A1.png,https://patchwiki.biligame.com/images/rocom/f/fc/tlu25qyk7b26q2d2fpv5mkuwafz4tv3.png,https://wiki.biligame.com/rocom/%E7%BB%85%E5%A3%AB%E9%B8%A1
NO.269,武者鸡,最终形态,"火, 武",原始形态,原始形态,否,NO269_武者鸡.png,/icons/NO269_%E6%AD%A6%E8%80%85%E9%B8%A1.png,https://patchwiki.biligame.com/images/rocom/d/d5/j89f9kespq4zwjb6h67ew9wvsnd88g0.png,https://wiki.biligame.com/rocom/%E6%AD%A6%E8%80%85%E9%B8%A1
NO.270,优优,Ⅰ阶,"地, 光",原始形态,原始形态,否,NO270_优优.png,/icons/NO270_%E4%BC%98%E4%BC%98.png,https://patchwiki.biligame.com/images/rocom/b/b2/71ru3va03vqwr4ew76bnhqj74neqk98.png,https://wiki.biligame.com/rocom/%E4%BC%98%E4%BC%98
NO.271,绒光优优,最终形态,"地, 光",原始形态,原始形态,否,NO271_绒光优优.png,/icons/NO271_%E7%BB%92%E5%85%89%E4%BC%98%E4%BC%98.png,https://patchwiki.biligame.com/images/rocom/7/76/fyktbyiugga3qdq8gkeboear0slov69.png,https://wiki.biligame.com/rocom/%E7%BB%92%E5%85%89%E4%BC%98%E4%BC%98
NO.272,噼啪鸟,最终形态,"电, 翼",原始形态,原始形态,否,NO272_噼啪鸟.png,/icons/NO272_%E5%99%BC%E5%95%AA%E9%B8%9F.png,https://patchwiki.biligame.com/images/rocom/5/5f/67uopai58qg98apg0dci57gi1bgxhn4.png,https://wiki.biligame.com/rocom/%E5%99%BC%E5%95%AA%E9%B8%9F
NO.273,深蓝鲸,最终形态,水,原始形态,原始形态,否,NO273_深蓝鲸.png,/icons/NO273_%E6%B7%B1%E8%93%9D%E9%B2%B8.png,https://patchwiki.biligame.com/images/rocom/4/4c/eonvrfjw5xrztsmkzmwz4eutdi7oban.png,https://wiki.biligame.com/rocom/%E6%B7%B1%E8%93%9D%E9%B2%B8
NO.274,格兰种子,Ⅰ阶,草,原始形态,原始形态,是,NO274_格兰种子.png,/icons/NO274_%E6%A0%BC%E5%85%B0%E7%A7%8D%E5%AD%90.png,https://patchwiki.biligame.com/images/rocom/d/d3/b3jzacefc99rb5kz2yh5ta03dq5rd2e.png,https://wiki.biligame.com/rocom/%E6%A0%BC%E5%85%B0%E7%A7%8D%E5%AD%90
NO.274,格兰种子（异色）,Ⅰ阶,草,原始形态,原始形态,是,NO274_格兰种子（异色）.png,/icons/NO274_%E6%A0%BC%E5%85%B0%E7%A7%8D%E5%AD%90%EF%BC%88%E5%BC%82%E8%89%B2%EF%BC%89.png,https://patchwiki.biligame.com/images/rocom/e/e4/hmq5c5fws5ugphujvelb1e54df84m9h.png,https://wiki.biligame.com/rocom/%E6%A0%BC%E5%85%B0%E7%A7%8D%E5%AD%90
NO.275,格兰花,Ⅱ阶,草,原始形态,原始形态,是,NO275_格兰花.png,/icons/NO275_%E6%A0%BC%E5%85%B0%E8%8A%B1.png,https://patchwiki.biligame.com/images/rocom/d/d7/gvd0lpur7zrkuy6lt9b86bwpj877hfv.png,https://wiki.biligame.com/rocom/%E6%A0%BC%E5%85%B0%E8%8A%B1
NO.275,格兰花（异色）,Ⅱ阶,草,原始形态,原始形态,是,NO275_格兰花（异色）.png,/icons/NO275_%E6%A0%BC%E5%85%B0%E8%8A%B1%EF%BC%88%E5%BC%82%E8%89%B2%EF%BC%89.png,https://patchwiki.biligame.com/images/rocom/3/34/9vnb24lq4njispwppma8s8pow0pa5p2.png,https://wiki.biligame.com/rocom/%E6%A0%BC%E5%85%B0%E8%8A%B1
NO.276,格兰球,最终形态,草,原始形态,原始形态,是,NO276_格兰球.png,/icons/NO276_%E6%A0%BC%E5%85%B0%E7%90%83.png,https://patchwiki.biligame.com/images/rocom/6/6c/ti7vsccgrnfmugk27891cc9726d15j5.png,https://wiki.biligame.com/rocom/%E6%A0%BC%E5%85%B0%E7%90%83
NO.276,格兰球（异色）,最终形态,草,原始形态,原始形态,是,NO276_格兰球（异色）.png,/icons/NO276_%E6%A0%BC%E5%85%B0%E7%90%83%EF%BC%88%E5%BC%82%E8%89%B2%EF%BC%89.png,https://patchwiki.biligame.com/images/rocom/4/4e/cav3gun98ax62yrpx33a524az878hq8.png,https://wiki.biligame.com/rocom/%E6%A0%BC%E5%85%B0%E7%90%83
NO.277,地鼠（枯水期的样子）,Ⅰ阶,地,原始形态,原始形态,否,NO277_地鼠（枯水期的样子）.png,/icons/NO277_%E5%9C%B0%E9%BC%A0%EF%BC%88%E6%9E%AF%E6%B0%B4%E6%9C%9F%E7%9A%84%E6%A0%B7%E5%AD%90%EF%BC%89.png,https://patchwiki.biligame.com/images/rocom/e/ed/p13cco2es9ta74gd9w8yqdoc0va3qp6.png,https://wiki.biligame.com/rocom/%E5%9C%B0%E9%BC%A0%EF%BC%88%E6%9E%AF%E6%B0%B4%E6%9C%9F%E7%9A%84%E6%A0%B7%E5%AD%90%EF%BC%89
NO.278,遁鼠（枯水期的样子）,Ⅱ阶,地,原始形态,原始形态,否,NO278_遁鼠（枯水期的样子）.png,/icons/NO278_%E9%81%81%E9%BC%A0%EF%BC%88%E6%9E%AF%E6%B0%B4%E6%9C%9F%E7%9A%84%E6%A0%B7%E5%AD%90%EF%BC%89.png,https://patchwiki.biligame.com/images/rocom/0/04/hhyd5vj9dub1p42xrvafn2cazk3ypft.png,https://wiki.biligame.com/rocom/%E9%81%81%E9%BC%A0%EF%BC%88%E6%9E%AF%E6%B0%B4%E6%9C%9F%E7%9A%84%E6%A0%B7%E5%AD%90%EF%BC%89
NO.279,遁地鼠（枯水期的样子）,最终形态,地,原始形态,原始形态,否,NO279_遁地鼠（枯水期的样子）.png,/icons/NO279_%E9%81%81%E5%9C%B0%E9%BC%A0%EF%BC%88%E6%9E%AF%E6%B0%B4%E6%9C%9F%E7%9A%84%E6%A0%B7%E5%AD%90%EF%BC%89.png,https://patchwiki.biligame.com/images/rocom/3/3f/tfoq58kdykf2kzslpubl87ceyiu4c0r.png,https://wiki.biligame.com/rocom/%E9%81%81%E5%9C%B0%E9%BC%A0%EF%BC%88%E6%9E%AF%E6%B0%B4%E6%9C%9F%E7%9A%84%E6%A0%B7%E5%AD%90%EF%BC%89
NO.280,墨鱿士,Ⅰ阶,幽,原始形态,原始形态,否,NO280_墨鱿士.png,/icons/NO280_%E5%A2%A8%E9%B1%BF%E5%A3%AB.png,https://patchwiki.biligame.com/images/rocom/e/ed/ekbfzkhrhoe1i26cq62zv0bdwyws7zg.png,https://wiki.biligame.com/rocom/%E5%A2%A8%E9%B1%BF%E5%A3%AB
NO.281,混乱鱿彩,最终形态,"幽, 恶",原始形态,原始形态,否,NO281_混乱鱿彩.png,/icons/NO281_%E6%B7%B7%E4%B9%B1%E9%B1%BF%E5%BD%A9.png,https://patchwiki.biligame.com/images/rocom/8/89/co25joc1fbw7yk3t67uwo91xx3czmuj.png,https://wiki.biligame.com/rocom/%E6%B7%B7%E4%B9%B1%E9%B1%BF%E5%BD%A9
NO.282,秩序鱿墨,最终形态,"幽, 萌",原始形态,原始形态,否,NO282_秩序鱿墨.png,/icons/NO282_%E7%A7%A9%E5%BA%8F%E9%B1%BF%E5%A2%A8.png,https://patchwiki.biligame.com/images/rocom/f/fa/hcovzifwgad156lg6jwk02nd4nhsckv.png,https://wiki.biligame.com/rocom/%E7%A7%A9%E5%BA%8F%E9%B1%BF%E5%A2%A8
NO.283,小甲虫,Ⅰ阶,虫,原始形态,原始形态,否,NO283_小甲虫.png,/icons/NO283_%E5%B0%8F%E7%94%B2%E8%99%AB.png,https://patchwiki.biligame.com/images/rocom/c/c5/gxb5ofg998pswe6vu88c1gtiiibwnro.png,https://wiki.biligame.com/rocom/%E5%B0%8F%E7%94%B2%E8%99%AB
NO.284,铠甲虫,最终形态,虫,原始形态,原始形态,否,NO284_铠甲虫.png,/icons/NO284_%E9%93%A0%E7%94%B2%E8%99%AB.png,https://patchwiki.biligame.com/images/rocom/6/6e/c2qomiq244hfmlrgiwvd13n0pmn1znj.png,https://wiki.biligame.com/rocom/%E9%93%A0%E7%94%B2%E8%99%AB
NO.285,圣剑侍从,Ⅰ阶,机械,原始形态,原始形态,否,NO285_圣剑侍从.png,/icons/NO285_%E5%9C%A3%E5%89%91%E4%BE%8D%E4%BB%8E.png,https://patchwiki.biligame.com/images/rocom/1/1d/6w4z6k41648qw2uagnoz0ac081trrgi.png,https://wiki.biligame.com/rocom/%E5%9C%A3%E5%89%91%E4%BE%8D%E4%BB%8E
NO.286,圣剑-X,最终形态,机械,原始形态,原始形态,否,NO286_圣剑-X.png,/icons/NO286_%E5%9C%A3%E5%89%91-X.png,https://patchwiki.biligame.com/images/rocom/8/8d/k36fgnkefvfbntgmo6joyjmh9ji1bt7.png,https://wiki.biligame.com/rocom/%E5%9C%A3%E5%89%91-X
NO.287,吸泥鸥,Ⅰ阶,"地, 翼",原始形态,原始形态,否,NO287_吸泥鸥.png,/icons/NO287_%E5%90%B8%E6%B3%A5%E9%B8%A5.png,https://patchwiki.biligame.com/images/rocom/8/8e/br2yi6aj77tv3j8bstqidsiuvadc0od.png,https://wiki.biligame.com/rocom/%E5%90%B8%E6%B3%A5%E9%B8%A5
NO.288,泥吼牙,最终形态,"地, 翼",原始形态,原始形态,否,NO288_泥吼牙.png,/icons/NO288_%E6%B3%A5%E5%90%BC%E7%89%99.png,https://patchwiki.biligame.com/images/rocom/f/f0/imncv1vv01zbrx7tkjij3xtarmhl2id.png,https://wiki.biligame.com/rocom/%E6%B3%A5%E5%90%BC%E7%89%99
NO.289,大头骨龙,Ⅰ阶,"龙, 幽",原始形态,原始形态,否,NO289_大头骨龙.png,/icons/NO289_%E5%A4%A7%E5%A4%B4%E9%AA%A8%E9%BE%99.png,https://patchwiki.biligame.com/images/rocom/d/dc/oaohfrfv4b6cx8elngiwarhn9phgzch.png,https://wiki.biligame.com/rocom/%E5%A4%A7%E5%A4%B4%E9%AA%A8%E9%BE%99
NO.290,寂灭骨龙,最终形态,"龙, 幽",原始形态,原始形态,否,NO290_寂灭骨龙.png,/icons/NO290_%E5%AF%82%E7%81%AD%E9%AA%A8%E9%BE%99.png,https://patchwiki.biligame.com/images/rocom/3/31/g9815x8kx47nbavj9mcolhexofrpulc.png,https://wiki.biligame.com/rocom/%E5%AF%82%E7%81%AD%E9%AA%A8%E9%BE%99
NO.291,厉毒小萝,Ⅰ阶,"毒, 恶",原始形态,原始形态,否,NO291_厉毒小萝.png,/icons/NO291_%E5%8E%89%E6%AF%92%E5%B0%8F%E8%90%9D.png,https://patchwiki.biligame.com/images/rocom/3/3e/6tk28w0xeycfxejxbtn8myiv9wsd17j.png,https://wiki.biligame.com/rocom/%E5%8E%89%E6%AF%92%E5%B0%8F%E8%90%9D
NO.292,厉毒修萝,最终形态,"毒, 恶",原始形态,原始形态,否,NO292_厉毒修萝.png,/icons/NO292_%E5%8E%89%E6%AF%92%E4%BF%AE%E8%90%9D.png,https://patchwiki.biligame.com/images/rocom/5/52/fnxayt7dshqnrygae3kr64v1gs4wcws.png,https://wiki.biligame.com/rocom/%E5%8E%89%E6%AF%92%E4%BF%AE%E8%90%9D
NO.293,小帕尔,Ⅰ阶,恶,原始形态,原始形态,否,NO293_小帕尔.png,/icons/NO293_%E5%B0%8F%E5%B8%95%E5%B0%94.png,https://patchwiki.biligame.com/images/rocom/b/b3/l5aj212ensdevykbe4wgsxf1c12ayxi.png,https://wiki.biligame.com/rocom/%E5%B0%8F%E5%B8%95%E5%B0%94
NO.294,帕尔萨斯,Ⅱ阶,恶,原始形态,原始形态,否,NO294_帕尔萨斯.png,/icons/NO294_%E5%B8%95%E5%B0%94%E8%90%A8%E6%96%AF.png,https://patchwiki.biligame.com/images/rocom/c/cb/gteuesfklnj4acn55f3aqr0wrtlwki4.png,https://wiki.biligame.com/rocom/%E5%B8%95%E5%B0%94%E8%90%A8%E6%96%AF
NO.295,龙息帕尔,最终形态,恶,原始形态,原始形态,否,NO295_龙息帕尔.png,/icons/NO295_%E9%BE%99%E6%81%AF%E5%B8%95%E5%B0%94.png,https://patchwiki.biligame.com/images/rocom/0/0f/q0bwy4syzqav082nqhy9tl7i8hsirz4.png,https://wiki.biligame.com/rocom/%E9%BE%99%E6%81%AF%E5%B8%95%E5%B0%94
NO.296,毛头小蛛,Ⅰ阶,"虫, 地",原始形态,原始形态,否,NO296_毛头小蛛.png,/icons/NO296_%E6%AF%9B%E5%A4%B4%E5%B0%8F%E8%9B%9B.png,https://patchwiki.biligame.com/images/rocom/f/f5/3nr9m11fcoasdyy8qcplzh21b7rbqep.png,https://wiki.biligame.com/rocom/%E6%AF%9B%E5%A4%B4%E5%B0%8F%E8%9B%9B
NO.297,捕尘长绒,最终形态,"虫, 地",原始形态,原始形态,否,NO297_捕尘长绒.png,/icons/NO297_%E6%8D%95%E5%B0%98%E9%95%BF%E7%BB%92.png,https://patchwiki.biligame.com/images/rocom/b/be/nkj0ie4pek8cghl4idvgqt3m2sq5ox9.png,https://wiki.biligame.com/rocom/%E6%8D%95%E5%B0%98%E9%95%BF%E7%BB%92
NO.298,食尘短绒,最终形态,"虫, 地",原始形态,原始形态,否,NO298_食尘短绒.png,/icons/NO298_%E9%A3%9F%E5%B0%98%E7%9F%AD%E7%BB%92.png,https://patchwiki.biligame.com/images/rocom/5/56/2arovnrg3t48x4jr2zo0w7fp8axkkx9.png,https://wiki.biligame.com/rocom/%E9%A3%9F%E5%B0%98%E7%9F%AD%E7%BB%92
NO.299,画精灵,Ⅰ阶,普通,原始形态,原始形态,否,NO299_画精灵.png,/icons/NO299_%E7%94%BB%E7%B2%BE%E7%81%B5.png,https://patchwiki.biligame.com/images/rocom/a/a0/lvngsspwir7n25jd82zaz2zujxdrqs8.png,https://wiki.biligame.com/rocom/%E7%94%BB%E7%B2%BE%E7%81%B5
NO.300,画像守护,Ⅱ阶,普通,原始形态,原始形态,否,NO300_画像守护.png,/icons/NO300_%E7%94%BB%E5%83%8F%E5%AE%88%E6%8A%A4.png,https://patchwiki.biligame.com/images/rocom/0/0e/4q1o3ztl1tdspj5lecjqzb5xvfqvhjn.png,https://wiki.biligame.com/rocom/%E7%94%BB%E5%83%8F%E5%AE%88%E6%8A%A4
NO.301,画间法师手,最终形态,"普通, 幻",原始形态,原始形态,否,NO301_画间法师手.png,/icons/NO301_%E7%94%BB%E9%97%B4%E6%B3%95%E5%B8%88%E6%89%8B.png,https://patchwiki.biligame.com/images/rocom/2/2a/m0rnppd2iwqm9h78gft0jkwzqje5v5h.png,https://wiki.biligame.com/rocom/%E7%94%BB%E9%97%B4%E6%B3%95%E5%B8%88%E6%89%8B
NO.302,画间沉铁兽,最终形态,"普通, 武",原始形态,原始形态,否,NO302_画间沉铁兽.png,/icons/NO302_%E7%94%BB%E9%97%B4%E6%B2%89%E9%93%81%E5%85%BD.png,https://patchwiki.biligame.com/images/rocom/6/61/g4rq03yecy8xudglhc96lhi5ie4zri4.png,https://wiki.biligame.com/rocom/%E7%94%BB%E9%97%B4%E6%B2%89%E9%93%81%E5%85%BD
NO.303,书魔虫,Ⅰ阶,普通,原始形态,原始形态,否,NO303_书魔虫.png,/icons/NO303_%E4%B9%A6%E9%AD%94%E8%99%AB.png,https://patchwiki.biligame.com/images/rocom/5/53/ph0kl9j7nj2m8azrrd5hpeq0b62phrl.png,https://wiki.biligame.com/rocom/%E4%B9%A6%E9%AD%94%E8%99%AB
NO.304,书卷守护,Ⅱ阶,普通,原始形态,原始形态,否,NO304_书卷守护.png,/icons/NO304_%E4%B9%A6%E5%8D%B7%E5%AE%88%E6%8A%A4.png,https://patchwiki.biligame.com/images/rocom/8/8e/2wi1t21j1agshuww5p50uqui9mu1b55.png,https://wiki.biligame.com/rocom/%E4%B9%A6%E5%8D%B7%E5%AE%88%E6%8A%A4
NO.305,古卷执政官,最终形态,"普通, 幻",原始形态,原始形态,否,NO305_古卷执政官.png,/icons/NO305_%E5%8F%A4%E5%8D%B7%E6%89%A7%E6%94%BF%E5%AE%98.png,https://patchwiki.biligame.com/images/rocom/d/dc/numbiaa5oc8iursntgrv198ay097vnk.png,https://wiki.biligame.com/rocom/%E5%8F%A4%E5%8D%B7%E6%89%A7%E6%94%BF%E5%AE%98
NO.306,古卷匣魔像,最终形态,"普通, 武",原始形态,原始形态,否,NO306_古卷匣魔像.png,/icons/NO306_%E5%8F%A4%E5%8D%B7%E5%8C%A3%E9%AD%94%E5%83%8F.png,https://patchwiki.biligame.com/images/rocom/1/18/6fhqn0ek9exvjnyj4rbdl14goi2l79m.png,https://wiki.biligame.com/rocom/%E5%8F%A4%E5%8D%B7%E5%8C%A3%E9%AD%94%E5%83%8F
NO.307,绒绒,Ⅰ阶,"光, 虫",原始形态,原始形态,是,NO307_绒绒.png,/icons/NO307_%E7%BB%92%E7%BB%92.png,https://patchwiki.biligame.com/images/rocom/0/08/654ffcp524wy323uwi7k1z7rk4rejuc.png,https://wiki.biligame.com/rocom/%E7%BB%92%E7%BB%92
NO.307,绒绒（异色）,Ⅰ阶,"光, 虫",原始形态,原始形态,是,NO307_绒绒（异色）.png,/icons/NO307_%E7%BB%92%E7%BB%92%EF%BC%88%E5%BC%82%E8%89%B2%EF%BC%89.png,https://patchwiki.biligame.com/images/rocom/7/73/fmbx4kp8kvos1ufg3w9t33fq6tmfkee.png,https://wiki.biligame.com/rocom/%E7%BB%92%E7%BB%92
NO.308,小绒茧,Ⅱ阶,"光, 虫",原始形态,原始形态,是,NO308_小绒茧.png,/icons/NO308_%E5%B0%8F%E7%BB%92%E8%8C%A7.png,https://patchwiki.biligame.com/images/rocom/5/51/fzhzu0tmqg25ud42u7z9a95msp1bphh.png,https://wiki.biligame.com/rocom/%E5%B0%8F%E7%BB%92%E8%8C%A7
NO.308,小绒茧（异色）,Ⅱ阶,"光, 虫",原始形态,原始形态,是,NO308_小绒茧（异色）.png,/icons/NO308_%E5%B0%8F%E7%BB%92%E8%8C%A7%EF%BC%88%E5%BC%82%E8%89%B2%EF%BC%89.png,https://patchwiki.biligame.com/images/rocom/3/3a/eizygck8984ggaqp2kzkoewb2l90s52.png,https://wiki.biligame.com/rocom/%E5%B0%8F%E7%BB%92%E8%8C%A7
NO.309,绒仙子,最终形态,"光, 虫",原始形态,原始形态,是,NO309_绒仙子.png,/icons/NO309_%E7%BB%92%E4%BB%99%E5%AD%90.png,https://patchwiki.biligame.com/images/rocom/2/2a/nynxiyjn07oseu31p6o5z8crn5i6dx0.png,https://wiki.biligame.com/rocom/%E7%BB%92%E4%BB%99%E5%AD%90
NO.309,绒仙子（异色）,最终形态,"光, 虫",原始形态,原始形态,是,NO309_绒仙子（异色）.png,/icons/NO309_%E7%BB%92%E4%BB%99%E5%AD%90%EF%BC%88%E5%BC%82%E8%89%B2%EF%BC%89.png,https://patchwiki.biligame.com/images/rocom/1/11/5wpjm56l3vhq88hfw8mjvagpk1paqz8.png,https://wiki.biligame.com/rocom/%E7%BB%92%E4%BB%99%E5%AD%90
NO.310,犀角鸟,Ⅰ阶,光,原始形态,原始形态,是,NO310_犀角鸟.png,/icons/NO310_%E7%8A%80%E8%A7%92%E9%B8%9F.png,https://patchwiki.biligame.com/images/rocom/6/6a/81qhw7nwi52la93w31dkqwhrzwgqiqw.png,https://wiki.biligame.com/rocom/%E7%8A%80%E8%A7%92%E9%B8%9F
NO.310,犀角鸟（异色）,Ⅰ阶,光,原始形态,原始形态,是,NO310_犀角鸟（异色）.png,/icons/NO310_%E7%8A%80%E8%A7%92%E9%B8%9F%EF%BC%88%E5%BC%82%E8%89%B2%EF%BC%89.png,https://patchwiki.biligame.com/images/rocom/6/6b/qhoteocua008yc028dmgellaoeakgjt.png,https://wiki.biligame.com/rocom/%E7%8A%80%E8%A7%92%E9%B8%9F
NO.311,光纤兽,Ⅱ阶,光,原始形态,原始形态,是,NO311_光纤兽.png,/icons/NO311_%E5%85%89%E7%BA%A4%E5%85%BD.png,https://patchwiki.biligame.com/images/rocom/5/54/b5avo6zna4cj4lvypoku4djknndvj61.png,https://wiki.biligame.com/rocom/%E5%85%89%E7%BA%A4%E5%85%BD
NO.311,光纤兽（异色）,Ⅱ阶,光,原始形态,原始形态,是,NO311_光纤兽（异色）.png,/icons/NO311_%E5%85%89%E7%BA%A4%E5%85%BD%EF%BC%88%E5%BC%82%E8%89%B2%EF%BC%89.png,https://patchwiki.biligame.com/images/rocom/9/94/chxqw17pwrzvqi3mvn6c2zssvmwh039.png,https://wiki.biligame.com/rocom/%E5%85%89%E7%BA%A4%E5%85%BD
NO.312,疾光千兽,最终形态,光,原始形态,原始形态,是,NO312_疾光千兽.png,/icons/NO312_%E7%96%BE%E5%85%89%E5%8D%83%E5%85%BD.png,https://patchwiki.biligame.com/images/rocom/b/ba/18st3mhvamod8xnva8rybnme9cgkc9b.png,https://wiki.biligame.com/rocom/%E7%96%BE%E5%85%89%E5%8D%83%E5%85%BD
NO.312,疾光千兽（异色）,最终形态,光,原始形态,原始形态,是,NO312_疾光千兽（异色）.png,/icons/NO312_%E7%96%BE%E5%85%89%E5%8D%83%E5%85%BD%EF%BC%88%E5%BC%82%E8%89%B2%EF%BC%89.png,https://patchwiki.biligame.com/images/rocom/1/11/j5stbkoyuovlj9ybmm1c0jua72l3d08.png,https://wiki.biligame.com/rocom/%E7%96%BE%E5%85%89%E5%8D%83%E5%85%BD
NO.313,果冻,Ⅰ阶,水,原始形态,原始形态,否,NO313_果冻.png,/icons/NO313_%E6%9E%9C%E5%86%BB.png,https://patchwiki.biligame.com/images/rocom/9/92/5pgbduguoappstj95ppzcb6rlxzs4f1.png,https://wiki.biligame.com/rocom/%E6%9E%9C%E5%86%BB
NO.314,抹茶布丁,最终形态,"水, 草",原始形态,原始形态,否,NO314_抹茶布丁.png,/icons/NO314_%E6%8A%B9%E8%8C%B6%E5%B8%83%E4%B8%81.png,https://patchwiki.biligame.com/images/rocom/f/fc/gjn312cevohkc3akvtme0l266a3txb1.png,https://wiki.biligame.com/rocom/%E6%8A%B9%E8%8C%B6%E5%B8%83%E4%B8%81
NO.315,椰浆布丁,最终形态,"水, 冰",原始形态,原始形态,否,NO315_椰浆布丁.png,/icons/NO315_%E6%A4%B0%E6%B5%86%E5%B8%83%E4%B8%81.png,https://patchwiki.biligame.com/images/rocom/8/82/m4mfzkpmvl06onmtxu9sqwrpwar1jix.png,https://wiki.biligame.com/rocom/%E6%A4%B0%E6%B5%86%E5%B8%83%E4%B8%81
NO.316,熔岩布丁,最终形态,"水, 火",原始形态,原始形态,否,NO316_熔岩布丁.png,/icons/NO316_%E7%86%94%E5%B2%A9%E5%B8%83%E4%B8%81.png,https://patchwiki.biligame.com/images/rocom/0/0c/fak6xe7fad7bxuiybj40jzr2mc5yueq.png,https://wiki.biligame.com/rocom/%E7%86%94%E5%B2%A9%E5%B8%83%E4%B8%81
NO.317,星尘虫,Ⅰ阶,虫,原始形态,原始形态,否,NO317_星尘虫.png,/icons/NO317_%E6%98%9F%E5%B0%98%E8%99%AB.png,https://patchwiki.biligame.com/images/rocom/c/c9/fgbjyux6bdbk4uikkoew7jeicbzy47t.png,https://wiki.biligame.com/rocom/%E6%98%9F%E5%B0%98%E8%99%AB
NO.318,落星虫,Ⅱ阶,虫,原始形态,原始形态,否,NO318_落星虫.png,/icons/NO318_%E8%90%BD%E6%98%9F%E8%99%AB.png,https://patchwiki.biligame.com/images/rocom/b/bc/9sbdp37at6vf4v8hbcogrr1o9jmt62g.png,https://wiki.biligame.com/rocom/%E8%90%BD%E6%98%9F%E8%99%AB
NO.319,陨星虫,最终形态,虫,原始形态,原始形态,否,NO319_陨星虫.png,/icons/NO319_%E9%99%A8%E6%98%9F%E8%99%AB.png,https://patchwiki.biligame.com/images/rocom/8/8c/1ud7vz18esinw6e6am7k6pw2wpmiaw5.png,https://wiki.biligame.com/rocom/%E9%99%A8%E6%98%9F%E8%99%AB
NO.320,双灯鱼,Ⅰ阶,"水, 电",原始形态,原始形态,是,NO320_双灯鱼.png,/icons/NO320_%E5%8F%8C%E7%81%AF%E9%B1%BC.png,https://patchwiki.biligame.com/images/rocom/3/36/5i3mvo96bopno2o7f5h1bz7oz4hpkyq.png,https://wiki.biligame.com/rocom/%E5%8F%8C%E7%81%AF%E9%B1%BC
NO.320,双灯鱼（异色）,Ⅰ阶,"水, 电",原始形态,原始形态,是,NO320_双灯鱼（异色）.png,/icons/NO320_%E5%8F%8C%E7%81%AF%E9%B1%BC%EF%BC%88%E5%BC%82%E8%89%B2%EF%BC%89.png,https://patchwiki.biligame.com/images/rocom/6/69/ly49frxrzqzfhq55b0xi2id95pmpqyx.png,https://wiki.biligame.com/rocom/%E5%8F%8C%E7%81%AF%E9%B1%BC
NO.321,利灯鱼,最终形态,"水, 电",原始形态,原始形态,是,NO321_利灯鱼.png,/icons/NO321_%E5%88%A9%E7%81%AF%E9%B1%BC.png,https://patchwiki.biligame.com/images/rocom/f/f0/q3g76bthejmlv9o6phrchq0cpdlfzhy.png,https://wiki.biligame.com/rocom/%E5%88%A9%E7%81%AF%E9%B1%BC
NO.321,利灯鱼（异色）,最终形态,"水, 电",原始形态,原始形态,是,NO321_利灯鱼（异色）.png,/icons/NO321_%E5%88%A9%E7%81%AF%E9%B1%BC%EF%BC%88%E5%BC%82%E8%89%B2%EF%BC%89.png,https://patchwiki.biligame.com/images/rocom/2/21/rgd2axhi4ehoa0u962goi1zir48sffs.png,https://wiki.biligame.com/rocom/%E5%88%A9%E7%81%AF%E9%B1%BC
NO.322,月牙雪熊,最终形态,"冰, 幻",原始形态,原始形态,是,NO322_月牙雪熊.png,/icons/NO322_%E6%9C%88%E7%89%99%E9%9B%AA%E7%86%8A.png,https://patchwiki.biligame.com/images/rocom/5/5d/0cskl2u4wneivk2icntkrcaiwuwv4yq.png,https://wiki.biligame.com/rocom/%E6%9C%88%E7%89%99%E9%9B%AA%E7%86%8A
NO.322,月牙雪熊（异色）,最终形态,"冰, 幻",原始形态,原始形态,是,NO322_月牙雪熊（异色）.png,/icons/NO322_%E6%9C%88%E7%89%99%E9%9B%AA%E7%86%8A%EF%BC%88%E5%BC%82%E8%89%B2%EF%BC%89.png,https://patchwiki.biligame.com/images/rocom/2/25/2pmvd14ewtepuer9r87g9t7lbfd2v31.png,https://wiki.biligame.com/rocom/%E6%9C%88%E7%89%99%E9%9B%AA%E7%86%8A
NO.323,嗜光嗡嗡,Ⅰ阶,"恶, 光",原始形态,原始形态,是,NO323_嗜光嗡嗡.png,/icons/NO323_%E5%97%9C%E5%85%89%E5%97%A1%E5%97%A1.png,https://patchwiki.biligame.com/images/rocom/6/6c/83k9t4acg7s1haeupl1wxml4pipklpa.png,https://wiki.biligame.com/rocom/%E5%97%9C%E5%85%89%E5%97%A1%E5%97%A1
NO.323,嗜光嗡嗡（异色）,Ⅰ阶,"恶, 光",原始形态,原始形态,是,NO323_嗜光嗡嗡（异色）.png,/icons/NO323_%E5%97%9C%E5%85%89%E5%97%A1%E5%97%A1%EF%BC%88%E5%BC%82%E8%89%B2%EF%BC%89.png,https://patchwiki.biligame.com/images/rocom/2/24/ht2nv9n94zx5o39sv3n7vyvij40u1qe.png,https://wiki.biligame.com/rocom/%E5%97%9C%E5%85%89%E5%97%A1%E5%97%A1
NO.324,窃光蚊,最终形态,"恶, 光",原始形态,原始形态,是,NO324_窃光蚊.png,/icons/NO324_%E7%AA%83%E5%85%89%E8%9A%8A.png,https://patchwiki.biligame.com/images/rocom/e/ee/9ftuu9x2yo8twq5h8lthgnelas283kg.png,https://wiki.biligame.com/rocom/%E7%AA%83%E5%85%89%E8%9A%8A
NO.324,窃光蚊（异色）,最终形态,"恶, 光",原始形态,原始形态,是,NO324_窃光蚊（异色）.png,/icons/NO324_%E7%AA%83%E5%85%89%E8%9A%8A%EF%BC%88%E5%BC%82%E8%89%B2%EF%BC%89.png,https://patchwiki.biligame.com/images/rocom/8/85/9ig4qqyybrjarfg75qtsd3ehj4sk1kc.png,https://wiki.biligame.com/rocom/%E7%AA%83%E5%85%89%E8%9A%8A
NO.325,柴渣虫,Ⅰ阶,"火, 草",原始形态,原始形态,是,NO325_柴渣虫.png,/icons/NO325_%E6%9F%B4%E6%B8%A3%E8%99%AB.png,https://patchwiki.biligame.com/images/rocom/a/a3/t3ec092gh9ocd64wuqjewlf56yjvxhg.png,https://wiki.biligame.com/rocom/%E6%9F%B4%E6%B8%A3%E8%99%AB
NO.325,柴渣虫（异色）,Ⅰ阶,"火, 草",原始形态,原始形态,是,NO325_柴渣虫（异色）.png,/icons/NO325_%E6%9F%B4%E6%B8%A3%E8%99%AB%EF%BC%88%E5%BC%82%E8%89%B2%EF%BC%89.png,https://patchwiki.biligame.com/images/rocom/a/a1/bduy5j6sx1r58lia83vsj0hp26fsz9k.png,https://wiki.biligame.com/rocom/%E6%9F%B4%E6%B8%A3%E8%99%AB
NO.326,燃薪虫,最终形态,"火, 草",原始形态,原始形态,是,NO326_燃薪虫.png,/icons/NO326_%E7%87%83%E8%96%AA%E8%99%AB.png,https://patchwiki.biligame.com/images/rocom/8/88/h3usttwjdsh4q3vn5t2st0g24nlv4go.png,https://wiki.biligame.com/rocom/%E7%87%83%E8%96%AA%E8%99%AB
NO.326,燃薪虫（异色）,最终形态,"火, 草",原始形态,原始形态,是,NO326_燃薪虫（异色）.png,/icons/NO326_%E7%87%83%E8%96%AA%E8%99%AB%EF%BC%88%E5%BC%82%E8%89%B2%EF%BC%89.png,https://patchwiki.biligame.com/images/rocom/7/70/5gtw6kq6lpxq9uorw3vh4syo5h87fpl.png,https://wiki.biligame.com/rocom/%E7%87%83%E8%96%AA%E8%99%AB
NO.327,空空颅,Ⅰ阶,幽,原始形态,原始形态,是,NO327_空空颅.png,/icons/NO327_%E7%A9%BA%E7%A9%BA%E9%A2%85.png,https://patchwiki.biligame.com/images/rocom/4/41/kypxrmm8mobwqs3oseltznss9iqhrh2.png,https://wiki.biligame.com/rocom/%E7%A9%BA%E7%A9%BA%E9%A2%85
NO.327,空空颅（异色）,Ⅰ阶,幽,原始形态,原始形态,是,NO327_空空颅（异色）.png,/icons/NO327_%E7%A9%BA%E7%A9%BA%E9%A2%85%EF%BC%88%E5%BC%82%E8%89%B2%EF%BC%89.png,https://patchwiki.biligame.com/images/rocom/5/5f/5es08nr5c7a7s7lc76uskh60x2ge8ji.png,https://wiki.biligame.com/rocom/%E7%A9%BA%E7%A9%BA%E9%A2%85
NO.328,夜宿颅,Ⅱ阶,幽,原始形态,原始形态,是,NO328_夜宿颅.png,/icons/NO328_%E5%A4%9C%E5%AE%BF%E9%A2%85.png,https://patchwiki.biligame.com/images/rocom/a/a3/2ux5x3y3ukdzjtodlmvrt4nhmh9uycb.png,https://wiki.biligame.com/rocom/%E5%A4%9C%E5%AE%BF%E9%A2%85
NO.328,夜宿颅（异色）,Ⅱ阶,幽,原始形态,原始形态,是,NO328_夜宿颅（异色）.png,/icons/NO328_%E5%A4%9C%E5%AE%BF%E9%A2%85%EF%BC%88%E5%BC%82%E8%89%B2%EF%BC%89.png,https://patchwiki.biligame.com/images/rocom/b/b3/8x33mj4ua6wf3xs81055mmjw10rxtcv.png,https://wiki.biligame.com/rocom/%E5%A4%9C%E5%AE%BF%E9%A2%85
NO.329,夜枭,最终形态,幽,原始形态,原始形态,是,NO329_夜枭.png,/icons/NO329_%E5%A4%9C%E6%9E%AD.png,https://patchwiki.biligame.com/images/rocom/6/63/ff8hybk5g0efhfnva9476qaovcmdl2i.png,https://wiki.biligame.com/rocom/%E5%A4%9C%E6%9E%AD
NO.329,夜枭（异色）,最终形态,幽,原始形态,原始形态,是,NO329_夜枭（异色）.png,/icons/NO329_%E5%A4%9C%E6%9E%AD%EF%BC%88%E5%BC%82%E8%89%B2%EF%BC%89.png,https://patchwiki.biligame.com/images/rocom/3/32/lonl2w0yolffs34iwh5gxtqjqgq7ukm.png,https://wiki.biligame.com/rocom/%E5%A4%9C%E6%9E%AD
NO.330,粉粉星,Ⅰ阶,"电, 幻",原始形态,原始形态,是,NO330_粉粉星.png,/icons/NO330_%E7%B2%89%E7%B2%89%E6%98%9F.png,https://patchwiki.biligame.com/images/rocom/c/ca/gpnuspztb84l9jwwp1mh4up4ihxw3p2.png,https://wiki.biligame.com/rocom/%E7%B2%89%E7%B2%89%E6%98%9F
NO.330,粉粉星（异色）,Ⅰ阶,"电, 幻",原始形态,原始形态,是,NO330_粉粉星（异色）.png,/icons/NO330_%E7%B2%89%E7%B2%89%E6%98%9F%EF%BC%88%E5%BC%82%E8%89%B2%EF%BC%89.png,https://patchwiki.biligame.com/images/rocom/7/7c/q4503u0inq9mda3nyre0h1f8nbo9sbc.png,https://wiki.biligame.com/rocom/%E7%B2%89%E7%B2%89%E6%98%9F
NO.331,小皮球,最终形态,"电, 幻",原始形态,原始形态,是,NO331_小皮球.png,/icons/NO331_%E5%B0%8F%E7%9A%AE%E7%90%83.png,https://patchwiki.biligame.com/images/rocom/1/11/coplggyd0xwtvzzkw5d1say369yg1oy.png,https://wiki.biligame.com/rocom/%E5%B0%8F%E7%9A%AE%E7%90%83
NO.331,小皮球（异色）,最终形态,"电, 幻",原始形态,原始形态,是,NO331_小皮球（异色）.png,/icons/NO331_%E5%B0%8F%E7%9A%AE%E7%90%83%EF%BC%88%E5%BC%82%E8%89%B2%EF%BC%89.png,https://patchwiki.biligame.com/images/rocom/2/23/bmkkjpeacnqrk7aq7huu369aa5zr6fj.png,https://wiki.biligame.com/rocom/%E5%B0%8F%E7%9A%AE%E7%90%83
NO.332,贝瑟,Ⅰ阶,"机械, 火",原始形态,原始形态,是,NO332_贝瑟.png,/icons/NO332_%E8%B4%9D%E7%91%9F.png,https://patchwiki.biligame.com/images/rocom/d/d1/7c8xj95wzoxszdwytae10y9cfjdevim.png,https://wiki.biligame.com/rocom/%E8%B4%9D%E7%91%9F
NO.332,贝瑟（异色）,Ⅰ阶,"机械, 火",原始形态,原始形态,是,NO332_贝瑟（异色）.png,/icons/NO332_%E8%B4%9D%E7%91%9F%EF%BC%88%E5%BC%82%E8%89%B2%EF%BC%89.png,https://patchwiki.biligame.com/images/rocom/e/e5/sm12wdzoeg0c6vbpxaezg23c2wzypjs.png,https://wiki.biligame.com/rocom/%E8%B4%9D%E7%91%9F
NO.333,贝加尔,Ⅱ阶,"机械, 火",原始形态,原始形态,是,NO333_贝加尔.png,/icons/NO333_%E8%B4%9D%E5%8A%A0%E5%B0%94.png,https://patchwiki.biligame.com/images/rocom/7/7c/eg9mxls8ykwv3cjpust4s74tk4d4o1z.png,https://wiki.biligame.com/rocom/%E8%B4%9D%E5%8A%A0%E5%B0%94
NO.333,贝加尔（异色）,Ⅱ阶,"机械, 火",原始形态,原始形态,是,NO333_贝加尔（异色）.png,/icons/NO333_%E8%B4%9D%E5%8A%A0%E5%B0%94%EF%BC%88%E5%BC%82%E8%89%B2%EF%BC%89.png,https://patchwiki.biligame.com/images/rocom/d/dd/2hu5xjexrssda3lq8wvxqox00rj6if5.png,https://wiki.biligame.com/rocom/%E8%B4%9D%E5%8A%A0%E5%B0%94
NO.334,贝古斯,最终形态,"机械, 火",原始形态,原始形态,是,NO334_贝古斯.png,/icons/NO334_%E8%B4%9D%E5%8F%A4%E6%96%AF.png,https://patchwiki.biligame.com/images/rocom/0/0d/8cvnsom0kdicxcvjnut1lewivnuxgr2.png,https://wiki.biligame.com/rocom/%E8%B4%9D%E5%8F%A4%E6%96%AF
NO.334,贝古斯（异色）,最终形态,"机械, 火",原始形态,原始形态,是,NO334_贝古斯（异色）.png,/icons/NO334_%E8%B4%9D%E5%8F%A4%E6%96%AF%EF%BC%88%E5%BC%82%E8%89%B2%EF%BC%89.png,https://patchwiki.biligame.com/images/rocom/4/4b/bb16l3qu9p7d7is535keku5y4ucg2gf.png,https://wiki.biligame.com/rocom/%E8%B4%9D%E5%8F%A4%E6%96%AF
NO.335,粉星仔,Ⅰ阶,幻,原始形态,原始形态,是,NO335_粉星仔.png,/icons/NO335_%E7%B2%89%E6%98%9F%E4%BB%94.png,https://patchwiki.biligame.com/images/rocom/6/68/taalud8zowwtufk65ucpbes8xqsminq.png,https://wiki.biligame.com/rocom/%E7%B2%89%E6%98%9F%E4%BB%94
NO.335,粉星仔（异色）,Ⅰ阶,幻,原始形态,原始形态,是,NO335_粉星仔（异色）.png,/icons/NO335_%E7%B2%89%E6%98%9F%E4%BB%94%EF%BC%88%E5%BC%82%E8%89%B2%EF%BC%89.png,https://patchwiki.biligame.com/images/rocom/2/22/kavseak3ahmcr2k49899sayw6ro7ype.png,https://wiki.biligame.com/rocom/%E7%B2%89%E6%98%9F%E4%BB%94
NO.336,粉耳星兔,最终形态,幻,原始形态,原始形态,是,NO336_粉耳星兔.png,/icons/NO336_%E7%B2%89%E8%80%B3%E6%98%9F%E5%85%94.png,https://patchwiki.biligame.com/images/rocom/1/12/dfrmcjhoft7x9ne5xiint27n3ustjzx.png,https://wiki.biligame.com/rocom/%E7%B2%89%E8%80%B3%E6%98%9F%E5%85%94
NO.336,粉耳星兔（异色）,最终形态,幻,原始形态,原始形态,是,NO336_粉耳星兔（异色）.png,/icons/NO336_%E7%B2%89%E8%80%B3%E6%98%9F%E5%85%94%EF%BC%88%E5%BC%82%E8%89%B2%EF%BC%89.png,https://patchwiki.biligame.com/images/rocom/3/31/6k9hvh0m5rdvbgleimeptf3xj8we5cg.png,https://wiki.biligame.com/rocom/%E7%B2%89%E8%80%B3%E6%98%9F%E5%85%94
NO.337,落陨星兔,最终形态,"幻, 幽",原始形态,原始形态,是,NO337_落陨星兔.png,/icons/NO337_%E8%90%BD%E9%99%A8%E6%98%9F%E5%85%94.png,https://patchwiki.biligame.com/images/rocom/8/86/jeo10wvmxho14u7cdmib8272dqfuzpr.png,https://wiki.biligame.com/rocom/%E8%90%BD%E9%99%A8%E6%98%9F%E5%85%94
NO.337,落陨星兔（异色）,最终形态,"幻, 幽",原始形态,原始形态,是,NO337_落陨星兔（异色）.png,/icons/NO337_%E8%90%BD%E9%99%A8%E6%98%9F%E5%85%94%EF%BC%88%E5%BC%82%E8%89%B2%EF%BC%89.png,https://patchwiki.biligame.com/images/rocom/d/d0/nmyyzhqjwzlpk57arau048cc5amx1ly.png,https://wiki.biligame.com/rocom/%E8%90%BD%E9%99%A8%E6%98%9F%E5%85%94
NO.338,布瓜蝌,Ⅰ阶,幻,原始形态,原始形态,否,NO338_布瓜蝌.png,/icons/NO338_%E5%B8%83%E7%93%9C%E8%9D%8C.png,https://patchwiki.biligame.com/images/rocom/1/1f/cf0waszkpt8lgc5625l1bv71wgbxlrm.png,https://wiki.biligame.com/rocom/%E5%B8%83%E7%93%9C%E8%9D%8C
NO.339,上岸蛙,最终形态,幻,原始形态,原始形态,否,NO339_上岸蛙.png,/icons/NO339_%E4%B8%8A%E5%B2%B8%E8%9B%99.png,https://patchwiki.biligame.com/images/rocom/c/ca/n3bvy3z45vn9j7w9cmmvceao752e7e3.png,https://wiki.biligame.com/rocom/%E4%B8%8A%E5%B2%B8%E8%9B%99
NO.340,火红尾,Ⅰ阶,火,原始形态,原始形态,是,NO340_火红尾.png,/icons/NO340_%E7%81%AB%E7%BA%A2%E5%B0%BE.png,https://patchwiki.biligame.com/images/rocom/0/00/gknyb1qbbno2vnvcvyb4p9a0o9y1owp.png,https://wiki.biligame.com/rocom/%E7%81%AB%E7%BA%A2%E5%B0%BE
NO.340,火红尾（异色）,Ⅰ阶,火,原始形态,原始形态,是,NO340_火红尾（异色）.png,/icons/NO340_%E7%81%AB%E7%BA%A2%E5%B0%BE%EF%BC%88%E5%BC%82%E8%89%B2%EF%BC%89.png,https://patchwiki.biligame.com/images/rocom/f/f4/5h388zx35ucy5xhyt9gunoqhjygggrx.png,https://wiki.biligame.com/rocom/%E7%81%AB%E7%BA%A2%E5%B0%BE
NO.341,雅丹鬃,最终形态,火,原始形态,原始形态,是,NO341_雅丹鬃.png,/icons/NO341_%E9%9B%85%E4%B8%B9%E9%AC%83.png,https://patchwiki.biligame.com/images/rocom/c/c2/1qy2ib6i9lr8p6c9gh8mfuo0df9a1tb.png,https://wiki.biligame.com/rocom/%E9%9B%85%E4%B8%B9%E9%AC%83
NO.341,雅丹鬃（异色）,最终形态,火,原始形态,原始形态,是,NO341_雅丹鬃（异色）.png,/icons/NO341_%E9%9B%85%E4%B8%B9%E9%AC%83%EF%BC%88%E5%BC%82%E8%89%B2%EF%BC%89.png,https://patchwiki.biligame.com/images/rocom/0/09/qmptqwmkwk515cwfqit1nzvkkxg425r.png,https://wiki.biligame.com/rocom/%E9%9B%85%E4%B8%B9%E9%AC%83
NO.342,春团,Ⅰ阶,草,原始形态,原始形态,否,NO342_春团.png,/icons/NO342_%E6%98%A5%E5%9B%A2.png,https://patchwiki.biligame.com/images/rocom/4/4e/geoo47p9iq6pyh1xko113u2z8bqcz09.png,https://wiki.biligame.com/rocom/%E6%98%A5%E5%9B%A2
NO.343,春兔,Ⅱ阶,草,原始形态,原始形态,否,NO343_春兔.png,/icons/NO343_%E6%98%A5%E5%85%94.png,https://patchwiki.biligame.com/images/rocom/f/fd/a2plgbfeadz467zgcjlkgx1ivr27pf4.png,https://wiki.biligame.com/rocom/%E6%98%A5%E5%85%94
NO.344,春花兔,最终形态,草,原始形态,原始形态,否,NO344_春花兔.png,/icons/NO344_%E6%98%A5%E8%8A%B1%E5%85%94.png,https://patchwiki.biligame.com/images/rocom/5/5e/fnpiu6we7hyxqqa0bdca9kntxl6687m.png,https://wiki.biligame.com/rocom/%E6%98%A5%E8%8A%B1%E5%85%94
NO.345,幽星光,Ⅰ阶,幻,原始形态,原始形态,否,NO345_幽星光.png,/icons/NO345_%E5%B9%BD%E6%98%9F%E5%85%89.png,https://patchwiki.biligame.com/images/rocom/8/88/f8eryhmo33y1cnnw7vl63hn3khncqhe.png,https://wiki.biligame.com/rocom/%E5%B9%BD%E6%98%9F%E5%85%89
NO.346,曜星光,Ⅱ阶,"幻, 翼",原始形态,原始形态,否,NO346_曜星光.png,/icons/NO346_%E6%9B%9C%E6%98%9F%E5%85%89.png,https://patchwiki.biligame.com/images/rocom/3/3b/mnpjdnhn6lgvc6hz6ddu4dhvo1eepzm.png,https://wiki.biligame.com/rocom/%E6%9B%9C%E6%98%9F%E5%85%89
NO.347,暮星辰,最终形态,"幻, 翼",原始形态,原始形态,否,NO347_暮星辰.png,/icons/NO347_%E6%9A%AE%E6%98%9F%E8%BE%B0.png,https://patchwiki.biligame.com/images/rocom/8/87/t4odr9tclj4xhuivmm3c3l9vazzsk83.png,https://wiki.biligame.com/rocom/%E6%9A%AE%E6%98%9F%E8%BE%B0
NO.012,板板壳（蜕皮时的样子）,Ⅰ阶,水,地区形态,地区形态,否,NO012_板板壳（蜕皮时的样子）.png,/icons/NO012_%E6%9D%BF%E6%9D%BF%E5%A3%B3%EF%BC%88%E8%9C%95%E7%9A%AE%E6%97%B6%E7%9A%84%E6%A0%B7%E5%AD%90%EF%BC%89.png,https://patchwiki.biligame.com/images/rocom/0/0b/f6rfoq6jnttsb3wcb4h4aiu50ublut1.png,https://wiki.biligame.com/rocom/%E6%9D%BF%E6%9D%BF%E5%A3%B3%EF%BC%88%E8%9C%95%E7%9A%AE%E6%97%B6%E7%9A%84%E6%A0%B7%E5%AD%90%EF%BC%89
NO.013,咔咔壳（蜕皮时的样子）,Ⅱ阶,水,地区形态,地区形态,否,NO013_咔咔壳（蜕皮时的样子）.png,/icons/NO013_%E5%92%94%E5%92%94%E5%A3%B3%EF%BC%88%E8%9C%95%E7%9A%AE%E6%97%B6%E7%9A%84%E6%A0%B7%E5%AD%90%EF%BC%89.png,https://patchwiki.biligame.com/images/rocom/1/14/7wnrvevs8mkyphsmoz74w3nahkovtk9.png,https://wiki.biligame.com/rocom/%E5%92%94%E5%92%94%E5%A3%B3%EF%BC%88%E8%9C%95%E7%9A%AE%E6%97%B6%E7%9A%84%E6%A0%B7%E5%AD%90%EF%BC%89
NO.014,水泡壳（蜕皮时的样子）,最终形态,水,地区形态,地区形态,否,NO014_水泡壳（蜕皮时的样子）.png,/icons/NO014_%E6%B0%B4%E6%B3%A1%E5%A3%B3%EF%BC%88%E8%9C%95%E7%9A%AE%E6%97%B6%E7%9A%84%E6%A0%B7%E5%AD%90%EF%BC%89.png,https://patchwiki.biligame.com/images/rocom/3/3b/q3czw9wpfsxp68fq5lf32fqcl7jxynl.png,https://wiki.biligame.com/rocom/%E6%B0%B4%E6%B3%A1%E5%A3%B3%EF%BC%88%E8%9C%95%E7%9A%AE%E6%97%B6%E7%9A%84%E6%A0%B7%E5%AD%90%EF%BC%89
NO.018,雪绒鸟（春天的样子）,Ⅰ阶,翼,地区形态,地区形态,否,NO018_雪绒鸟（春天的样子）.png,/icons/NO018_%E9%9B%AA%E7%BB%92%E9%B8%9F%EF%BC%88%E6%98%A5%E5%A4%A9%E7%9A%84%E6%A0%B7%E5%AD%90%EF%BC%89.png,https://patchwiki.biligame.com/images/rocom/4/49/0cf1n3w3u7u2s4tscjcyrybihteudot.png,https://wiki.biligame.com/rocom/%E9%9B%AA%E7%BB%92%E9%B8%9F%EF%BC%88%E6%98%A5%E5%A4%A9%E7%9A%84%E6%A0%B7%E5%AD%90%EF%BC%89
NO.018,雪绒鸟（夏天的样子）,Ⅰ阶,翼,地区形态,地区形态,否,NO018_雪绒鸟（夏天的样子）.png,/icons/NO018_%E9%9B%AA%E7%BB%92%E9%B8%9F%EF%BC%88%E5%A4%8F%E5%A4%A9%E7%9A%84%E6%A0%B7%E5%AD%90%EF%BC%89.png,https://patchwiki.biligame.com/images/rocom/c/cb/2za5mbxfw4ix6fwzeq541zscqathivh.png,https://wiki.biligame.com/rocom/%E9%9B%AA%E7%BB%92%E9%B8%9F%EF%BC%88%E5%A4%8F%E5%A4%A9%E7%9A%84%E6%A0%B7%E5%AD%90%EF%BC%89
NO.018,雪绒鸟（秋天的样子）,Ⅰ阶,翼,地区形态,地区形态,否,NO018_雪绒鸟（秋天的样子）.png,/icons/NO018_%E9%9B%AA%E7%BB%92%E9%B8%9F%EF%BC%88%E7%A7%8B%E5%A4%A9%E7%9A%84%E6%A0%B7%E5%AD%90%EF%BC%89.png,https://patchwiki.biligame.com/images/rocom/8/83/p8qv6jiitsz1yuiqm99r5t7tsy14248.png,https://wiki.biligame.com/rocom/%E9%9B%AA%E7%BB%92%E9%B8%9F%EF%BC%88%E7%A7%8B%E5%A4%A9%E7%9A%84%E6%A0%B7%E5%AD%90%EF%BC%89
NO.019,冬羽雀（春天的样子）,Ⅱ阶,翼,地区形态,地区形态,否,NO019_冬羽雀（春天的样子）.png,/icons/NO019_%E5%86%AC%E7%BE%BD%E9%9B%80%EF%BC%88%E6%98%A5%E5%A4%A9%E7%9A%84%E6%A0%B7%E5%AD%90%EF%BC%89.png,https://patchwiki.biligame.com/images/rocom/c/c6/afxxd61vfdof1j2qhqt6wqhqri3bc65.png,https://wiki.biligame.com/rocom/%E5%86%AC%E7%BE%BD%E9%9B%80%EF%BC%88%E6%98%A5%E5%A4%A9%E7%9A%84%E6%A0%B7%E5%AD%90%EF%BC%89
NO.019,冬羽雀（夏天的样子）,Ⅱ阶,翼,地区形态,地区形态,否,NO019_冬羽雀（夏天的样子）.png,/icons/NO019_%E5%86%AC%E7%BE%BD%E9%9B%80%EF%BC%88%E5%A4%8F%E5%A4%A9%E7%9A%84%E6%A0%B7%E5%AD%90%EF%BC%89.png,https://patchwiki.biligame.com/images/rocom/3/31/3baz2hoo3jex6uemnb28s6ixv7jly0t.png,https://wiki.biligame.com/rocom/%E5%86%AC%E7%BE%BD%E9%9B%80%EF%BC%88%E5%A4%8F%E5%A4%A9%E7%9A%84%E6%A0%B7%E5%AD%90%EF%BC%89
NO.019,冬羽雀（秋天的样子）,Ⅱ阶,翼,地区形态,地区形态,否,NO019_冬羽雀（秋天的样子）.png,/icons/NO019_%E5%86%AC%E7%BE%BD%E9%9B%80%EF%BC%88%E7%A7%8B%E5%A4%A9%E7%9A%84%E6%A0%B7%E5%AD%90%EF%BC%89.png,https://patchwiki.biligame.com/images/rocom/d/d9/m67xz7bn1281f9do31ku5mfoz1azsy3.png,https://wiki.biligame.com/rocom/%E5%86%AC%E7%BE%BD%E9%9B%80%EF%BC%88%E7%A7%8B%E5%A4%A9%E7%9A%84%E6%A0%B7%E5%AD%90%EF%BC%89
NO.020,岚鸟（春天的样子）,最终形态,翼,地区形态,地区形态,否,NO020_岚鸟（春天的样子）.png,/icons/NO020_%E5%B2%9A%E9%B8%9F%EF%BC%88%E6%98%A5%E5%A4%A9%E7%9A%84%E6%A0%B7%E5%AD%90%EF%BC%89.png,https://patchwiki.biligame.com/images/rocom/8/8c/ddrlezesktm4eccjnz2289nvce5n7g3.png,https://wiki.biligame.com/rocom/%E5%B2%9A%E9%B8%9F%EF%BC%88%E6%98%A5%E5%A4%A9%E7%9A%84%E6%A0%B7%E5%AD%90%EF%BC%89
NO.020,岚鸟（夏天的样子）,最终形态,翼,地区形态,地区形态,否,NO020_岚鸟（夏天的样子）.png,/icons/NO020_%E5%B2%9A%E9%B8%9F%EF%BC%88%E5%A4%8F%E5%A4%A9%E7%9A%84%E6%A0%B7%E5%AD%90%EF%BC%89.png,https://patchwiki.biligame.com/images/rocom/7/7b/aqr0u8eiajno6zwl4j8o3nmi9z6vmyv.png,https://wiki.biligame.com/rocom/%E5%B2%9A%E9%B8%9F%EF%BC%88%E5%A4%8F%E5%A4%A9%E7%9A%84%E6%A0%B7%E5%AD%90%EF%BC%89
NO.020,岚鸟（秋天的样子）,最终形态,翼,地区形态,地区形态,否,NO020_岚鸟（秋天的样子）.png,/icons/NO020_%E5%B2%9A%E9%B8%9F%EF%BC%88%E7%A7%8B%E5%A4%A9%E7%9A%84%E6%A0%B7%E5%AD%90%EF%BC%89.png,https://patchwiki.biligame.com/images/rocom/a/a1/gyd3tqovbtxam8gyra1wony6whttkv9.png,https://wiki.biligame.com/rocom/%E5%B2%9A%E9%B8%9F%EF%BC%88%E7%A7%8B%E5%A4%A9%E7%9A%84%E6%A0%B7%E5%AD%90%EF%BC%89
NO.024,石肤蜥（球球尾巴的样子）,Ⅰ阶,地,地区形态,地区形态,否,NO024_石肤蜥（球球尾巴的样子）.png,/icons/NO024_%E7%9F%B3%E8%82%A4%E8%9C%A5%EF%BC%88%E7%90%83%E7%90%83%E5%B0%BE%E5%B7%B4%E7%9A%84%E6%A0%B7%E5%AD%90%EF%BC%89.png,https://patchwiki.biligame.com/images/rocom/0/0d/26e4sxceqbbtj6jaa03zttips3weal4.png,https://wiki.biligame.com/rocom/%E7%9F%B3%E8%82%A4%E8%9C%A5%EF%BC%88%E7%90%83%E7%90%83%E5%B0%BE%E5%B7%B4%E7%9A%84%E6%A0%B7%E5%AD%90%EF%BC%89
NO.025,石刺蜥（球球尾巴的样子）,Ⅱ阶,地,地区形态,地区形态,否,NO025_石刺蜥（球球尾巴的样子）.png,/icons/NO025_%E7%9F%B3%E5%88%BA%E8%9C%A5%EF%BC%88%E7%90%83%E7%90%83%E5%B0%BE%E5%B7%B4%E7%9A%84%E6%A0%B7%E5%AD%90%EF%BC%89.png,https://patchwiki.biligame.com/images/rocom/8/87/cnrop13tuprzaltkldd3817f9gfjw28.png,https://wiki.biligame.com/rocom/%E7%9F%B3%E5%88%BA%E8%9C%A5%EF%BC%88%E7%90%83%E7%90%83%E5%B0%BE%E5%B7%B4%E7%9A%84%E6%A0%B7%E5%AD%90%EF%BC%89
NO.026,石冠王蜥（球球尾巴的样子）,最终形态,地,地区形态,地区形态,否,NO026_石冠王蜥（球球尾巴的样子）.png,/icons/NO026_%E7%9F%B3%E5%86%A0%E7%8E%8B%E8%9C%A5%EF%BC%88%E7%90%83%E7%90%83%E5%B0%BE%E5%B7%B4%E7%9A%84%E6%A0%B7%E5%AD%90%EF%BC%89.png,https://patchwiki.biligame.com/images/rocom/9/9b/exwxjbz0qds6dvsq8d7jj46q9sdmyux.png,https://wiki.biligame.com/rocom/%E7%9F%B3%E5%86%A0%E7%8E%8B%E8%9C%A5%EF%BC%88%E7%90%83%E7%90%83%E5%B0%BE%E5%B7%B4%E7%9A%84%E6%A0%B7%E5%AD%90%EF%BC%89
NO.034,化蝶（幽冥眼的样子）,最终形态,"虫, 萌",地区形态,地区形态,否,NO034_化蝶（幽冥眼的样子）.png,/icons/NO034_%E5%8C%96%E8%9D%B6%EF%BC%88%E5%B9%BD%E5%86%A5%E7%9C%BC%E7%9A%84%E6%A0%B7%E5%AD%90%EF%BC%89.png,https://patchwiki.biligame.com/images/rocom/3/37/dquw6g29yuypnwprhvouq6yue9fkvw2.png,https://wiki.biligame.com/rocom/%E5%8C%96%E8%9D%B6%EF%BC%88%E5%B9%BD%E5%86%A5%E7%9C%BC%E7%9A%84%E6%A0%B7%E5%AD%90%EF%BC%89
NO.034,化蝶（喵喵的样子）,最终形态,"虫, 萌",地区形态,地区形态,否,NO034_化蝶（喵喵的样子）.png,/icons/NO034_%E5%8C%96%E8%9D%B6%EF%BC%88%E5%96%B5%E5%96%B5%E7%9A%84%E6%A0%B7%E5%AD%90%EF%BC%89.png,https://patchwiki.biligame.com/images/rocom/b/bc/akfg87vt0fsk5792mxpn079onvax2bw.png,https://wiki.biligame.com/rocom/%E5%8C%96%E8%9D%B6%EF%BC%88%E5%96%B5%E5%96%B5%E7%9A%84%E6%A0%B7%E5%AD%90%EF%BC%89
NO.034,化蝶（奇丽花的样子）,最终形态,"虫, 萌",地区形态,地区形态,否,NO034_化蝶（奇丽花的样子）.png,/icons/NO034_%E5%8C%96%E8%9D%B6%EF%BC%88%E5%A5%87%E4%B8%BD%E8%8A%B1%E7%9A%84%E6%A0%B7%E5%AD%90%EF%BC%89.png,https://patchwiki.biligame.com/images/rocom/0/01/i102dqlqoqyiv1hoappms4prudfnx7i.png,https://wiki.biligame.com/rocom/%E5%8C%96%E8%9D%B6%EF%BC%88%E5%A5%87%E4%B8%BD%E8%8A%B1%E7%9A%84%E6%A0%B7%E5%AD%90%EF%BC%89
NO.040,晶石蜗（莲花刚玉的样子）,最终形态,"光, 地",地区形态,地区形态,否,NO040_晶石蜗（莲花刚玉的样子）.png,/icons/NO040_%E6%99%B6%E7%9F%B3%E8%9C%97%EF%BC%88%E8%8E%B2%E8%8A%B1%E5%88%9A%E7%8E%89%E7%9A%84%E6%A0%B7%E5%AD%90%EF%BC%89.png,https://patchwiki.biligame.com/images/rocom/3/34/hsgpczmg6133ymnyo8el4g4nylfmhrx.png,https://wiki.biligame.com/rocom/%E6%99%B6%E7%9F%B3%E8%9C%97%EF%BC%88%E8%8E%B2%E8%8A%B1%E5%88%9A%E7%8E%89%E7%9A%84%E6%A0%B7%E5%AD%90%EF%BC%89
NO.040,晶石蜗（星彩榴石的样子）,最终形态,"光, 地",地区形态,地区形态,否,NO040_晶石蜗（星彩榴石的样子）.png,/icons/NO040_%E6%99%B6%E7%9F%B3%E8%9C%97%EF%BC%88%E6%98%9F%E5%BD%A9%E6%A6%B4%E7%9F%B3%E7%9A%84%E6%A0%B7%E5%AD%90%EF%BC%89.png,https://patchwiki.biligame.com/images/rocom/f/f2/g2azc3v4bx59fpph1k35rctwlyp21ha.png,https://wiki.biligame.com/rocom/%E6%99%B6%E7%9F%B3%E8%9C%97%EF%BC%88%E6%98%9F%E5%BD%A9%E6%A6%B4%E7%9F%B3%E7%9A%84%E6%A0%B7%E5%AD%90%EF%BC%89
NO.040,晶石蜗（火山琉璃的样子）,最终形态,"光, 地",地区形态,地区形态,否,NO040_晶石蜗（火山琉璃的样子）.png,/icons/NO040_%E6%99%B6%E7%9F%B3%E8%9C%97%EF%BC%88%E7%81%AB%E5%B1%B1%E7%90%89%E7%92%83%E7%9A%84%E6%A0%B7%E5%AD%90%EF%BC%89.png,https://patchwiki.biligame.com/images/rocom/2/2c/ourzhfziethzzrj1p9oktg8dmrimyj2.png,https://wiki.biligame.com/rocom/%E6%99%B6%E7%9F%B3%E8%9C%97%EF%BC%88%E7%81%AB%E5%B1%B1%E7%90%89%E7%92%83%E7%9A%84%E6%A0%B7%E5%AD%90%EF%BC%89
NO.040,晶石蜗（蓝锥矿的样子）,最终形态,"光, 地",地区形态,地区形态,否,NO040_晶石蜗（蓝锥矿的样子）.png,/icons/NO040_%E6%99%B6%E7%9F%B3%E8%9C%97%EF%BC%88%E8%93%9D%E9%94%A5%E7%9F%BF%E7%9A%84%E6%A0%B7%E5%AD%90%EF%BC%89.png,https://patchwiki.biligame.com/images/rocom/c/cd/cyb7y777hcse9e1qe3qv9j11ed11s7i.png,https://wiki.biligame.com/rocom/%E6%99%B6%E7%9F%B3%E8%9C%97%EF%BC%88%E8%93%9D%E9%94%A5%E7%9F%BF%E7%9A%84%E6%A0%B7%E5%AD%90%EF%BC%89
NO.040,晶石蜗（烧蓝黄金的样子）,最终形态,"光, 地",地区形态,地区形态,否,NO040_晶石蜗（烧蓝黄金的样子）.png,/icons/NO040_%E6%99%B6%E7%9F%B3%E8%9C%97%EF%BC%88%E7%83%A7%E8%93%9D%E9%BB%84%E9%87%91%E7%9A%84%E6%A0%B7%E5%AD%90%EF%BC%89.png,https://patchwiki.biligame.com/images/rocom/5/57/3oyv4lut7bhzug4lyjvrgmswvs1tq3r.png,https://wiki.biligame.com/rocom/%E6%99%B6%E7%9F%B3%E8%9C%97%EF%BC%88%E7%83%A7%E8%93%9D%E9%BB%84%E9%87%91%E7%9A%84%E6%A0%B7%E5%AD%90%EF%BC%89
NO.044,丢丢（沙地附近的样子）,Ⅰ阶,"草, 地",地区形态,地区形态,否,NO044_丢丢（沙地附近的样子）.png,/icons/NO044_%E4%B8%A2%E4%B8%A2%EF%BC%88%E6%B2%99%E5%9C%B0%E9%99%84%E8%BF%91%E7%9A%84%E6%A0%B7%E5%AD%90%EF%BC%89.png,https://patchwiki.biligame.com/images/rocom/2/27/fpekmwg71361gsh3ihs6hhznq4al7hx.png,https://wiki.biligame.com/rocom/%E4%B8%A2%E4%B8%A2%EF%BC%88%E6%B2%99%E5%9C%B0%E9%99%84%E8%BF%91%E7%9A%84%E6%A0%B7%E5%AD%90%EF%BC%89
NO.044,丢丢（雪山附近的样子）,Ⅰ阶,"草, 冰",地区形态,地区形态,否,NO044_丢丢（雪山附近的样子）.png,/icons/NO044_%E4%B8%A2%E4%B8%A2%EF%BC%88%E9%9B%AA%E5%B1%B1%E9%99%84%E8%BF%91%E7%9A%84%E6%A0%B7%E5%AD%90%EF%BC%89.png,https://patchwiki.biligame.com/images/rocom/3/3d/pjkgffd8z2wbmfnt3fc31oriz8d6ze1.png,https://wiki.biligame.com/rocom/%E4%B8%A2%E4%B8%A2%EF%BC%88%E9%9B%AA%E5%B1%B1%E9%99%84%E8%BF%91%E7%9A%84%E6%A0%B7%E5%AD%90%EF%BC%89
NO.044,丢丢（火山附近的样子）,Ⅰ阶,"草, 火",地区形态,地区形态,,NO044_丢丢（火山附近的样子）.png,/icons/NO044_%E4%B8%A2%E4%B8%A2%EF%BC%88%E7%81%AB%E5%B1%B1%E9%99%84%E8%BF%91%E7%9A%84%E6%A0%B7%E5%AD%90%EF%BC%89.png,https://patchwiki.biligame.com/images/rocom/0/0b/ruciu7ybhb244ff3iz2ukedib2ux4h0.png,https://wiki.biligame.com/rocom/%E4%B8%A2%E4%B8%A2%EF%BC%88%E7%81%AB%E5%B1%B1%E9%99%84%E8%BF%91%E7%9A%84%E6%A0%B7%E5%AD%90%EF%BC%89
NO.045,卡卡虫（沙地附近的样子）,Ⅱ阶,"草, 地",地区形态,地区形态,否,NO045_卡卡虫（沙地附近的样子）.png,/icons/NO045_%E5%8D%A1%E5%8D%A1%E8%99%AB%EF%BC%88%E6%B2%99%E5%9C%B0%E9%99%84%E8%BF%91%E7%9A%84%E6%A0%B7%E5%AD%90%EF%BC%89.png,https://patchwiki.biligame.com/images/rocom/4/4a/rrw2t6m6qe6bc7a8lhw6ob1wt4rtgmt.png,https://wiki.biligame.com/rocom/%E5%8D%A1%E5%8D%A1%E8%99%AB%EF%BC%88%E6%B2%99%E5%9C%B0%E9%99%84%E8%BF%91%E7%9A%84%E6%A0%B7%E5%AD%90%EF%BC%89
NO.045,卡卡虫（雪山附近的样子）,Ⅱ阶,"草, 冰",地区形态,地区形态,否,NO045_卡卡虫（雪山附近的样子）.png,/icons/NO045_%E5%8D%A1%E5%8D%A1%E8%99%AB%EF%BC%88%E9%9B%AA%E5%B1%B1%E9%99%84%E8%BF%91%E7%9A%84%E6%A0%B7%E5%AD%90%EF%BC%89.png,https://patchwiki.biligame.com/images/rocom/3/3a/o0ut8ep1y5dgqemmi95j7db9snv0zl5.png,https://wiki.biligame.com/rocom/%E5%8D%A1%E5%8D%A1%E8%99%AB%EF%BC%88%E9%9B%AA%E5%B1%B1%E9%99%84%E8%BF%91%E7%9A%84%E6%A0%B7%E5%AD%90%EF%BC%89
NO.045,卡卡虫（火山附近的样子）,Ⅱ阶,"草, 火",地区形态,地区形态,,NO045_卡卡虫（火山附近的样子）.png,/icons/NO045_%E5%8D%A1%E5%8D%A1%E8%99%AB%EF%BC%88%E7%81%AB%E5%B1%B1%E9%99%84%E8%BF%91%E7%9A%84%E6%A0%B7%E5%AD%90%EF%BC%89.png,https://patchwiki.biligame.com/images/rocom/5/5e/rh4e9152el8uyukcseloj0f6fgvbmew.png,https://wiki.biligame.com/rocom/%E5%8D%A1%E5%8D%A1%E8%99%AB%EF%BC%88%E7%81%AB%E5%B1%B1%E9%99%84%E8%BF%91%E7%9A%84%E6%A0%B7%E5%AD%90%EF%BC%89
NO.046,卡瓦重（沙地附近的样子）,最终形态,"草, 地",地区形态,地区形态,否,NO046_卡瓦重（沙地附近的样子）.png,/icons/NO046_%E5%8D%A1%E7%93%A6%E9%87%8D%EF%BC%88%E6%B2%99%E5%9C%B0%E9%99%84%E8%BF%91%E7%9A%84%E6%A0%B7%E5%AD%90%EF%BC%89.png,https://patchwiki.biligame.com/images/rocom/8/8a/1zehqpohxyoby4g73ehlkybfop2ybj2.png,https://wiki.biligame.com/rocom/%E5%8D%A1%E7%93%A6%E9%87%8D%EF%BC%88%E6%B2%99%E5%9C%B0%E9%99%84%E8%BF%91%E7%9A%84%E6%A0%B7%E5%AD%90%EF%BC%89
NO.046,卡瓦重（雪山附近的样子）,最终形态,"草, 冰",地区形态,地区形态,否,NO046_卡瓦重（雪山附近的样子）.png,/icons/NO046_%E5%8D%A1%E7%93%A6%E9%87%8D%EF%BC%88%E9%9B%AA%E5%B1%B1%E9%99%84%E8%BF%91%E7%9A%84%E6%A0%B7%E5%AD%90%EF%BC%89.png,https://patchwiki.biligame.com/images/rocom/4/47/it101lv362eif65za2mmgzo83xbevhe.png,https://wiki.biligame.com/rocom/%E5%8D%A1%E7%93%A6%E9%87%8D%EF%BC%88%E9%9B%AA%E5%B1%B1%E9%99%84%E8%BF%91%E7%9A%84%E6%A0%B7%E5%AD%90%EF%BC%89
NO.046,卡瓦重（火山附近的样子）,最终形态,"草, 火",地区形态,地区形态,,NO046_卡瓦重（火山附近的样子）.png,/icons/NO046_%E5%8D%A1%E7%93%A6%E9%87%8D%EF%BC%88%E7%81%AB%E5%B1%B1%E9%99%84%E8%BF%91%E7%9A%84%E6%A0%B7%E5%AD%90%EF%BC%89.png,https://patchwiki.biligame.com/images/rocom/6/68/fxwlorh631lrm6lntyfez8gwemylpjn.png,https://wiki.biligame.com/rocom/%E5%8D%A1%E7%93%A6%E9%87%8D%EF%BC%88%E7%81%AB%E5%B1%B1%E9%99%84%E8%BF%91%E7%9A%84%E6%A0%B7%E5%AD%90%EF%BC%89
NO.055,暗影灵面（闭眼的样子）,Ⅱ阶,幽,地区形态,地区形态,否,NO055_暗影灵面（闭眼的样子）.png,/icons/NO055_%E6%9A%97%E5%BD%B1%E7%81%B5%E9%9D%A2%EF%BC%88%E9%97%AD%E7%9C%BC%E7%9A%84%E6%A0%B7%E5%AD%90%EF%BC%89.png,https://patchwiki.biligame.com/images/rocom/8/89/0v03ulzo7ip90eum9xkyf9yzqaal5zu.png,https://wiki.biligame.com/rocom/%E6%9A%97%E5%BD%B1%E7%81%B5%E9%9D%A2%EF%BC%88%E9%97%AD%E7%9C%BC%E7%9A%84%E6%A0%B7%E5%AD%90%EF%BC%89
NO.056,幽冥眼（闭眼的样子）,最终形态,幽,地区形态,地区形态,否,NO056_幽冥眼（闭眼的样子）.png,/icons/NO056_%E5%B9%BD%E5%86%A5%E7%9C%BC%EF%BC%88%E9%97%AD%E7%9C%BC%E7%9A%84%E6%A0%B7%E5%AD%90%EF%BC%89.png,https://patchwiki.biligame.com/images/rocom/b/b6/9gufmg61a81w9ewfe2gvv8acpbhr9vw.png,https://wiki.biligame.com/rocom/%E5%B9%BD%E5%86%A5%E7%9C%BC%EF%BC%88%E9%97%AD%E7%9C%BC%E7%9A%84%E6%A0%B7%E5%AD%90%EF%BC%89
NO.057,梦游（穿星星睡衣的样子）,Ⅰ阶,"幽, 光",地区形态,地区形态,,NO057_梦游（穿星星睡衣的样子）.png,/icons/NO057_%E6%A2%A6%E6%B8%B8%EF%BC%88%E7%A9%BF%E6%98%9F%E6%98%9F%E7%9D%A1%E8%A1%A3%E7%9A%84%E6%A0%B7%E5%AD%90%EF%BC%89.png,https://patchwiki.biligame.com/images/rocom/c/cb/mpbge4upayjqh87ry5g5yacuj1dkzxe.png,https://wiki.biligame.com/rocom/%E6%A2%A6%E6%B8%B8%EF%BC%88%E7%A9%BF%E6%98%9F%E6%98%9F%E7%9D%A1%E8%A1%A3%E7%9A%84%E6%A0%B7%E5%AD%90%EF%BC%89
NO.058,梦悠悠（穿星星睡衣的样子）,最终形态,"幽, 光",地区形态,地区形态,,NO058_梦悠悠（穿星星睡衣的样子）.png,/icons/NO058_%E6%A2%A6%E6%82%A0%E6%82%A0%EF%BC%88%E7%A9%BF%E6%98%9F%E6%98%9F%E7%9D%A1%E8%A1%A3%E7%9A%84%E6%A0%B7%E5%AD%90%EF%BC%89.png,https://patchwiki.biligame.com/images/rocom/3/36/qdgt0km010092mc4x9hrypsz4evumt9.png,https://wiki.biligame.com/rocom/%E6%A2%A6%E6%82%A0%E6%82%A0%EF%BC%88%E7%A9%BF%E6%98%9F%E6%98%9F%E7%9D%A1%E8%A1%A3%E7%9A%84%E6%A0%B7%E5%AD%90%EF%BC%89
NO.063,蹦蹦种子（彩玉球形态）,Ⅰ阶,"草, 毒",地区形态,地区形态,否,NO063_蹦蹦种子（彩玉球形态）.png,/icons/NO063_%E8%B9%A6%E8%B9%A6%E7%A7%8D%E5%AD%90%EF%BC%88%E5%BD%A9%E7%8E%89%E7%90%83%E5%BD%A2%E6%80%81%EF%BC%89.png,https://patchwiki.biligame.com/images/rocom/7/76/fx1jvla18i3kiop43eq5a9a6wqd72sa.png,https://wiki.biligame.com/rocom/%E8%B9%A6%E8%B9%A6%E7%A7%8D%E5%AD%90%EF%BC%88%E5%BD%A9%E7%8E%89%E7%90%83%E5%BD%A2%E6%80%81%EF%BC%89
NO.063,蹦蹦种子（短毛球形态）,Ⅰ阶,"草, 毒",地区形态,地区形态,否,NO063_蹦蹦种子（短毛球形态）.png,/icons/NO063_%E8%B9%A6%E8%B9%A6%E7%A7%8D%E5%AD%90%EF%BC%88%E7%9F%AD%E6%AF%9B%E7%90%83%E5%BD%A2%E6%80%81%EF%BC%89.png,https://patchwiki.biligame.com/images/rocom/c/c7/5wp4p8collnhnv5ljxo4rj2d2ooq1kb.png,https://wiki.biligame.com/rocom/%E8%B9%A6%E8%B9%A6%E7%A7%8D%E5%AD%90%EF%BC%88%E7%9F%AD%E6%AF%9B%E7%90%83%E5%BD%A2%E6%80%81%EF%BC%89
NO.063,蹦蹦种子（象牙球形态）,Ⅰ阶,"草, 毒",地区形态,地区形态,否,NO063_蹦蹦种子（象牙球形态）.png,/icons/NO063_%E8%B9%A6%E8%B9%A6%E7%A7%8D%E5%AD%90%EF%BC%88%E8%B1%A1%E7%89%99%E7%90%83%E5%BD%A2%E6%80%81%EF%BC%89.png,https://patchwiki.biligame.com/images/rocom/4/4c/ga14flfwlo926jpppc3p9bujq19fab7.png,https://wiki.biligame.com/rocom/%E8%B9%A6%E8%B9%A6%E7%A7%8D%E5%AD%90%EF%BC%88%E8%B1%A1%E7%89%99%E7%90%83%E5%BD%A2%E6%80%81%EF%BC%89
NO.064,蹦蹦草（彩玉球形态）,Ⅱ阶,"草, 毒",地区形态,地区形态,否,NO064_蹦蹦草（彩玉球形态）.png,/icons/NO064_%E8%B9%A6%E8%B9%A6%E8%8D%89%EF%BC%88%E5%BD%A9%E7%8E%89%E7%90%83%E5%BD%A2%E6%80%81%EF%BC%89.png,https://patchwiki.biligame.com/images/rocom/0/05/a7bm9vkkep9s7zwrjfdckd61jmqa5yl.png,https://wiki.biligame.com/rocom/%E8%B9%A6%E8%B9%A6%E8%8D%89%EF%BC%88%E5%BD%A9%E7%8E%89%E7%90%83%E5%BD%A2%E6%80%81%EF%BC%89
NO.064,蹦蹦草（短毛球形态）,Ⅱ阶,"草, 毒",地区形态,地区形态,否,NO064_蹦蹦草（短毛球形态）.png,/icons/NO064_%E8%B9%A6%E8%B9%A6%E8%8D%89%EF%BC%88%E7%9F%AD%E6%AF%9B%E7%90%83%E5%BD%A2%E6%80%81%EF%BC%89.png,https://patchwiki.biligame.com/images/rocom/4/4c/b89cg2rtmz5u2es2m41sc18ythoghc5.png,https://wiki.biligame.com/rocom/%E8%B9%A6%E8%B9%A6%E8%8D%89%EF%BC%88%E7%9F%AD%E6%AF%9B%E7%90%83%E5%BD%A2%E6%80%81%EF%BC%89
NO.064,蹦蹦草（象牙球形态）,Ⅱ阶,"草, 毒",地区形态,地区形态,否,NO064_蹦蹦草（象牙球形态）.png,/icons/NO064_%E8%B9%A6%E8%B9%A6%E8%8D%89%EF%BC%88%E8%B1%A1%E7%89%99%E7%90%83%E5%BD%A2%E6%80%81%EF%BC%89.png,https://patchwiki.biligame.com/images/rocom/0/02/gq7dces9jbrr9d8mnh0jey6apcxy918.png,https://wiki.biligame.com/rocom/%E8%B9%A6%E8%B9%A6%E8%8D%89%EF%BC%88%E8%B1%A1%E7%89%99%E7%90%83%E5%BD%A2%E6%80%81%EF%BC%89
NO.065,蹦蹦花（彩玉球形态）,最终形态,"草, 毒",地区形态,地区形态,否,NO065_蹦蹦花（彩玉球形态）.png,/icons/NO065_%E8%B9%A6%E8%B9%A6%E8%8A%B1%EF%BC%88%E5%BD%A9%E7%8E%89%E7%90%83%E5%BD%A2%E6%80%81%EF%BC%89.png,https://patchwiki.biligame.com/images/rocom/1/16/i4vw04mpnvyped0gvbm7tpbtz0venve.png,https://wiki.biligame.com/rocom/%E8%B9%A6%E8%B9%A6%E8%8A%B1%EF%BC%88%E5%BD%A9%E7%8E%89%E7%90%83%E5%BD%A2%E6%80%81%EF%BC%89
NO.065,蹦蹦花（短毛球形态）,最终形态,"草, 毒",地区形态,地区形态,否,NO065_蹦蹦花（短毛球形态）.png,/icons/NO065_%E8%B9%A6%E8%B9%A6%E8%8A%B1%EF%BC%88%E7%9F%AD%E6%AF%9B%E7%90%83%E5%BD%A2%E6%80%81%EF%BC%89.png,https://patchwiki.biligame.com/images/rocom/f/f8/m4negu4egvnb6beuqppdej76ylqf5gb.png,https://wiki.biligame.com/rocom/%E8%B9%A6%E8%B9%A6%E8%8A%B1%EF%BC%88%E7%9F%AD%E6%AF%9B%E7%90%83%E5%BD%A2%E6%80%81%EF%BC%89
NO.065,蹦蹦花（象牙球形态）,最终形态,"草, 毒",地区形态,地区形态,否,NO065_蹦蹦花（象牙球形态）.png,/icons/NO065_%E8%B9%A6%E8%B9%A6%E8%8A%B1%EF%BC%88%E8%B1%A1%E7%89%99%E7%90%83%E5%BD%A2%E6%80%81%EF%BC%89.png,https://patchwiki.biligame.com/images/rocom/7/78/3fv63xiv5fo42y0t80czcqq6f3m0r9b.png,https://wiki.biligame.com/rocom/%E8%B9%A6%E8%B9%A6%E8%8A%B1%EF%BC%88%E8%B1%A1%E7%89%99%E7%90%83%E5%BD%A2%E6%80%81%EF%BC%89
NO.076,海盔虫（磨损的样子）,Ⅰ阶,"水, 毒",地区形态,地区形态,否,NO076_海盔虫（磨损的样子）.png,/icons/NO076_%E6%B5%B7%E7%9B%94%E8%99%AB%EF%BC%88%E7%A3%A8%E6%8D%9F%E7%9A%84%E6%A0%B7%E5%AD%90%EF%BC%89.png,https://patchwiki.biligame.com/images/rocom/f/f2/sb32j6sfylxtbiqts0q9qc8zazyhzlh.png,https://wiki.biligame.com/rocom/%E6%B5%B7%E7%9B%94%E8%99%AB%EF%BC%88%E7%A3%A8%E6%8D%9F%E7%9A%84%E6%A0%B7%E5%AD%90%EF%BC%89
NO.077,刺盔虫（磨损的样子）,Ⅱ阶,"水, 毒",地区形态,地区形态,否,NO077_刺盔虫（磨损的样子）.png,/icons/NO077_%E5%88%BA%E7%9B%94%E8%99%AB%EF%BC%88%E7%A3%A8%E6%8D%9F%E7%9A%84%E6%A0%B7%E5%AD%90%EF%BC%89.png,https://patchwiki.biligame.com/images/rocom/5/5e/oi5u73v5e5mrkgn0m8avn1tsmfpyvo7.png,https://wiki.biligame.com/rocom/%E5%88%BA%E7%9B%94%E8%99%AB%EF%BC%88%E7%A3%A8%E6%8D%9F%E7%9A%84%E6%A0%B7%E5%AD%90%EF%BC%89
NO.078,千棘盔（磨损的样子）,最终形态,"水, 毒",地区形态,地区形态,否,NO078_千棘盔（磨损的样子）.png,/icons/NO078_%E5%8D%83%E6%A3%98%E7%9B%94%EF%BC%88%E7%A3%A8%E6%8D%9F%E7%9A%84%E6%A0%B7%E5%AD%90%EF%BC%89.png,https://patchwiki.biligame.com/images/rocom/0/02/6oldm5ijvf1cvinze5y0mulbdf82kvk.png,https://wiki.biligame.com/rocom/%E5%8D%83%E6%A3%98%E7%9B%94%EF%BC%88%E7%A3%A8%E6%8D%9F%E7%9A%84%E6%A0%B7%E5%AD%90%EF%BC%89
NO.080,小星光（月光能量的样子）,Ⅰ阶,"电, 光",地区形态,地区形态,否,NO080_小星光（月光能量的样子）.png,/icons/NO080_%E5%B0%8F%E6%98%9F%E5%85%89%EF%BC%88%E6%9C%88%E5%85%89%E8%83%BD%E9%87%8F%E7%9A%84%E6%A0%B7%E5%AD%90%EF%BC%89.png,https://patchwiki.biligame.com/images/rocom/a/a3/mo9n9kgl3adm9nrgwxxw594uddgkzom.png,https://wiki.biligame.com/rocom/%E5%B0%8F%E6%98%9F%E5%85%89%EF%BC%88%E6%9C%88%E5%85%89%E8%83%BD%E9%87%8F%E7%9A%84%E6%A0%B7%E5%AD%90%EF%BC%89
NO.081,星光狮（月光能量的样子）,最终形态,"电, 光",地区形态,地区形态,否,NO081_星光狮（月光能量的样子）.png,/icons/NO081_%E6%98%9F%E5%85%89%E7%8B%AE%EF%BC%88%E6%9C%88%E5%85%89%E8%83%BD%E9%87%8F%E7%9A%84%E6%A0%B7%E5%AD%90%EF%BC%89.png,https://patchwiki.biligame.com/images/rocom/d/d6/iixbxn3wupmru7y4ms0r4u8gk6g6ais.png,https://wiki.biligame.com/rocom/%E6%98%9F%E5%85%89%E7%8B%AE%EF%BC%88%E6%9C%88%E5%85%89%E8%83%BD%E9%87%8F%E7%9A%84%E6%A0%B7%E5%AD%90%EF%BC%89
NO.118,旋叶虫（枯叶的样子）,Ⅰ阶,"普通, 虫",地区形态,地区形态,否,NO118_旋叶虫（枯叶的样子）.png,/icons/NO118_%E6%97%8B%E5%8F%B6%E8%99%AB%EF%BC%88%E6%9E%AF%E5%8F%B6%E7%9A%84%E6%A0%B7%E5%AD%90%EF%BC%89.png,https://patchwiki.biligame.com/images/rocom/5/50/5sdfgyib9xd38jnyswjz8fefm9h8su3.png,https://wiki.biligame.com/rocom/%E6%97%8B%E5%8F%B6%E8%99%AB%EF%BC%88%E6%9E%AF%E5%8F%B6%E7%9A%84%E6%A0%B7%E5%AD%90%EF%BC%89
NO.119,蓬叶虫（枯叶的样子）,Ⅱ阶,"普通, 虫",地区形态,地区形态,否,NO119_蓬叶虫（枯叶的样子）.png,/icons/NO119_%E8%93%AC%E5%8F%B6%E8%99%AB%EF%BC%88%E6%9E%AF%E5%8F%B6%E7%9A%84%E6%A0%B7%E5%AD%90%EF%BC%89.png,https://patchwiki.biligame.com/images/rocom/6/69/3u9u30vxoygg6q3okswrz5nwim5qfa8.png,https://wiki.biligame.com/rocom/%E8%93%AC%E5%8F%B6%E8%99%AB%EF%BC%88%E6%9E%AF%E5%8F%B6%E7%9A%84%E6%A0%B7%E5%AD%90%EF%BC%89
NO.120,风滚暮虫（枯叶的样子）,最终形态,"普通, 虫",地区形态,地区形态,否,NO120_风滚暮虫（枯叶的样子）.png,/icons/NO120_%E9%A3%8E%E6%BB%9A%E6%9A%AE%E8%99%AB%EF%BC%88%E6%9E%AF%E5%8F%B6%E7%9A%84%E6%A0%B7%E5%AD%90%EF%BC%89.png,https://patchwiki.biligame.com/images/rocom/a/a8/23lz5nyrkultfyy2c4dwgqboh21zmuq.png,https://wiki.biligame.com/rocom/%E9%A3%8E%E6%BB%9A%E6%9A%AE%E8%99%AB%EF%BC%88%E6%9E%AF%E5%8F%B6%E7%9A%84%E6%A0%B7%E5%AD%90%EF%BC%89
NO.163,小怂猫（山间竹林的样子）,Ⅰ阶,武,地区形态,地区形态,,NO163_小怂猫（山间竹林的样子）.png,/icons/NO163_%E5%B0%8F%E6%80%82%E7%8C%AB%EF%BC%88%E5%B1%B1%E9%97%B4%E7%AB%B9%E6%9E%97%E7%9A%84%E6%A0%B7%E5%AD%90%EF%BC%89.png,https://patchwiki.biligame.com/images/rocom/d/d1/f32k1wjwrvu0dxo75t4nyfkxj6ylfph.png,https://wiki.biligame.com/rocom/%E5%B0%8F%E6%80%82%E7%8C%AB%EF%BC%88%E5%B1%B1%E9%97%B4%E7%AB%B9%E6%9E%97%E7%9A%84%E6%A0%B7%E5%AD%90%EF%BC%89
NO.164,怒目怂猫（山间竹林的样子）,最终形态,武,地区形态,地区形态,,NO164_怒目怂猫（山间竹林的样子）.png,/icons/NO164_%E6%80%92%E7%9B%AE%E6%80%82%E7%8C%AB%EF%BC%88%E5%B1%B1%E9%97%B4%E7%AB%B9%E6%9E%97%E7%9A%84%E6%A0%B7%E5%AD%90%EF%BC%89.png,https://patchwiki.biligame.com/images/rocom/0/06/r4mqb64ixdnbl0z1m3ouutkm6c1o0pj.png,https://wiki.biligame.com/rocom/%E6%80%92%E7%9B%AE%E6%80%82%E7%8C%AB%EF%BC%88%E5%B1%B1%E9%97%B4%E7%AB%B9%E6%9E%97%E7%9A%84%E6%A0%B7%E5%AD%90%EF%BC%89
NO.165,小狮鹫（高山地的样子）,Ⅰ阶,翼,地区形态,地区形态,否,NO165_小狮鹫（高山地的样子）.png,/icons/NO165_%E5%B0%8F%E7%8B%AE%E9%B9%AB%EF%BC%88%E9%AB%98%E5%B1%B1%E5%9C%B0%E7%9A%84%E6%A0%B7%E5%AD%90%EF%BC%89.png,https://patchwiki.biligame.com/images/rocom/b/b0/s7vhekqxmvlccqyvz65eqkd7zisp52q.png,https://wiki.biligame.com/rocom/%E5%B0%8F%E7%8B%AE%E9%B9%AB%EF%BC%88%E9%AB%98%E5%B1%B1%E5%9C%B0%E7%9A%84%E6%A0%B7%E5%AD%90%EF%BC%89
NO.166,神圣狮鹫（高山地的样子）,Ⅱ阶,翼,地区形态,地区形态,否,NO166_神圣狮鹫（高山地的样子）.png,/icons/NO166_%E7%A5%9E%E5%9C%A3%E7%8B%AE%E9%B9%AB%EF%BC%88%E9%AB%98%E5%B1%B1%E5%9C%B0%E7%9A%84%E6%A0%B7%E5%AD%90%EF%BC%89.png,https://patchwiki.biligame.com/images/rocom/6/62/c7bikx38s3y63ffwlwabxqc77qyjtwy.png,https://wiki.biligame.com/rocom/%E7%A5%9E%E5%9C%A3%E7%8B%AE%E9%B9%AB%EF%BC%88%E9%AB%98%E5%B1%B1%E5%9C%B0%E7%9A%84%E6%A0%B7%E5%AD%90%EF%BC%89
NO.167,皇家狮鹫（高山地的样子）,最终形态,翼,地区形态,地区形态,否,NO167_皇家狮鹫（高山地的样子）.png,/icons/NO167_%E7%9A%87%E5%AE%B6%E7%8B%AE%E9%B9%AB%EF%BC%88%E9%AB%98%E5%B1%B1%E5%9C%B0%E7%9A%84%E6%A0%B7%E5%AD%90%EF%BC%89.png,https://patchwiki.biligame.com/images/rocom/b/bc/4qgxh1xp5dtis0ktl2dy5n6bv395c2r.png,https://wiki.biligame.com/rocom/%E7%9A%87%E5%AE%B6%E7%8B%AE%E9%B9%AB%EF%BC%88%E9%AB%98%E5%B1%B1%E5%9C%B0%E7%9A%84%E6%A0%B7%E5%AD%90%EF%BC%89
NO.171,波波螺（被污染的样子）,Ⅰ阶,"地, 水",地区形态,地区形态,否,NO171_波波螺（被污染的样子）.png,/icons/NO171_%E6%B3%A2%E6%B3%A2%E8%9E%BA%EF%BC%88%E8%A2%AB%E6%B1%A1%E6%9F%93%E7%9A%84%E6%A0%B7%E5%AD%90%EF%BC%89.png,https://patchwiki.biligame.com/images/rocom/7/78/8y6azbkijlxizakvv3pzsd8dwtn76pl.png,https://wiki.biligame.com/rocom/%E6%B3%A2%E6%B3%A2%E8%9E%BA%EF%BC%88%E8%A2%AB%E6%B1%A1%E6%9F%93%E7%9A%84%E6%A0%B7%E5%AD%90%EF%BC%89
NO.172,消波螺（被污染的样子）,Ⅱ阶,"地, 水",地区形态,地区形态,否,NO172_消波螺（被污染的样子）.png,/icons/NO172_%E6%B6%88%E6%B3%A2%E8%9E%BA%EF%BC%88%E8%A2%AB%E6%B1%A1%E6%9F%93%E7%9A%84%E6%A0%B7%E5%AD%90%EF%BC%89.png,https://patchwiki.biligame.com/images/rocom/0/0f/kca2jak5ll3d6gwveocxn2o6948z2pv.png,https://wiki.biligame.com/rocom/%E6%B6%88%E6%B3%A2%E8%9E%BA%EF%BC%88%E8%A2%AB%E6%B1%A1%E6%9F%93%E7%9A%84%E6%A0%B7%E5%AD%90%EF%BC%89
NO.173,嗜波螺（被污染的样子）,最终形态,"地, 水",地区形态,地区形态,否,NO173_嗜波螺（被污染的样子）.png,/icons/NO173_%E5%97%9C%E6%B3%A2%E8%9E%BA%EF%BC%88%E8%A2%AB%E6%B1%A1%E6%9F%93%E7%9A%84%E6%A0%B7%E5%AD%90%EF%BC%89.png,https://patchwiki.biligame.com/images/rocom/8/84/hjslnay7yycwetnsyo6yjo92gtu2xnp.png,https://wiki.biligame.com/rocom/%E5%97%9C%E6%B3%A2%E8%9E%BA%EF%BC%88%E8%A2%AB%E6%B1%A1%E6%9F%93%E7%9A%84%E6%A0%B7%E5%AD%90%EF%BC%89
NO.188,棋棋（黑子）,Ⅰ阶,"武, 地",地区形态,地区形态,否,NO188_棋棋（黑子）.png,/icons/NO188_%E6%A3%8B%E6%A3%8B%EF%BC%88%E9%BB%91%E5%AD%90%EF%BC%89.png,https://patchwiki.biligame.com/images/rocom/3/36/n3n0ij7x5he8u1exjqbzpl0xaerzu2u.png,https://wiki.biligame.com/rocom/%E6%A3%8B%E6%A3%8B%EF%BC%88%E9%BB%91%E5%AD%90%EF%BC%89
NO.189,棋骑士（黑子）,最终形态,"武, 地",地区形态,地区形态,否,NO189_棋骑士（黑子）.png,/icons/NO189_%E6%A3%8B%E9%AA%91%E5%A3%AB%EF%BC%88%E9%BB%91%E5%AD%90%EF%BC%89.png,https://patchwiki.biligame.com/images/rocom/2/28/opq7dnblmw29jx3r7l6mipn76vn336t.png,https://wiki.biligame.com/rocom/%E6%A3%8B%E9%AA%91%E5%A3%AB%EF%BC%88%E9%BB%91%E5%AD%90%EF%BC%89
NO.190,棋齐垒（黑子）,最终形态,"武, 地",地区形态,地区形态,否,NO190_棋齐垒（黑子）.png,/icons/NO190_%E6%A3%8B%E9%BD%90%E5%9E%92%EF%BC%88%E9%BB%91%E5%AD%90%EF%BC%89.png,https://patchwiki.biligame.com/images/rocom/0/03/gry6dnq5puop6nts9jt2s699zmwnmr6.png,https://wiki.biligame.com/rocom/%E6%A3%8B%E9%BD%90%E5%9E%92%EF%BC%88%E9%BB%91%E5%AD%90%EF%BC%89
NO.191,棋祈督（黑子）,最终形态,"武, 地",地区形态,地区形态,否,NO191_棋祈督（黑子）.png,/icons/NO191_%E6%A3%8B%E7%A5%88%E7%9D%A3%EF%BC%88%E9%BB%91%E5%AD%90%EF%BC%89.png,https://patchwiki.biligame.com/images/rocom/2/21/e64yhkunfi95tvxumu4608o41ahk2v5.png,https://wiki.biligame.com/rocom/%E6%A3%8B%E7%A5%88%E7%9D%A3%EF%BC%88%E9%BB%91%E5%AD%90%EF%BC%89
NO.192,棋绮后（黑子）,最终形态,"武, 地",地区形态,地区形态,否,NO192_棋绮后（黑子）.png,/icons/NO192_%E6%A3%8B%E7%BB%AE%E5%90%8E%EF%BC%88%E9%BB%91%E5%AD%90%EF%BC%89.png,https://patchwiki.biligame.com/images/rocom/2/22/fdve9gnonlwl0zywy7n4r1tf0kr3ehr.png,https://wiki.biligame.com/rocom/%E6%A3%8B%E7%BB%AE%E5%90%8E%EF%BC%88%E9%BB%91%E5%AD%90%EF%BC%89
NO.212,古钟蛇（本命年的样子）,Ⅰ阶,"萌, 毒",地区形态,地区形态,,NO212_古钟蛇（本命年的样子）.png,/icons/NO212_%E5%8F%A4%E9%92%9F%E8%9B%87%EF%BC%88%E6%9C%AC%E5%91%BD%E5%B9%B4%E7%9A%84%E6%A0%B7%E5%AD%90%EF%BC%89.png,https://patchwiki.biligame.com/images/rocom/2/29/92ctyiwyp22v61ftupu4836hao5y4fa.png,https://wiki.biligame.com/rocom/%E5%8F%A4%E9%92%9F%E8%9B%87%EF%BC%88%E6%9C%AC%E5%91%BD%E5%B9%B4%E7%9A%84%E6%A0%B7%E5%AD%90%EF%BC%89
NO.213,寒音蛇（本命年的样子）,最终形态,"萌, 毒",地区形态,地区形态,,NO213_寒音蛇（本命年的样子）.png,/icons/NO213_%E5%AF%92%E9%9F%B3%E8%9B%87%EF%BC%88%E6%9C%AC%E5%91%BD%E5%B9%B4%E7%9A%84%E6%A0%B7%E5%AD%90%EF%BC%89.png,https://patchwiki.biligame.com/images/rocom/8/88/h5wobros8r6a1fxi8ytpo4v2fgxgkjz.png,https://wiki.biligame.com/rocom/%E5%AF%92%E9%9F%B3%E8%9B%87%EF%BC%88%E6%9C%AC%E5%91%BD%E5%B9%B4%E7%9A%84%E6%A0%B7%E5%AD%90%EF%BC%89
NO.220,海枝枝（杏黄百合）,最终形态,"水, 幽",地区形态,地区形态,否,NO220_海枝枝（杏黄百合）.png,/icons/NO220_%E6%B5%B7%E6%9E%9D%E6%9E%9D%EF%BC%88%E6%9D%8F%E9%BB%84%E7%99%BE%E5%90%88%EF%BC%89.png,https://patchwiki.biligame.com/images/rocom/2/2c/d3tckjycxkj2wymb771d4k0nofe9axy.png,https://wiki.biligame.com/rocom/%E6%B5%B7%E6%9E%9D%E6%9E%9D%EF%BC%88%E6%9D%8F%E9%BB%84%E7%99%BE%E5%90%88%EF%BC%89
NO.220,海枝枝（洋红沙丁）,最终形态,"水, 幽",地区形态,地区形态,否,NO220_海枝枝（洋红沙丁）.png,/icons/NO220_%E6%B5%B7%E6%9E%9D%E6%9E%9D%EF%BC%88%E6%B4%8B%E7%BA%A2%E6%B2%99%E4%B8%81%EF%BC%89.png,https://patchwiki.biligame.com/images/rocom/d/d0/mkug3arsv93oibilcf93wgiksue32zw.png,https://wiki.biligame.com/rocom/%E6%B5%B7%E6%9E%9D%E6%9E%9D%EF%BC%88%E6%B4%8B%E7%BA%A2%E6%B2%99%E4%B8%81%EF%BC%89
NO.220,海枝枝（翠绿纶布）,最终形态,"水, 幽",地区形态,地区形态,否,NO220_海枝枝（翠绿纶布）.png,/icons/NO220_%E6%B5%B7%E6%9E%9D%E6%9E%9D%EF%BC%88%E7%BF%A0%E7%BB%BF%E7%BA%B6%E5%B8%83%EF%BC%89.png,https://patchwiki.biligame.com/images/rocom/a/a9/dd80pj056tbluqzzq0n70g3m3ty1y7a.png,https://wiki.biligame.com/rocom/%E6%B5%B7%E6%9E%9D%E6%9E%9D%EF%BC%88%E7%BF%A0%E7%BB%BF%E7%BA%B6%E5%B8%83%EF%BC%89
NO.235,香草甜甜（杨桃饰品）,Ⅱ阶,冰,地区形态,地区形态,否,NO235_香草甜甜（杨桃饰品）.png,/icons/NO235_%E9%A6%99%E8%8D%89%E7%94%9C%E7%94%9C%EF%BC%88%E6%9D%A8%E6%A1%83%E9%A5%B0%E5%93%81%EF%BC%89.png,https://patchwiki.biligame.com/images/rocom/4/41/ananedvjf1hsfpgoep6oe4f537f4aw4.png,https://wiki.biligame.com/rocom/%E9%A6%99%E8%8D%89%E7%94%9C%E7%94%9C%EF%BC%88%E6%9D%A8%E6%A1%83%E9%A5%B0%E5%93%81%EF%BC%89
NO.235,香草甜甜（蓝莓饰品）,Ⅱ阶,冰,地区形态,地区形态,否,NO235_香草甜甜（蓝莓饰品）.png,/icons/NO235_%E9%A6%99%E8%8D%89%E7%94%9C%E7%94%9C%EF%BC%88%E8%93%9D%E8%8E%93%E9%A5%B0%E5%93%81%EF%BC%89.png,https://patchwiki.biligame.com/images/rocom/e/e6/iury4c9evtz8q5q7dlcejsj7aghbqq0.png,https://wiki.biligame.com/rocom/%E9%A6%99%E8%8D%89%E7%94%9C%E7%94%9C%EF%BC%88%E8%93%9D%E8%8E%93%E9%A5%B0%E5%93%81%EF%BC%89
NO.236,圣代甜甜（樱桃草莓口味）,最终形态,冰,地区形态,地区形态,否,NO236_圣代甜甜（樱桃草莓口味）.png,/icons/NO236_%E5%9C%A3%E4%BB%A3%E7%94%9C%E7%94%9C%EF%BC%88%E6%A8%B1%E6%A1%83%E8%8D%89%E8%8E%93%E5%8F%A3%E5%91%B3%EF%BC%89.png,https://patchwiki.biligame.com/images/rocom/8/85/pcqrzberxe27iicgvc9bl23otpoolrs.png,https://wiki.biligame.com/rocom/%E5%9C%A3%E4%BB%A3%E7%94%9C%E7%94%9C%EF%BC%88%E6%A8%B1%E6%A1%83%E8%8D%89%E8%8E%93%E5%8F%A3%E5%91%B3%EF%BC%89
NO.236,圣代甜甜（樱桃抹茶口味）,最终形态,冰,地区形态,地区形态,否,NO236_圣代甜甜（樱桃抹茶口味）.png,/icons/NO236_%E5%9C%A3%E4%BB%A3%E7%94%9C%E7%94%9C%EF%BC%88%E6%A8%B1%E6%A1%83%E6%8A%B9%E8%8C%B6%E5%8F%A3%E5%91%B3%EF%BC%89.png,https://patchwiki.biligame.com/images/rocom/f/f0/hto166e5pdv3us1t7ag7x24h1s487xe.png,https://wiki.biligame.com/rocom/%E5%9C%A3%E4%BB%A3%E7%94%9C%E7%94%9C%EF%BC%88%E6%A8%B1%E6%A1%83%E6%8A%B9%E8%8C%B6%E5%8F%A3%E5%91%B3%EF%BC%89
NO.236,圣代甜甜（蓝莓巧克力口味）,最终形态,冰,地区形态,地区形态,否,NO236_圣代甜甜（蓝莓巧克力口味）.png,/icons/NO236_%E5%9C%A3%E4%BB%A3%E7%94%9C%E7%94%9C%EF%BC%88%E8%93%9D%E8%8E%93%E5%B7%A7%E5%85%8B%E5%8A%9B%E5%8F%A3%E5%91%B3%EF%BC%89.png,https://patchwiki.biligame.com/images/rocom/1/15/ef3afe21zib84vovuamb6hlni2irvt5.png,https://wiki.biligame.com/rocom/%E5%9C%A3%E4%BB%A3%E7%94%9C%E7%94%9C%EF%BC%88%E8%93%9D%E8%8E%93%E5%B7%A7%E5%85%8B%E5%8A%9B%E5%8F%A3%E5%91%B3%EF%BC%89
NO.236,圣代甜甜（蓝莓草莓口味）,最终形态,冰,地区形态,地区形态,否,NO236_圣代甜甜（蓝莓草莓口味）.png,/icons/NO236_%E5%9C%A3%E4%BB%A3%E7%94%9C%E7%94%9C%EF%BC%88%E8%93%9D%E8%8E%93%E8%8D%89%E8%8E%93%E5%8F%A3%E5%91%B3%EF%BC%89.png,https://patchwiki.biligame.com/images/rocom/0/08/t5b7gjd30dl60kiol7vg813wvxtug3i.png,https://wiki.biligame.com/rocom/%E5%9C%A3%E4%BB%A3%E7%94%9C%E7%94%9C%EF%BC%88%E8%93%9D%E8%8E%93%E8%8D%89%E8%8E%93%E5%8F%A3%E5%91%B3%EF%BC%89
NO.236,圣代甜甜（蓝莓抹茶口味）,最终形态,冰,地区形态,地区形态,否,NO236_圣代甜甜（蓝莓抹茶口味）.png,/icons/NO236_%E5%9C%A3%E4%BB%A3%E7%94%9C%E7%94%9C%EF%BC%88%E8%93%9D%E8%8E%93%E6%8A%B9%E8%8C%B6%E5%8F%A3%E5%91%B3%EF%BC%89.png,https://patchwiki.biligame.com/images/rocom/4/42/mzd3m01yz5ciweqw38n7rm0dw8y6xfc.png,https://wiki.biligame.com/rocom/%E5%9C%A3%E4%BB%A3%E7%94%9C%E7%94%9C%EF%BC%88%E8%93%9D%E8%8E%93%E6%8A%B9%E8%8C%B6%E5%8F%A3%E5%91%B3%EF%BC%89
NO.236,圣代甜甜（杨桃巧克力口味）,最终形态,冰,地区形态,地区形态,否,NO236_圣代甜甜（杨桃巧克力口味）.png,/icons/NO236_%E5%9C%A3%E4%BB%A3%E7%94%9C%E7%94%9C%EF%BC%88%E6%9D%A8%E6%A1%83%E5%B7%A7%E5%85%8B%E5%8A%9B%E5%8F%A3%E5%91%B3%EF%BC%89.png,https://patchwiki.biligame.com/images/rocom/2/29/t7h3kh0kxojtjq96942lz3ogfu3vp3h.png,https://wiki.biligame.com/rocom/%E5%9C%A3%E4%BB%A3%E7%94%9C%E7%94%9C%EF%BC%88%E6%9D%A8%E6%A1%83%E5%B7%A7%E5%85%8B%E5%8A%9B%E5%8F%A3%E5%91%B3%EF%BC%89
NO.236,圣代甜甜（杨桃草莓口味）,最终形态,冰,地区形态,地区形态,否,NO236_圣代甜甜（杨桃草莓口味）.png,/icons/NO236_%E5%9C%A3%E4%BB%A3%E7%94%9C%E7%94%9C%EF%BC%88%E6%9D%A8%E6%A1%83%E8%8D%89%E8%8E%93%E5%8F%A3%E5%91%B3%EF%BC%89.png,https://patchwiki.biligame.com/images/rocom/2/2f/mzdnvfoudyx442h7ztaxlgo4upbb17c.png,https://wiki.biligame.com/rocom/%E5%9C%A3%E4%BB%A3%E7%94%9C%E7%94%9C%EF%BC%88%E6%9D%A8%E6%A1%83%E8%8D%89%E8%8E%93%E5%8F%A3%E5%91%B3%EF%BC%89
NO.236,圣代甜甜（杨桃抹茶口味）,最终形态,冰,地区形态,地区形态,否,NO236_圣代甜甜（杨桃抹茶口味）.png,/icons/NO236_%E5%9C%A3%E4%BB%A3%E7%94%9C%E7%94%9C%EF%BC%88%E6%9D%A8%E6%A1%83%E6%8A%B9%E8%8C%B6%E5%8F%A3%E5%91%B3%EF%BC%89.png,https://patchwiki.biligame.com/images/rocom/3/3d/70pziam7w90ngwk40cu163okgk3isem.png,https://wiki.biligame.com/rocom/%E5%9C%A3%E4%BB%A3%E7%94%9C%E7%94%9C%EF%BC%88%E6%9D%A8%E6%A1%83%E6%8A%B9%E8%8C%B6%E5%8F%A3%E5%91%B3%EF%BC%89
NO.237,刺轮砣（下弦的样子）,Ⅰ阶,"毒, 萌",地区形态,地区形态,否,NO237_刺轮砣（下弦的样子）.png,/icons/NO237_%E5%88%BA%E8%BD%AE%E7%A0%A3%EF%BC%88%E4%B8%8B%E5%BC%A6%E7%9A%84%E6%A0%B7%E5%AD%90%EF%BC%89.png,https://patchwiki.biligame.com/images/rocom/e/ed/len62ni9nqmle6dohak4e3shqojzslb.png,https://wiki.biligame.com/rocom/%E5%88%BA%E8%BD%AE%E7%A0%A3%EF%BC%88%E4%B8%8B%E5%BC%A6%E7%9A%84%E6%A0%B7%E5%AD%90%EF%BC%89
NO.238,月亮砣（下弦的样子）,最终形态,"毒, 萌",地区形态,地区形态,否,NO238_月亮砣（下弦的样子）.png,/icons/NO238_%E6%9C%88%E4%BA%AE%E7%A0%A3%EF%BC%88%E4%B8%8B%E5%BC%A6%E7%9A%84%E6%A0%B7%E5%AD%90%EF%BC%89.png,https://patchwiki.biligame.com/images/rocom/6/68/sqgnlms9lse6u196qh3t2esffja5d9e.png,https://wiki.biligame.com/rocom/%E6%9C%88%E4%BA%AE%E7%A0%A3%EF%BC%88%E4%B8%8B%E5%BC%A6%E7%9A%84%E6%A0%B7%E5%AD%90%EF%BC%89
NO.258,乌达（极夜的样子）,Ⅰ阶,"恶, 冰",地区形态,地区形态,否,NO258_乌达（极夜的样子）.png,/icons/NO258_%E4%B9%8C%E8%BE%BE%EF%BC%88%E6%9E%81%E5%A4%9C%E7%9A%84%E6%A0%B7%E5%AD%90%EF%BC%89.png,https://patchwiki.biligame.com/images/rocom/9/97/slbqspbgefkwhuqq7b908y5x1irgg7i.png,https://wiki.biligame.com/rocom/%E4%B9%8C%E8%BE%BE%EF%BC%88%E6%9E%81%E5%A4%9C%E7%9A%84%E6%A0%B7%E5%AD%90%EF%BC%89
NO.259,迷你乌（极夜的样子）,Ⅱ阶,"恶, 冰",地区形态,地区形态,否,NO259_迷你乌（极夜的样子）.png,/icons/NO259_%E8%BF%B7%E4%BD%A0%E4%B9%8C%EF%BC%88%E6%9E%81%E5%A4%9C%E7%9A%84%E6%A0%B7%E5%AD%90%EF%BC%89.png,https://patchwiki.biligame.com/images/rocom/7/79/oh8iteeptmtlukbmp3fsu3chacsvfte.png,https://wiki.biligame.com/rocom/%E8%BF%B7%E4%BD%A0%E4%B9%8C%EF%BC%88%E6%9E%81%E5%A4%9C%E7%9A%84%E6%A0%B7%E5%AD%90%EF%BC%89
NO.260,乌拉塔（极夜的样子）,最终形态,"恶, 冰",地区形态,地区形态,否,NO260_乌拉塔（极夜的样子）.png,/icons/NO260_%E4%B9%8C%E6%8B%89%E5%A1%94%EF%BC%88%E6%9E%81%E5%A4%9C%E7%9A%84%E6%A0%B7%E5%AD%90%EF%BC%89.png,https://patchwiki.biligame.com/images/rocom/9/9f/d5gtn8k9ptnttbxmlo0pndyiy61wdsu.png,https://wiki.biligame.com/rocom/%E4%B9%8C%E6%8B%89%E5%A1%94%EF%BC%88%E6%9E%81%E5%A4%9C%E7%9A%84%E6%A0%B7%E5%AD%90%EF%BC%89
NO.277,地鼠（储水期的样子）,Ⅰ阶,地,地区形态,地区形态,否,NO277_地鼠（储水期的样子）.png,/icons/NO277_%E5%9C%B0%E9%BC%A0%EF%BC%88%E5%82%A8%E6%B0%B4%E6%9C%9F%E7%9A%84%E6%A0%B7%E5%AD%90%EF%BC%89.png,https://patchwiki.biligame.com/images/rocom/4/44/sdjyac8lioabwpwh099dz4iaq6b7ieu.png,https://wiki.biligame.com/rocom/%E5%9C%B0%E9%BC%A0%EF%BC%88%E5%82%A8%E6%B0%B4%E6%9C%9F%E7%9A%84%E6%A0%B7%E5%AD%90%EF%BC%89
NO.278,遁鼠（储水期的样子）,Ⅱ阶,地,地区形态,地区形态,否,NO278_遁鼠（储水期的样子）.png,/icons/NO278_%E9%81%81%E9%BC%A0%EF%BC%88%E5%82%A8%E6%B0%B4%E6%9C%9F%E7%9A%84%E6%A0%B7%E5%AD%90%EF%BC%89.png,https://patchwiki.biligame.com/images/rocom/d/d7/4c117iym8841789glzncmkfbhp6ozcf.png,https://wiki.biligame.com/rocom/%E9%81%81%E9%BC%A0%EF%BC%88%E5%82%A8%E6%B0%B4%E6%9C%9F%E7%9A%84%E6%A0%B7%E5%AD%90%EF%BC%89
NO.279,遁地鼠（储水期的样子）,最终形态,地,地区形态,地区形态,否,NO279_遁地鼠（储水期的样子）.png,/icons/NO279_%E9%81%81%E5%9C%B0%E9%BC%A0%EF%BC%88%E5%82%A8%E6%B0%B4%E6%9C%9F%E7%9A%84%E6%A0%B7%E5%AD%90%EF%BC%89.png,https://patchwiki.biligame.com/images/rocom/8/8d/495r6poo162fmecxg7e2nhp2qftbwef.png,https://wiki.biligame.com/rocom/%E9%81%81%E5%9C%B0%E9%BC%A0%EF%BC%88%E5%82%A8%E6%B0%B4%E6%9C%9F%E7%9A%84%E6%A0%B7%E5%AD%90%EF%BC%89
NO.004,叶冕魔力猫,最终形态,草,首领形态,首领形态,否,NO004_叶冕魔力猫.png,/icons/NO004_%E5%8F%B6%E5%86%95%E9%AD%94%E5%8A%9B%E7%8C%AB.png,https://patchwiki.biligame.com/images/rocom/2/21/bex2jmtdhmnx0b0j1b1pfcmf5imwzyv.png,https://wiki.biligame.com/rocom/%E5%8F%B6%E5%86%95%E9%AD%94%E5%8A%9B%E7%8C%AB
NO.007,烈火战神,最终形态,火,首领形态,首领形态,否,NO007_烈火战神.png,/icons/NO007_%E7%83%88%E7%81%AB%E6%88%98%E7%A5%9E.png,https://patchwiki.biligame.com/images/rocom/6/6a/hacle5ni5exjxhg13fofbitd0i3xw00.png,https://wiki.biligame.com/rocom/%E7%83%88%E7%81%AB%E6%88%98%E7%A5%9E
NO.010,圣水守护,最终形态,水,首领形态,首领形态,否,NO010_圣水守护.png,/icons/NO010_%E5%9C%A3%E6%B0%B4%E5%AE%88%E6%8A%A4.png,https://patchwiki.biligame.com/images/rocom/f/f5/fzch3e2qtlrly3p0mvgoc4287dgt2gf.png,https://wiki.biligame.com/rocom/%E5%9C%A3%E6%B0%B4%E5%AE%88%E6%8A%A4
NO.011,鸭吉吉国王,最终形态,普通,首领形态,首领形态,否,NO011_鸭吉吉国王.png,/icons/NO011_%E9%B8%AD%E5%90%89%E5%90%89%E5%9B%BD%E7%8E%8B.png,https://patchwiki.biligame.com/images/rocom/9/95/q0mtucowyppqrj7uhrlim51von6qi83.png,https://wiki.biligame.com/rocom/%E9%B8%AD%E5%90%89%E5%90%89%E5%9B%BD%E7%8E%8B
NO.020,霜翼领主,最终形态,翼,首领形态,首领形态,否,NO020_霜翼领主.png,/icons/NO020_%E9%9C%9C%E7%BF%BC%E9%A2%86%E4%B8%BB.png,https://patchwiki.biligame.com/images/rocom/1/15/epj3pmupds3fqc45iw7zisp9s957w62.png,https://wiki.biligame.com/rocom/%E9%9C%9C%E7%BF%BC%E9%A2%86%E4%B8%BB
NO.029,迷嶂布莱克,最终形态,地,首领形态,首领形态,否,NO029_迷嶂布莱克.png,/icons/NO029_%E8%BF%B7%E5%B6%82%E5%B8%83%E8%8E%B1%E5%85%8B.png,https://patchwiki.biligame.com/images/rocom/8/80/dyd0s9we1cd554cbcxlq27vvrgwo8mw.png,https://wiki.biligame.com/rocom/%E8%BF%B7%E5%B6%82%E5%B8%83%E8%8E%B1%E5%85%8B
NO.035,幻影荆棘,最终形态,"幽, 草",首领形态,首领形态,否,NO035_幻影荆棘.png,/icons/NO035_%E5%B9%BB%E5%BD%B1%E8%8D%86%E6%A3%98.png,https://patchwiki.biligame.com/images/rocom/1/1f/bqzxnwv4tgh97jvh40eh3mtgp5kt8h4.png,https://wiki.biligame.com/rocom/%E5%B9%BB%E5%BD%B1%E8%8D%86%E6%A3%98
NO.040,钻石蜗,最终形态,"光, 地",首领形态,首领形态,否,NO040_钻石蜗.png,/icons/NO040_%E9%92%BB%E7%9F%B3%E8%9C%97.png,https://patchwiki.biligame.com/images/rocom/c/c8/379ip1suh21uv2vx5tolxovf9q121a7.png,https://wiki.biligame.com/rocom/%E9%92%BB%E7%9F%B3%E8%9C%97
NO.043,奇丽果,最终形态,草,首领形态,首领形态,是,NO043_奇丽果.png,/icons/NO043_%E5%A5%87%E4%B8%BD%E6%9E%9C.png,https://patchwiki.biligame.com/images/rocom/0/02/34mpv4ti9cwjytjgw6d8wt5q0vn5d86.png,https://wiki.biligame.com/rocom/%E5%A5%87%E4%B8%BD%E6%9E%9C
NO.043,奇丽果（异色）,最终形态,草,首领形态,首领形态,是,NO043_奇丽果（异色）.png,/icons/NO043_%E5%A5%87%E4%B8%BD%E6%9E%9C%EF%BC%88%E5%BC%82%E8%89%B2%EF%BC%89.png,https://patchwiki.biligame.com/images/rocom/7/79/cziwaqzjjs5bxyha6czitqsy3r89lkt.png,https://wiki.biligame.com/rocom/%E5%A5%87%E4%B8%BD%E6%9E%9C
NO.048,风暴战犬,最终形态,火,首领形态,首领形态,否,NO048_风暴战犬.png,/icons/NO048_%E9%A3%8E%E6%9A%B4%E6%88%98%E7%8A%AC.png,https://patchwiki.biligame.com/images/rocom/1/13/a4ia4bjbsmjsr1gjwdtyxhnbqm2w0ib.png,https://wiki.biligame.com/rocom/%E9%A3%8E%E6%9A%B4%E6%88%98%E7%8A%AC
NO.065,蹦蹦果,最终形态,"草, 毒",首领形态,首领形态,否,NO065_蹦蹦果.png,/icons/NO065_%E8%B9%A6%E8%B9%A6%E6%9E%9C.png,https://patchwiki.biligame.com/images/rocom/b/b5/527olq8iiip448chxc6gn3zlzzrso1x.png,https://wiki.biligame.com/rocom/%E8%B9%A6%E8%B9%A6%E6%9E%9C
NO.078,千棘海针,最终形态,"水, 毒",首领形态,首领形态,否,NO078_千棘海针.png,/icons/NO078_%E5%8D%83%E6%A3%98%E6%B5%B7%E9%92%88.png,https://patchwiki.biligame.com/images/rocom/f/f9/pudem6kzv2b7u499vy533jbzhcfis8g.png,https://wiki.biligame.com/rocom/%E5%8D%83%E6%A3%98%E6%B5%B7%E9%92%88
NO.084,女王蜂,最终形态,"虫, 翼",首领形态,首领形态,否,NO084_女王蜂.png,/icons/NO084_%E5%A5%B3%E7%8E%8B%E8%9C%82.png,https://patchwiki.biligame.com/images/rocom/b/b9/ld17fiy8lz2xf36dr203adnux051q7i.png,https://wiki.biligame.com/rocom/%E5%A5%B3%E7%8E%8B%E8%9C%82
NO.110,神谕鲨,最终形态,"水, 翼",首领形态,首领形态,否,NO110_神谕鲨.png,/icons/NO110_%E7%A5%9E%E8%B0%95%E9%B2%A8.png,https://patchwiki.biligame.com/images/rocom/8/87/5os1votqyvev5zau69526mk128ggh29.png,https://wiki.biligame.com/rocom/%E7%A5%9E%E8%B0%95%E9%B2%A8
NO.115,祭礼巨像,最终形态,"地, 幻",首领形态,首领形态,否,NO115_祭礼巨像.png,/icons/NO115_%E7%A5%AD%E7%A4%BC%E5%B7%A8%E5%83%8F.png,https://patchwiki.biligame.com/images/rocom/2/20/2ueygm0fuopiton03rnnqvbe48fv65b.png,https://wiki.biligame.com/rocom/%E7%A5%AD%E7%A4%BC%E5%B7%A8%E5%83%8F
NO.117,彩虹独角兽,最终形态,光,首领形态,首领形态,否,NO117_彩虹独角兽.png,/icons/NO117_%E5%BD%A9%E8%99%B9%E7%8B%AC%E8%A7%92%E5%85%BD.png,https://patchwiki.biligame.com/images/rocom/f/fe/bpf3jqzgjp0t47cqro78txddkoh70b4.png,https://wiki.biligame.com/rocom/%E5%BD%A9%E8%99%B9%E7%8B%AC%E8%A7%92%E5%85%BD
NO.122,黑猫密探,最终形态,普通,首领形态,首领形态,否,NO122_黑猫密探.png,/icons/NO122_%E9%BB%91%E7%8C%AB%E5%AF%86%E6%8E%A2.png,https://patchwiki.biligame.com/images/rocom/5/50/bpobcq4lgfb7e4m0wy3dy5esbqn8hmt.png,https://wiki.biligame.com/rocom/%E9%BB%91%E7%8C%AB%E5%AF%86%E6%8E%A2
NO.131,恶魔狼王,最终形态,恶,首领形态,首领形态,是,NO131_恶魔狼王.png,/icons/NO131_%E6%81%B6%E9%AD%94%E7%8B%BC%E7%8E%8B.png,https://patchwiki.biligame.com/images/rocom/c/cd/1qfkgvqe3ah6vtttso6rmj8eeddxh6u.png,https://wiki.biligame.com/rocom/%E6%81%B6%E9%AD%94%E7%8B%BC%E7%8E%8B
NO.131,恶魔狼王（异色）,最终形态,恶,首领形态,首领形态,是,NO131_恶魔狼王（异色）.png,/icons/NO131_%E6%81%B6%E9%AD%94%E7%8B%BC%E7%8E%8B%EF%BC%88%E5%BC%82%E8%89%B2%EF%BC%89.png,https://patchwiki.biligame.com/images/rocom/c/c6/7mrwqwhqjr4il2erz1eowtz6lnqk83d.png,https://wiki.biligame.com/rocom/%E6%81%B6%E9%AD%94%E7%8B%BC%E7%8E%8B
NO.144,雪影冰灵,最终形态,"冰, 萌",首领形态,首领形态,是,NO144_雪影冰灵.png,/icons/NO144_%E9%9B%AA%E5%BD%B1%E5%86%B0%E7%81%B5.png,https://patchwiki.biligame.com/images/rocom/b/b5/q1m8ksutjvlfrfkjqd3o4hda5mac1es.png,https://wiki.biligame.com/rocom/%E9%9B%AA%E5%BD%B1%E5%86%B0%E7%81%B5
NO.144,雪影冰灵（异色）,最终形态,"冰, 萌",首领形态,首领形态,是,NO144_雪影冰灵（异色）.png,/icons/NO144_%E9%9B%AA%E5%BD%B1%E5%86%B0%E7%81%B5%EF%BC%88%E5%BC%82%E8%89%B2%EF%BC%89.png,https://patchwiki.biligame.com/images/rocom/2/25/80hzxegrgq6vfg04pw28si2qutqsphj.png,https://wiki.biligame.com/rocom/%E9%9B%AA%E5%BD%B1%E5%86%B0%E7%81%B5
NO.192,棋契陛下,最终形态,"武, 地",首领形态,首领形态,否,NO192_棋契陛下.png,/icons/NO192_%E6%A3%8B%E5%A5%91%E9%99%9B%E4%B8%8B.png,https://patchwiki.biligame.com/images/rocom/f/fa/ihoz48rv7tlsoh4um8m4f3fyvk0p56r.png,https://wiki.biligame.com/rocom/%E6%A3%8B%E5%A5%91%E9%99%9B%E4%B8%8B
NO.200,奇梦咪,最终形态,萌,首领形态,首领形态,否,NO200_奇梦咪.png,/icons/NO200_%E5%A5%87%E6%A2%A6%E5%92%AA.png,https://patchwiki.biligame.com/images/rocom/2/2f/avu0fx5ey1z75o1j6o9bnbqle8lxy2b.png,https://wiki.biligame.com/rocom/%E5%A5%87%E6%A2%A6%E5%92%AA
NO.204,伊兰龙,最终形态,龙,首领形态,首领形态,否,NO204_伊兰龙.png,/icons/NO204_%E4%BC%8A%E5%85%B0%E9%BE%99.png,https://patchwiki.biligame.com/images/rocom/0/01/l6x36cg23ukq4oqounv006bosvwuhsd.png,https://wiki.biligame.com/rocom/%E4%BC%8A%E5%85%B0%E9%BE%99
NO.228,波普鹿,最终形态,电,首领形态,首领形态,否,NO228_波普鹿.png,/icons/NO228_%E6%B3%A2%E6%99%AE%E9%B9%BF.png,https://patchwiki.biligame.com/images/rocom/7/71/2javy6283hb35gerbth2ddfy8begopj.png,https://wiki.biligame.com/rocom/%E6%B3%A2%E6%99%AE%E9%B9%BF
NO.286,圣剑骑士,最终形态,机械,首领形态,首领形态,否,NO286_圣剑骑士.png,/icons/NO286_%E5%9C%A3%E5%89%91%E9%AA%91%E5%A3%AB.png,https://patchwiki.biligame.com/images/rocom/d/d7/0r5ms0ty1nonumnkva1hocjqhiiokkb.png,https://wiki.biligame.com/rocom/%E5%9C%A3%E5%89%91%E9%AA%91%E5%A3%AB
